,IsolationForest,LocalOutlierFactor,OneClassSVM
electricity,18.867924528301888,2.4274522784949797,50.00551693699657
splice,0.0,0.0,0.0
vehicle,16.470588235294116,4.705882352941177,50.0
kc1,13.033175355450238,18.95734597156398,48.1042654028436
phoneme,4.995374653098982,4.995374653098982,5.550416281221091
pol,1.685671789786812,12.64253842340109,49.97521070897372
eye_movements,8.820840950639854,7.26691042047532,49.95429616087751
cmc,31.52542372881356,0.0,49.83050847457628
connect-4,0.0,0.0,0.0
