,IsolationForest,LocalOutlierFactor,OneClassSVM
electricity,5.009378792894186,5.009378792894186,4.987311044907867
splice,0.0,0.0,0.0
vehicle,5.294117647058823,5.294117647058823,5.294117647058823
kc1,5.213270142180095,4.265402843601896,14.691943127962084
phoneme,4.995374653098982,4.995374653098982,5.550416281221091
pol,5.007436787307883,5.007436787307883,5.007436787307883
eye_movements,5.027422303473491,5.027422303473491,4.9817184643510055
cmc,5.084745762711865,5.084745762711865,5.084745762711865
connect-4,0.0,0.0,0.0
