,IsolationForest,LocalOutlierFactor,OneClassSVM,ZScore,ModifiedZScore,IQR
electricity,18.867924528301888,2.4274522784949797,50.00551693699657,1.2799293832064438,17.334216043252788,17.720401633013353
splice,0.0,0.0,0.0,0.0,0.0,0.0
vehicle,16.470588235294116,4.705882352941177,50.0,1.1764705882352942,3.5294117647058822,2.3529411764705883
kc1,13.033175355450238,18.95734597156398,48.1042654028436,10.42654028436019,53.317535545023695,33.88625592417062
phoneme,4.995374653098982,4.995374653098982,5.550416281221091,3.2377428307123033,20.999074930619795,23.034227567067532
pol,1.685671789786812,12.64253842340109,49.97521070897372,35.399107585523055,100.0,89.63807635101637
eye_movements,8.820840950639854,7.26691042047532,49.95429616087751,19.69835466179159,73.76599634369288,57.86106032906764
cmc,31.52542372881356,0.0,49.83050847457628,0.6779661016949152,0.0,1.3559322033898304
connect-4,0.0,0.0,0.0,0.0,0.0,0.0
