dataset,model,detector,treatment,run,fold,score
Bank_Customer_Churn_Dataset,mlp_deep,None,remove,0,0,0.8421875
Bank_Customer_Churn_Dataset,mlp_deep,None,remove,0,1,0.8671875
Bank_Customer_Churn_Dataset,mlp_deep,None,remove,0,2,0.84375
Bank_Customer_Churn_Dataset,mlp_deep,None,remove,0,3,0.85
Bank_Customer_Churn_Dataset,mlp_deep,None,remove,0,4,0.8390625
Bank_Customer_Churn_Dataset,mlp_deep,None,remove,0,5,0.8453125
Bank_Customer_Churn_Dataset,mlp_deep,None,remove,0,6,0.83125
Bank_Customer_Churn_Dataset,mlp_deep,None,remove,0,7,0.834375
Bank_Customer_Churn_Dataset,mlp_deep,None,remove,0,8,0.846875
Bank_Customer_Churn_Dataset,mlp_deep,None,remove,0,9,0.8671875
Bank_Customer_Churn_Dataset,mlp_deep,None,remove,1,0,0.8484375
Bank_Customer_Churn_Dataset,mlp_deep,None,remove,1,1,0.834375
Bank_Customer_Churn_Dataset,mlp_deep,None,remove,1,2,0.85
Bank_Customer_Churn_Dataset,mlp_deep,None,remove,1,3,0.8421875
Bank_Customer_Churn_Dataset,mlp_deep,None,remove,1,4,0.88125
Bank_Customer_Churn_Dataset,mlp_deep,None,remove,1,5,0.8296875
Bank_Customer_Churn_Dataset,mlp_deep,None,remove,1,6,0.8609375
Bank_Customer_Churn_Dataset,mlp_deep,None,remove,1,7,0.81875
Bank_Customer_Churn_Dataset,mlp_deep,None,remove,1,8,0.8421875
Bank_Customer_Churn_Dataset,mlp_deep,None,remove,1,9,0.865625
Bank_Customer_Churn_Dataset,mlp_deep,None,remove,2,0,0.8515625
Bank_Customer_Churn_Dataset,mlp_deep,None,remove,2,1,0.8484375
Bank_Customer_Churn_Dataset,mlp_deep,None,remove,2,2,0.853125
Bank_Customer_Churn_Dataset,mlp_deep,None,remove,2,3,0.871875
Bank_Customer_Churn_Dataset,mlp_deep,None,remove,2,4,0.8328125
Bank_Customer_Churn_Dataset,mlp_deep,None,remove,2,5,0.8234375
Bank_Customer_Churn_Dataset,mlp_deep,None,remove,2,6,0.85625
Bank_Customer_Churn_Dataset,mlp_deep,None,remove,2,7,0.8234375
Bank_Customer_Churn_Dataset,mlp_deep,None,remove,2,8,0.85625
Bank_Customer_Churn_Dataset,mlp_deep,None,remove,2,9,0.83125
Bank_Customer_Churn_Dataset,mlp_deep,ZScore,remove,0,0,0.8515625
Bank_Customer_Churn_Dataset,mlp_deep,ZScore,remove,0,1,0.865625
Bank_Customer_Churn_Dataset,mlp_deep,ZScore,remove,0,2,0.8390625
Bank_Customer_Churn_Dataset,mlp_deep,ZScore,remove,0,3,0.840625
Bank_Customer_Churn_Dataset,mlp_deep,ZScore,remove,0,4,0.825
Bank_Customer_Churn_Dataset,mlp_deep,ZScore,remove,0,5,0.840625
Bank_Customer_Churn_Dataset,mlp_deep,ZScore,remove,0,6,0.8203125
Bank_Customer_Churn_Dataset,mlp_deep,ZScore,remove,0,7,0.821875
Bank_Customer_Churn_Dataset,mlp_deep,ZScore,remove,0,8,0.8515625
Bank_Customer_Churn_Dataset,mlp_deep,ZScore,remove,0,9,0.8421875
Bank_Customer_Churn_Dataset,mlp_deep,ZScore,remove,1,0,0.8484375
Bank_Customer_Churn_Dataset,mlp_deep,ZScore,remove,1,1,0.8421875
Bank_Customer_Churn_Dataset,mlp_deep,ZScore,remove,1,2,0.8484375
Bank_Customer_Churn_Dataset,mlp_deep,ZScore,remove,1,3,0.8296875
Bank_Customer_Churn_Dataset,mlp_deep,ZScore,remove,1,4,0.875
Bank_Customer_Churn_Dataset,mlp_deep,ZScore,remove,1,5,0.81875
Bank_Customer_Churn_Dataset,mlp_deep,ZScore,remove,1,6,0.8578125
Bank_Customer_Churn_Dataset,mlp_deep,ZScore,remove,1,7,0.8109375
Bank_Customer_Churn_Dataset,mlp_deep,ZScore,remove,1,8,0.8484375
Bank_Customer_Churn_Dataset,mlp_deep,ZScore,remove,1,9,0.8625
Bank_Customer_Churn_Dataset,mlp_deep,ZScore,remove,2,0,0.8453125
Bank_Customer_Churn_Dataset,mlp_deep,ZScore,remove,2,1,0.8390625
Bank_Customer_Churn_Dataset,mlp_deep,ZScore,remove,2,2,0.853125
Bank_Customer_Churn_Dataset,mlp_deep,ZScore,remove,2,3,0.875
Bank_Customer_Churn_Dataset,mlp_deep,ZScore,remove,2,4,0.828125
Bank_Customer_Churn_Dataset,mlp_deep,ZScore,remove,2,5,0.8234375
Bank_Customer_Churn_Dataset,mlp_deep,ZScore,remove,2,6,0.8390625
Bank_Customer_Churn_Dataset,mlp_deep,ZScore,remove,2,7,0.84375
Bank_Customer_Churn_Dataset,mlp_deep,ZScore,remove,2,8,0.8453125
Bank_Customer_Churn_Dataset,mlp_deep,ZScore,remove,2,9,0.8453125
Bank_Customer_Churn_Dataset,mlp_deep,ZScore,clip,0,0,0.834375
Bank_Customer_Churn_Dataset,mlp_deep,ZScore,clip,0,1,0.8671875
Bank_Customer_Churn_Dataset,mlp_deep,ZScore,clip,0,2,0.83125
Bank_Customer_Churn_Dataset,mlp_deep,ZScore,clip,0,3,0.85
Bank_Customer_Churn_Dataset,mlp_deep,ZScore,clip,0,4,0.83125
Bank_Customer_Churn_Dataset,mlp_deep,ZScore,clip,0,5,0.840625
Bank_Customer_Churn_Dataset,mlp_deep,ZScore,clip,0,6,0.8359375
Bank_Customer_Churn_Dataset,mlp_deep,ZScore,clip,0,7,0.8359375
Bank_Customer_Churn_Dataset,mlp_deep,ZScore,clip,0,8,0.8484375
Bank_Customer_Churn_Dataset,mlp_deep,ZScore,clip,0,9,0.865625
Bank_Customer_Churn_Dataset,mlp_deep,ZScore,clip,1,0,0.8453125
Bank_Customer_Churn_Dataset,mlp_deep,ZScore,clip,1,1,0.8390625
Bank_Customer_Churn_Dataset,mlp_deep,ZScore,clip,1,2,0.8421875
Bank_Customer_Churn_Dataset,mlp_deep,ZScore,clip,1,3,0.853125
Bank_Customer_Churn_Dataset,mlp_deep,ZScore,clip,1,4,0.88125
Bank_Customer_Churn_Dataset,mlp_deep,ZScore,clip,1,5,0.8375
Bank_Customer_Churn_Dataset,mlp_deep,ZScore,clip,1,6,0.86875
Bank_Customer_Churn_Dataset,mlp_deep,ZScore,clip,1,7,0.821875
Bank_Customer_Churn_Dataset,mlp_deep,ZScore,clip,1,8,0.871875
Bank_Customer_Churn_Dataset,mlp_deep,ZScore,clip,1,9,0.8640625
Bank_Customer_Churn_Dataset,mlp_deep,ZScore,clip,2,0,0.84375
Bank_Customer_Churn_Dataset,mlp_deep,ZScore,clip,2,1,0.8453125
Bank_Customer_Churn_Dataset,mlp_deep,ZScore,clip,2,2,0.846875
Bank_Customer_Churn_Dataset,mlp_deep,ZScore,clip,2,3,0.8578125
Bank_Customer_Churn_Dataset,mlp_deep,ZScore,clip,2,4,0.8296875
Bank_Customer_Churn_Dataset,mlp_deep,ZScore,clip,2,5,0.825
Bank_Customer_Churn_Dataset,mlp_deep,ZScore,clip,2,6,0.8546875
Bank_Customer_Churn_Dataset,mlp_deep,ZScore,clip,2,7,0.8375
Bank_Customer_Churn_Dataset,mlp_deep,ZScore,clip,2,8,0.8625
Bank_Customer_Churn_Dataset,mlp_deep,ZScore,clip,2,9,0.8453125
Bank_Customer_Churn_Dataset,mlp_deep,Percentile,remove,0,0,0.8203125
Bank_Customer_Churn_Dataset,mlp_deep,Percentile,remove,0,1,0.8109375
Bank_Customer_Churn_Dataset,mlp_deep,Percentile,remove,0,2,0.8078125
Bank_Customer_Churn_Dataset,mlp_deep,Percentile,remove,0,3,0.8109375
Bank_Customer_Churn_Dataset,mlp_deep,Percentile,remove,0,4,0.8078125
Bank_Customer_Churn_Dataset,mlp_deep,Percentile,remove,0,5,0.8015625
Bank_Customer_Churn_Dataset,mlp_deep,Percentile,remove,0,6,0.8
Bank_Customer_Churn_Dataset,mlp_deep,Percentile,remove,0,7,0.8171875
Bank_Customer_Churn_Dataset,mlp_deep,Percentile,remove,0,8,0.809375
Bank_Customer_Churn_Dataset,mlp_deep,Percentile,remove,0,9,0.8359375
Bank_Customer_Churn_Dataset,mlp_deep,Percentile,remove,1,0,0.8015625
Bank_Customer_Churn_Dataset,mlp_deep,Percentile,remove,1,1,0.796875
Bank_Customer_Churn_Dataset,mlp_deep,Percentile,remove,1,2,0.8109375
Bank_Customer_Churn_Dataset,mlp_deep,Percentile,remove,1,3,0.8234375
Bank_Customer_Churn_Dataset,mlp_deep,Percentile,remove,1,4,0.846875
Bank_Customer_Churn_Dataset,mlp_deep,Percentile,remove,1,5,0.7953125
Bank_Customer_Churn_Dataset,mlp_deep,Percentile,remove,1,6,0.8359375
Bank_Customer_Churn_Dataset,mlp_deep,Percentile,remove,1,7,0.740625
Bank_Customer_Churn_Dataset,mlp_deep,Percentile,remove,1,8,0.790625
Bank_Customer_Churn_Dataset,mlp_deep,Percentile,remove,1,9,0.8125
Bank_Customer_Churn_Dataset,mlp_deep,Percentile,remove,2,0,0.8125
Bank_Customer_Churn_Dataset,mlp_deep,Percentile,remove,2,1,0.815625
Bank_Customer_Churn_Dataset,mlp_deep,Percentile,remove,2,2,0.79375
Bank_Customer_Churn_Dataset,mlp_deep,Percentile,remove,2,3,0.834375
Bank_Customer_Churn_Dataset,mlp_deep,Percentile,remove,2,4,0.7859375
Bank_Customer_Churn_Dataset,mlp_deep,Percentile,remove,2,5,0.8078125
Bank_Customer_Churn_Dataset,mlp_deep,Percentile,remove,2,6,0.8140625
Bank_Customer_Churn_Dataset,mlp_deep,Percentile,remove,2,7,0.8046875
Bank_Customer_Churn_Dataset,mlp_deep,Percentile,remove,2,8,0.7828125
Bank_Customer_Churn_Dataset,mlp_deep,Percentile,remove,2,9,0.8
Bank_Customer_Churn_Dataset,mlp_deep,Percentile,clip,0,0,0.8265625
Bank_Customer_Churn_Dataset,mlp_deep,Percentile,clip,0,1,0.8375
Bank_Customer_Churn_Dataset,mlp_deep,Percentile,clip,0,2,0.821875
Bank_Customer_Churn_Dataset,mlp_deep,Percentile,clip,0,3,0.81875
Bank_Customer_Churn_Dataset,mlp_deep,Percentile,clip,0,4,0.8140625
Bank_Customer_Churn_Dataset,mlp_deep,Percentile,clip,0,5,0.8140625
Bank_Customer_Churn_Dataset,mlp_deep,Percentile,clip,0,6,0.8125
Bank_Customer_Churn_Dataset,mlp_deep,Percentile,clip,0,7,0.83125
Bank_Customer_Churn_Dataset,mlp_deep,Percentile,clip,0,8,0.8359375
Bank_Customer_Churn_Dataset,mlp_deep,Percentile,clip,0,9,0.846875
Bank_Customer_Churn_Dataset,mlp_deep,Percentile,clip,1,0,0.85
Bank_Customer_Churn_Dataset,mlp_deep,Percentile,clip,1,1,0.8234375
Bank_Customer_Churn_Dataset,mlp_deep,Percentile,clip,1,2,0.8296875
Bank_Customer_Churn_Dataset,mlp_deep,Percentile,clip,1,3,0.809375
Bank_Customer_Churn_Dataset,mlp_deep,Percentile,clip,1,4,0.8640625
Bank_Customer_Churn_Dataset,mlp_deep,Percentile,clip,1,5,0.796875
Bank_Customer_Churn_Dataset,mlp_deep,Percentile,clip,1,6,0.85625
Bank_Customer_Churn_Dataset,mlp_deep,Percentile,clip,1,7,0.790625
Bank_Customer_Churn_Dataset,mlp_deep,Percentile,clip,1,8,0.8125
Bank_Customer_Churn_Dataset,mlp_deep,Percentile,clip,1,9,0.8484375
Bank_Customer_Churn_Dataset,mlp_deep,Percentile,clip,2,0,0.815625
Bank_Customer_Churn_Dataset,mlp_deep,Percentile,clip,2,1,0.840625
Bank_Customer_Churn_Dataset,mlp_deep,Percentile,clip,2,2,0.815625
Bank_Customer_Churn_Dataset,mlp_deep,Percentile,clip,2,3,0.840625
Bank_Customer_Churn_Dataset,mlp_deep,Percentile,clip,2,4,0.815625
Bank_Customer_Churn_Dataset,mlp_deep,Percentile,clip,2,5,0.815625
Bank_Customer_Churn_Dataset,mlp_deep,Percentile,clip,2,6,0.8390625
Bank_Customer_Churn_Dataset,mlp_deep,Percentile,clip,2,7,0.81875
Bank_Customer_Churn_Dataset,mlp_deep,Percentile,clip,2,8,0.8234375
Bank_Customer_Churn_Dataset,mlp_deep,Percentile,clip,2,9,0.821875
Bank_Customer_Churn_Dataset,mlp_deep,IsolationForest,remove,0,0,0.85
Bank_Customer_Churn_Dataset,mlp_deep,IsolationForest,remove,0,1,0.878125
Bank_Customer_Churn_Dataset,mlp_deep,IsolationForest,remove,0,2,0.8328125
Bank_Customer_Churn_Dataset,mlp_deep,IsolationForest,remove,0,3,0.8453125
Bank_Customer_Churn_Dataset,mlp_deep,IsolationForest,remove,0,4,0.8265625
Bank_Customer_Churn_Dataset,mlp_deep,IsolationForest,remove,0,5,0.85
Bank_Customer_Churn_Dataset,mlp_deep,IsolationForest,remove,0,6,0.8375
Bank_Customer_Churn_Dataset,mlp_deep,IsolationForest,remove,0,7,0.8375
Bank_Customer_Churn_Dataset,mlp_deep,IsolationForest,remove,0,8,0.8515625
Bank_Customer_Churn_Dataset,mlp_deep,IsolationForest,remove,0,9,0.8484375
Bank_Customer_Churn_Dataset,mlp_deep,IsolationForest,remove,1,0,0.840625
Bank_Customer_Churn_Dataset,mlp_deep,IsolationForest,remove,1,1,0.85
Bank_Customer_Churn_Dataset,mlp_deep,IsolationForest,remove,1,2,0.8453125
Bank_Customer_Churn_Dataset,mlp_deep,IsolationForest,remove,1,3,0.834375
Bank_Customer_Churn_Dataset,mlp_deep,IsolationForest,remove,1,4,0.86875
Bank_Customer_Churn_Dataset,mlp_deep,IsolationForest,remove,1,5,0.8078125
Bank_Customer_Churn_Dataset,mlp_deep,IsolationForest,remove,1,6,0.859375
Bank_Customer_Churn_Dataset,mlp_deep,IsolationForest,remove,1,7,0.78125
Bank_Customer_Churn_Dataset,mlp_deep,IsolationForest,remove,1,8,0.846875
Bank_Customer_Churn_Dataset,mlp_deep,IsolationForest,remove,1,9,0.8640625
Bank_Customer_Churn_Dataset,mlp_deep,IsolationForest,remove,2,0,0.8234375
Bank_Customer_Churn_Dataset,mlp_deep,IsolationForest,remove,2,1,0.8453125
Bank_Customer_Churn_Dataset,mlp_deep,IsolationForest,remove,2,2,0.8484375
Bank_Customer_Churn_Dataset,mlp_deep,IsolationForest,remove,2,3,0.8453125
Bank_Customer_Churn_Dataset,mlp_deep,IsolationForest,remove,2,4,0.8359375
Bank_Customer_Churn_Dataset,mlp_deep,IsolationForest,remove,2,5,0.8265625
Bank_Customer_Churn_Dataset,mlp_deep,IsolationForest,remove,2,6,0.8453125
Bank_Customer_Churn_Dataset,mlp_deep,IsolationForest,remove,2,7,0.834375
Bank_Customer_Churn_Dataset,mlp_deep,IsolationForest,remove,2,8,0.8484375
Bank_Customer_Churn_Dataset,mlp_deep,IsolationForest,remove,2,9,0.846875
Bank_Customer_Churn_Dataset,mlp_deep,LOF,remove,0,0,0.8515625
Bank_Customer_Churn_Dataset,mlp_deep,LOF,remove,0,1,0.8703125
Bank_Customer_Churn_Dataset,mlp_deep,LOF,remove,0,2,0.8375
Bank_Customer_Churn_Dataset,mlp_deep,LOF,remove,0,3,0.8515625
Bank_Customer_Churn_Dataset,mlp_deep,LOF,remove,0,4,0.8421875
Bank_Customer_Churn_Dataset,mlp_deep,LOF,remove,0,5,0.840625
Bank_Customer_Churn_Dataset,mlp_deep,LOF,remove,0,6,0.8296875
Bank_Customer_Churn_Dataset,mlp_deep,LOF,remove,0,7,0.85625
Bank_Customer_Churn_Dataset,mlp_deep,LOF,remove,0,8,0.859375
Bank_Customer_Churn_Dataset,mlp_deep,LOF,remove,0,9,0.85
Bank_Customer_Churn_Dataset,mlp_deep,LOF,remove,1,0,0.846875
Bank_Customer_Churn_Dataset,mlp_deep,LOF,remove,1,1,0.840625
Bank_Customer_Churn_Dataset,mlp_deep,LOF,remove,1,2,0.84375
Bank_Customer_Churn_Dataset,mlp_deep,LOF,remove,1,3,0.825
Bank_Customer_Churn_Dataset,mlp_deep,LOF,remove,1,4,0.86875
Bank_Customer_Churn_Dataset,mlp_deep,LOF,remove,1,5,0.834375
Bank_Customer_Churn_Dataset,mlp_deep,LOF,remove,1,6,0.8703125
Bank_Customer_Churn_Dataset,mlp_deep,LOF,remove,1,7,0.796875
Bank_Customer_Churn_Dataset,mlp_deep,LOF,remove,1,8,0.85
Bank_Customer_Churn_Dataset,mlp_deep,LOF,remove,1,9,0.859375
Bank_Customer_Churn_Dataset,mlp_deep,LOF,remove,2,0,0.85625
Bank_Customer_Churn_Dataset,mlp_deep,LOF,remove,2,1,0.853125
Bank_Customer_Churn_Dataset,mlp_deep,LOF,remove,2,2,0.8578125
Bank_Customer_Churn_Dataset,mlp_deep,LOF,remove,2,3,0.8703125
Bank_Customer_Churn_Dataset,mlp_deep,LOF,remove,2,4,0.8265625
Bank_Customer_Churn_Dataset,mlp_deep,LOF,remove,2,5,0.8328125
Bank_Customer_Churn_Dataset,mlp_deep,LOF,remove,2,6,0.846875
Bank_Customer_Churn_Dataset,mlp_deep,LOF,remove,2,7,0.8546875
Bank_Customer_Churn_Dataset,mlp_deep,LOF,remove,2,8,0.8453125
Bank_Customer_Churn_Dataset,mlp_deep,LOF,remove,2,9,0.85
Bank_Customer_Churn_Dataset,mlp_deep,Autoencoder,remove,0,0,0.840625
Bank_Customer_Churn_Dataset,mlp_deep,Autoencoder,remove,0,1,0.85625
Bank_Customer_Churn_Dataset,mlp_deep,Autoencoder,remove,0,2,0.8390625
Bank_Customer_Churn_Dataset,mlp_deep,Autoencoder,remove,0,3,0.84375
Bank_Customer_Churn_Dataset,mlp_deep,Autoencoder,remove,0,4,0.8484375
Bank_Customer_Churn_Dataset,mlp_deep,Autoencoder,remove,0,5,0.8640625
Bank_Customer_Churn_Dataset,mlp_deep,Autoencoder,remove,0,6,0.8296875
Bank_Customer_Churn_Dataset,mlp_deep,Autoencoder,remove,0,7,0.8515625
Bank_Customer_Churn_Dataset,mlp_deep,Autoencoder,remove,0,8,0.8390625
Bank_Customer_Churn_Dataset,mlp_deep,Autoencoder,remove,0,9,0.8671875
Bank_Customer_Churn_Dataset,mlp_deep,Autoencoder,remove,1,0,0.8515625
Bank_Customer_Churn_Dataset,mlp_deep,Autoencoder,remove,1,1,0.846875
Bank_Customer_Churn_Dataset,mlp_deep,Autoencoder,remove,1,2,0.8390625
Bank_Customer_Churn_Dataset,mlp_deep,Autoencoder,remove,1,3,0.8484375
Bank_Customer_Churn_Dataset,mlp_deep,Autoencoder,remove,1,4,0.8796875
Bank_Customer_Churn_Dataset,mlp_deep,Autoencoder,remove,1,5,0.825
Bank_Customer_Churn_Dataset,mlp_deep,Autoencoder,remove,1,6,0.8703125
Bank_Customer_Churn_Dataset,mlp_deep,Autoencoder,remove,1,7,0.7953125
Bank_Customer_Churn_Dataset,mlp_deep,Autoencoder,remove,1,8,0.8546875
Bank_Customer_Churn_Dataset,mlp_deep,Autoencoder,remove,1,9,0.8671875
Bank_Customer_Churn_Dataset,mlp_deep,Autoencoder,remove,2,0,0.85
Bank_Customer_Churn_Dataset,mlp_deep,Autoencoder,remove,2,1,0.8484375
Bank_Customer_Churn_Dataset,mlp_deep,Autoencoder,remove,2,2,0.8453125
Bank_Customer_Churn_Dataset,mlp_deep,Autoencoder,remove,2,3,0.84375
Bank_Customer_Churn_Dataset,mlp_deep,Autoencoder,remove,2,4,0.8265625
Bank_Customer_Churn_Dataset,mlp_deep,Autoencoder,remove,2,5,0.8296875
Bank_Customer_Churn_Dataset,mlp_deep,Autoencoder,remove,2,6,0.84375
Bank_Customer_Churn_Dataset,mlp_deep,Autoencoder,remove,2,7,0.846875
Bank_Customer_Churn_Dataset,mlp_deep,Autoencoder,remove,2,8,0.8609375
Bank_Customer_Churn_Dataset,mlp_deep,Autoencoder,remove,2,9,0.859375
cmc,mlp_deep,None,remove,0,0,0.5473684210526316
cmc,mlp_deep,None,remove,0,1,0.5052631578947369
cmc,mlp_deep,None,remove,0,2,0.5425531914893617
cmc,mlp_deep,None,remove,0,3,0.5319148936170213
cmc,mlp_deep,None,remove,0,4,0.5531914893617021
cmc,mlp_deep,None,remove,0,5,0.6063829787234043
cmc,mlp_deep,None,remove,0,6,0.5106382978723404
cmc,mlp_deep,None,remove,0,7,0.5957446808510638
cmc,mlp_deep,None,remove,0,8,0.5106382978723404
cmc,mlp_deep,None,remove,0,9,0.5957446808510638
cmc,mlp_deep,None,remove,1,0,0.5578947368421052
cmc,mlp_deep,None,remove,1,1,0.5789473684210527
cmc,mlp_deep,None,remove,1,2,0.5851063829787234
cmc,mlp_deep,None,remove,1,3,0.6170212765957447
cmc,mlp_deep,None,remove,1,4,0.5425531914893617
cmc,mlp_deep,None,remove,1,5,0.5531914893617021
cmc,mlp_deep,None,remove,1,6,0.5212765957446809
cmc,mlp_deep,None,remove,1,7,0.6276595744680851
cmc,mlp_deep,None,remove,1,8,0.5106382978723404
cmc,mlp_deep,None,remove,1,9,0.4574468085106383
cmc,mlp_deep,None,remove,2,0,0.5578947368421052
cmc,mlp_deep,None,remove,2,1,0.5473684210526316
cmc,mlp_deep,None,remove,2,2,0.48936170212765956
cmc,mlp_deep,None,remove,2,3,0.5425531914893617
cmc,mlp_deep,None,remove,2,4,0.48936170212765956
cmc,mlp_deep,None,remove,2,5,0.5638297872340425
cmc,mlp_deep,None,remove,2,6,0.5106382978723404
cmc,mlp_deep,None,remove,2,7,0.5319148936170213
cmc,mlp_deep,None,remove,2,8,0.6063829787234043
cmc,mlp_deep,None,remove,2,9,0.6063829787234043
cmc,mlp_deep,ZScore,remove,0,0,0.5157894736842106
cmc,mlp_deep,ZScore,remove,0,1,0.4631578947368421
cmc,mlp_deep,ZScore,remove,0,2,0.5
cmc,mlp_deep,ZScore,remove,0,3,0.5
cmc,mlp_deep,ZScore,remove,0,4,0.5851063829787234
cmc,mlp_deep,ZScore,remove,0,5,0.6702127659574468
cmc,mlp_deep,ZScore,remove,0,6,0.5
cmc,mlp_deep,ZScore,remove,0,7,0.5531914893617021
cmc,mlp_deep,ZScore,remove,0,8,0.5
cmc,mlp_deep,ZScore,remove,0,9,0.6276595744680851
cmc,mlp_deep,ZScore,remove,1,0,0.5578947368421052
cmc,mlp_deep,ZScore,remove,1,1,0.6105263157894737
cmc,mlp_deep,ZScore,remove,1,2,0.6595744680851063
cmc,mlp_deep,ZScore,remove,1,3,0.5319148936170213
cmc,mlp_deep,ZScore,remove,1,4,0.44680851063829785
cmc,mlp_deep,ZScore,remove,1,5,0.5
cmc,mlp_deep,ZScore,remove,1,6,0.5319148936170213
cmc,mlp_deep,ZScore,remove,1,7,0.6063829787234043
cmc,mlp_deep,ZScore,remove,1,8,0.5319148936170213
cmc,mlp_deep,ZScore,remove,1,9,0.43617021276595747
cmc,mlp_deep,ZScore,remove,2,0,0.5368421052631579
cmc,mlp_deep,ZScore,remove,2,1,0.5157894736842106
cmc,mlp_deep,ZScore,remove,2,2,0.4148936170212766
cmc,mlp_deep,ZScore,remove,2,3,0.5319148936170213
cmc,mlp_deep,ZScore,remove,2,4,0.5319148936170213
cmc,mlp_deep,ZScore,remove,2,5,0.5638297872340425
cmc,mlp_deep,ZScore,remove,2,6,0.39361702127659576
cmc,mlp_deep,ZScore,remove,2,7,0.574468085106383
cmc,mlp_deep,ZScore,remove,2,8,0.5638297872340425
cmc,mlp_deep,ZScore,remove,2,9,0.5638297872340425
cmc,mlp_deep,ZScore,clip,0,0,0.5473684210526316
cmc,mlp_deep,ZScore,clip,0,1,0.5052631578947369
cmc,mlp_deep,ZScore,clip,0,2,0.5425531914893617
cmc,mlp_deep,ZScore,clip,0,3,0.5319148936170213
cmc,mlp_deep,ZScore,clip,0,4,0.5531914893617021
cmc,mlp_deep,ZScore,clip,0,5,0.6063829787234043
cmc,mlp_deep,ZScore,clip,0,6,0.5106382978723404
cmc,mlp_deep,ZScore,clip,0,7,0.5957446808510638
cmc,mlp_deep,ZScore,clip,0,8,0.5106382978723404
cmc,mlp_deep,ZScore,clip,0,9,0.5957446808510638
cmc,mlp_deep,ZScore,clip,1,0,0.5578947368421052
cmc,mlp_deep,ZScore,clip,1,1,0.5789473684210527
cmc,mlp_deep,ZScore,clip,1,2,0.5851063829787234
cmc,mlp_deep,ZScore,clip,1,3,0.6170212765957447
cmc,mlp_deep,ZScore,clip,1,4,0.5425531914893617
cmc,mlp_deep,ZScore,clip,1,5,0.5531914893617021
cmc,mlp_deep,ZScore,clip,1,6,0.5212765957446809
cmc,mlp_deep,ZScore,clip,1,7,0.6276595744680851
cmc,mlp_deep,ZScore,clip,1,8,0.5106382978723404
cmc,mlp_deep,ZScore,clip,1,9,0.4574468085106383
cmc,mlp_deep,ZScore,clip,2,0,0.5578947368421052
cmc,mlp_deep,ZScore,clip,2,1,0.5473684210526316
cmc,mlp_deep,ZScore,clip,2,2,0.48936170212765956
cmc,mlp_deep,ZScore,clip,2,3,0.5425531914893617
cmc,mlp_deep,ZScore,clip,2,4,0.48936170212765956
cmc,mlp_deep,ZScore,clip,2,5,0.5638297872340425
cmc,mlp_deep,ZScore,clip,2,6,0.5106382978723404
cmc,mlp_deep,ZScore,clip,2,7,0.5319148936170213
cmc,mlp_deep,ZScore,clip,2,8,0.6063829787234043
cmc,mlp_deep,ZScore,clip,2,9,0.6063829787234043
cmc,mlp_deep,Percentile,remove,0,0,0.5473684210526316
cmc,mlp_deep,Percentile,remove,0,1,0.4842105263157895
cmc,mlp_deep,Percentile,remove,0,2,0.5638297872340425
cmc,mlp_deep,Percentile,remove,0,3,0.5319148936170213
cmc,mlp_deep,Percentile,remove,0,4,0.5638297872340425
cmc,mlp_deep,Percentile,remove,0,5,0.6170212765957447
cmc,mlp_deep,Percentile,remove,0,6,0.5319148936170213
cmc,mlp_deep,Percentile,remove,0,7,0.5638297872340425
cmc,mlp_deep,Percentile,remove,0,8,0.5212765957446809
cmc,mlp_deep,Percentile,remove,0,9,0.6276595744680851
cmc,mlp_deep,Percentile,remove,1,0,0.5473684210526316
cmc,mlp_deep,Percentile,remove,1,1,0.631578947368421
cmc,mlp_deep,Percentile,remove,1,2,0.574468085106383
cmc,mlp_deep,Percentile,remove,1,3,0.5851063829787234
cmc,mlp_deep,Percentile,remove,1,4,0.5212765957446809
cmc,mlp_deep,Percentile,remove,1,5,0.5638297872340425
cmc,mlp_deep,Percentile,remove,1,6,0.48936170212765956
cmc,mlp_deep,Percentile,remove,1,7,0.6276595744680851
cmc,mlp_deep,Percentile,remove,1,8,0.5531914893617021
cmc,mlp_deep,Percentile,remove,1,9,0.425531914893617
cmc,mlp_deep,Percentile,remove,2,0,0.5368421052631579
cmc,mlp_deep,Percentile,remove,2,1,0.631578947368421
cmc,mlp_deep,Percentile,remove,2,2,0.5851063829787234
cmc,mlp_deep,Percentile,remove,2,3,0.5531914893617021
cmc,mlp_deep,Percentile,remove,2,4,0.4148936170212766
cmc,mlp_deep,Percentile,remove,2,5,0.5531914893617021
cmc,mlp_deep,Percentile,remove,2,6,0.5
cmc,mlp_deep,Percentile,remove,2,7,0.5531914893617021
cmc,mlp_deep,Percentile,remove,2,8,0.5319148936170213
cmc,mlp_deep,Percentile,remove,2,9,0.5957446808510638
cmc,mlp_deep,Percentile,clip,0,0,0.5368421052631579
cmc,mlp_deep,Percentile,clip,0,1,0.49473684210526314
cmc,mlp_deep,Percentile,clip,0,2,0.5212765957446809
cmc,mlp_deep,Percentile,clip,0,3,0.5319148936170213
cmc,mlp_deep,Percentile,clip,0,4,0.5531914893617021
cmc,mlp_deep,Percentile,clip,0,5,0.6063829787234043
cmc,mlp_deep,Percentile,clip,0,6,0.5
cmc,mlp_deep,Percentile,clip,0,7,0.5957446808510638
cmc,mlp_deep,Percentile,clip,0,8,0.5106382978723404
cmc,mlp_deep,Percentile,clip,0,9,0.6170212765957447
cmc,mlp_deep,Percentile,clip,1,0,0.5368421052631579
cmc,mlp_deep,Percentile,clip,1,1,0.5684210526315789
cmc,mlp_deep,Percentile,clip,1,2,0.6276595744680851
cmc,mlp_deep,Percentile,clip,1,3,0.5957446808510638
cmc,mlp_deep,Percentile,clip,1,4,0.5212765957446809
cmc,mlp_deep,Percentile,clip,1,5,0.5319148936170213
cmc,mlp_deep,Percentile,clip,1,6,0.5212765957446809
cmc,mlp_deep,Percentile,clip,1,7,0.6276595744680851
cmc,mlp_deep,Percentile,clip,1,8,0.44680851063829785
cmc,mlp_deep,Percentile,clip,1,9,0.46808510638297873
cmc,mlp_deep,Percentile,clip,2,0,0.5473684210526316
cmc,mlp_deep,Percentile,clip,2,1,0.5684210526315789
cmc,mlp_deep,Percentile,clip,2,2,0.5212765957446809
cmc,mlp_deep,Percentile,clip,2,3,0.5531914893617021
cmc,mlp_deep,Percentile,clip,2,4,0.5
cmc,mlp_deep,Percentile,clip,2,5,0.574468085106383
cmc,mlp_deep,Percentile,clip,2,6,0.5319148936170213
cmc,mlp_deep,Percentile,clip,2,7,0.5319148936170213
cmc,mlp_deep,Percentile,clip,2,8,0.5425531914893617
cmc,mlp_deep,Percentile,clip,2,9,0.6170212765957447
cmc,mlp_deep,IsolationForest,remove,0,0,0.5263157894736842
cmc,mlp_deep,IsolationForest,remove,0,1,0.5052631578947369
cmc,mlp_deep,IsolationForest,remove,0,2,0.5212765957446809
cmc,mlp_deep,IsolationForest,remove,0,3,0.5319148936170213
cmc,mlp_deep,IsolationForest,remove,0,4,0.6063829787234043
cmc,mlp_deep,IsolationForest,remove,0,5,0.5957446808510638
cmc,mlp_deep,IsolationForest,remove,0,6,0.48936170212765956
cmc,mlp_deep,IsolationForest,remove,0,7,0.6170212765957447
cmc,mlp_deep,IsolationForest,remove,0,8,0.48936170212765956
cmc,mlp_deep,IsolationForest,remove,0,9,0.5425531914893617
cmc,mlp_deep,IsolationForest,remove,1,0,0.6105263157894737
cmc,mlp_deep,IsolationForest,remove,1,1,0.5473684210526316
cmc,mlp_deep,IsolationForest,remove,1,2,0.6170212765957447
cmc,mlp_deep,IsolationForest,remove,1,3,0.5531914893617021
cmc,mlp_deep,IsolationForest,remove,1,4,0.5212765957446809
cmc,mlp_deep,IsolationForest,remove,1,5,0.5212765957446809
cmc,mlp_deep,IsolationForest,remove,1,6,0.46808510638297873
cmc,mlp_deep,IsolationForest,remove,1,7,0.5851063829787234
cmc,mlp_deep,IsolationForest,remove,1,8,0.5425531914893617
cmc,mlp_deep,IsolationForest,remove,1,9,0.46808510638297873
cmc,mlp_deep,IsolationForest,remove,2,0,0.5684210526315789
cmc,mlp_deep,IsolationForest,remove,2,1,0.5789473684210527
cmc,mlp_deep,IsolationForest,remove,2,2,0.5319148936170213
cmc,mlp_deep,IsolationForest,remove,2,3,0.5212765957446809
cmc,mlp_deep,IsolationForest,remove,2,4,0.4787234042553192
cmc,mlp_deep,IsolationForest,remove,2,5,0.574468085106383
cmc,mlp_deep,IsolationForest,remove,2,6,0.4787234042553192
cmc,mlp_deep,IsolationForest,remove,2,7,0.4787234042553192
cmc,mlp_deep,IsolationForest,remove,2,8,0.5106382978723404
cmc,mlp_deep,IsolationForest,remove,2,9,0.5851063829787234
cmc,mlp_deep,LOF,remove,0,0,0.5368421052631579
cmc,mlp_deep,LOF,remove,0,1,0.5157894736842106
cmc,mlp_deep,LOF,remove,0,2,0.5212765957446809
cmc,mlp_deep,LOF,remove,0,3,0.5
cmc,mlp_deep,LOF,remove,0,4,0.5531914893617021
cmc,mlp_deep,LOF,remove,0,5,0.648936170212766
cmc,mlp_deep,LOF,remove,0,6,0.5319148936170213
cmc,mlp_deep,LOF,remove,0,7,0.6382978723404256
cmc,mlp_deep,LOF,remove,0,8,0.5
cmc,mlp_deep,LOF,remove,0,9,0.5638297872340425
cmc,mlp_deep,LOF,remove,1,0,0.5684210526315789
cmc,mlp_deep,LOF,remove,1,1,0.5157894736842106
cmc,mlp_deep,LOF,remove,1,2,0.5638297872340425
cmc,mlp_deep,LOF,remove,1,3,0.5638297872340425
cmc,mlp_deep,LOF,remove,1,4,0.5851063829787234
cmc,mlp_deep,LOF,remove,1,5,0.5531914893617021
cmc,mlp_deep,LOF,remove,1,6,0.5
cmc,mlp_deep,LOF,remove,1,7,0.6170212765957447
cmc,mlp_deep,LOF,remove,1,8,0.4574468085106383
cmc,mlp_deep,LOF,remove,1,9,0.4574468085106383
cmc,mlp_deep,LOF,remove,2,0,0.5684210526315789
cmc,mlp_deep,LOF,remove,2,1,0.5052631578947369
cmc,mlp_deep,LOF,remove,2,2,0.574468085106383
cmc,mlp_deep,LOF,remove,2,3,0.4787234042553192
cmc,mlp_deep,LOF,remove,2,4,0.5
cmc,mlp_deep,LOF,remove,2,5,0.5851063829787234
cmc,mlp_deep,LOF,remove,2,6,0.5319148936170213
cmc,mlp_deep,LOF,remove,2,7,0.5319148936170213
cmc,mlp_deep,LOF,remove,2,8,0.5531914893617021
cmc,mlp_deep,LOF,remove,2,9,0.6276595744680851
cmc,mlp_deep,Autoencoder,remove,0,0,0.47368421052631576
cmc,mlp_deep,Autoencoder,remove,0,1,0.5052631578947369
cmc,mlp_deep,Autoencoder,remove,0,2,0.5106382978723404
cmc,mlp_deep,Autoencoder,remove,0,3,0.5106382978723404
cmc,mlp_deep,Autoencoder,remove,0,4,0.5851063829787234
cmc,mlp_deep,Autoencoder,remove,0,5,0.6063829787234043
cmc,mlp_deep,Autoencoder,remove,0,6,0.48936170212765956
cmc,mlp_deep,Autoencoder,remove,0,7,0.5957446808510638
cmc,mlp_deep,Autoencoder,remove,0,8,0.3191489361702128
cmc,mlp_deep,Autoencoder,remove,0,9,0.6170212765957447
cmc,mlp_deep,Autoencoder,remove,1,0,0.5789473684210527
cmc,mlp_deep,Autoencoder,remove,1,1,0.5789473684210527
cmc,mlp_deep,Autoencoder,remove,1,2,0.574468085106383
cmc,mlp_deep,Autoencoder,remove,1,3,0.5531914893617021
cmc,mlp_deep,Autoencoder,remove,1,4,0.5
cmc,mlp_deep,Autoencoder,remove,1,5,0.46808510638297873
cmc,mlp_deep,Autoencoder,remove,1,6,0.48936170212765956
cmc,mlp_deep,Autoencoder,remove,1,7,0.6170212765957447
cmc,mlp_deep,Autoencoder,remove,1,8,0.40425531914893614
cmc,mlp_deep,Autoencoder,remove,1,9,0.46808510638297873
cmc,mlp_deep,Autoencoder,remove,2,0,0.5473684210526316
cmc,mlp_deep,Autoencoder,remove,2,1,0.6105263157894737
cmc,mlp_deep,Autoencoder,remove,2,2,0.5851063829787234
cmc,mlp_deep,Autoencoder,remove,2,3,0.5319148936170213
cmc,mlp_deep,Autoencoder,remove,2,4,0.5
cmc,mlp_deep,Autoencoder,remove,2,5,0.574468085106383
cmc,mlp_deep,Autoencoder,remove,2,6,0.5212765957446809
cmc,mlp_deep,Autoencoder,remove,2,7,0.5425531914893617
cmc,mlp_deep,Autoencoder,remove,2,8,0.48936170212765956
cmc,mlp_deep,Autoencoder,remove,2,9,0.5957446808510638
connect-4,mlp_deep,None,remove,0,0,0.7990286771507863
connect-4,mlp_deep,None,remove,0,1,0.8008788159111934
connect-4,mlp_deep,None,remove,0,2,0.8027289546716003
connect-4,mlp_deep,None,remove,0,3,0.8018038852913969
connect-4,mlp_deep,None,remove,0,4,0.7911655874190564
connect-4,mlp_deep,None,remove,0,5,0.8073543015726179
connect-4,mlp_deep,None,remove,0,6,0.7908859588248901
connect-4,mlp_deep,None,remove,0,7,0.7915799213509137
connect-4,mlp_deep,None,remove,0,8,0.7915799213509137
connect-4,mlp_deep,None,remove,0,9,0.7920425630349295
connect-4,mlp_deep,None,remove,1,0,0.7960222016651248
connect-4,mlp_deep,None,remove,1,1,0.7879278445883441
connect-4,mlp_deep,None,remove,1,2,0.7890841813135985
connect-4,mlp_deep,None,remove,1,3,0.799722479185939
connect-4,mlp_deep,None,remove,1,4,0.8029602220166513
connect-4,mlp_deep,None,remove,1,5,0.7969472710453284
connect-4,mlp_deep,None,remove,1,6,0.7904233171408744
connect-4,mlp_deep,None,remove,1,7,0.7952810548230396
connect-4,mlp_deep,None,remove,1,8,0.7913486005089059
connect-4,mlp_deep,None,remove,1,9,0.78764746703678
connect-4,mlp_deep,None,remove,2,0,0.7978723404255319
connect-4,mlp_deep,None,remove,2,1,0.8048103607770583
connect-4,mlp_deep,None,remove,2,2,0.7934782608695652
connect-4,mlp_deep,None,remove,2,3,0.7886216466234968
connect-4,mlp_deep,None,remove,2,4,0.7999537465309898
connect-4,mlp_deep,None,remove,2,5,0.7904717853839038
connect-4,mlp_deep,None,remove,2,6,0.7948184131390238
connect-4,mlp_deep,None,remove,2,7,0.8052278510293778
connect-4,mlp_deep,None,remove,2,8,0.8024520009252833
connect-4,mlp_deep,None,remove,2,9,0.7969003007170946
connect-4,mlp_deep,ZScore,remove,0,0,0.637372802960222
connect-4,mlp_deep,ZScore,remove,0,1,0.650786308973173
connect-4,mlp_deep,ZScore,remove,0,2,0.6246530989824237
connect-4,mlp_deep,ZScore,remove,0,3,0.6549491211840888
connect-4,mlp_deep,ZScore,remove,0,4,0.6302035152636448
connect-4,mlp_deep,ZScore,remove,0,5,0.6320536540240518
connect-4,mlp_deep,ZScore,remove,0,6,0.630117973629424
connect-4,mlp_deep,ZScore,remove,0,7,0.6435345824658801
connect-4,mlp_deep,ZScore,remove,0,8,0.6157760814249363
connect-4,mlp_deep,ZScore,remove,0,9,0.6368262780476521
connect-4,mlp_deep,ZScore,remove,1,0,0.656567992599445
connect-4,mlp_deep,ZScore,remove,1,1,0.6077705827937095
connect-4,mlp_deep,ZScore,remove,1,2,0.654486586493987
connect-4,mlp_deep,ZScore,remove,1,3,0.6380666049953746
connect-4,mlp_deep,ZScore,remove,1,4,0.6477798334875116
connect-4,mlp_deep,ZScore,remove,1,5,0.6401480111008325
connect-4,mlp_deep,ZScore,remove,1,6,0.6578764746703678
connect-4,mlp_deep,ZScore,remove,1,7,0.6534813786722183
connect-4,mlp_deep,ZScore,remove,1,8,0.6479296784640296
connect-4,mlp_deep,ZScore,remove,1,9,0.6278047652093454
connect-4,mlp_deep,ZScore,remove,2,0,0.6413043478260869
connect-4,mlp_deep,ZScore,remove,2,1,0.6743755781683626
connect-4,mlp_deep,ZScore,remove,2,2,0.6484736355226642
connect-4,mlp_deep,ZScore,remove,2,3,0.6184088806660499
connect-4,mlp_deep,ZScore,remove,2,4,0.6766882516188714
connect-4,mlp_deep,ZScore,remove,2,5,0.6313598519888992
connect-4,mlp_deep,ZScore,remove,2,6,0.6636594957205644
connect-4,mlp_deep,ZScore,remove,2,7,0.6634281748785565
connect-4,mlp_deep,ZScore,remove,2,8,0.6625028915105251
connect-4,mlp_deep,ZScore,remove,2,9,0.6194772148970622
connect-4,mlp_deep,ZScore,clip,0,0,0.7893154486586494
connect-4,mlp_deep,ZScore,clip,0,1,0.8018038852913969
connect-4,mlp_deep,ZScore,clip,0,2,0.7962534690101758
connect-4,mlp_deep,ZScore,clip,0,3,0.7999537465309898
connect-4,mlp_deep,ZScore,clip,0,4,0.7888529139685476
connect-4,mlp_deep,ZScore,clip,0,5,0.7985661424606846
connect-4,mlp_deep,ZScore,clip,0,6,0.7899606754568587
connect-4,mlp_deep,ZScore,clip,0,7,0.7830210501966227
connect-4,mlp_deep,ZScore,clip,0,8,0.7871848253527642
connect-4,mlp_deep,ZScore,clip,0,9,0.7929678464029609
connect-4,mlp_deep,ZScore,clip,1,0,0.7955596669750231
connect-4,mlp_deep,ZScore,clip,1,1,0.7772895467160037
connect-4,mlp_deep,ZScore,clip,1,2,0.7867715078630897
connect-4,mlp_deep,ZScore,clip,1,3,0.7888529139685476
connect-4,mlp_deep,ZScore,clip,1,4,0.795790934320074
connect-4,mlp_deep,ZScore,clip,1,5,0.7985661424606846
connect-4,mlp_deep,ZScore,clip,1,6,0.7832523710386305
connect-4,mlp_deep,ZScore,clip,1,7,0.8006014341892205
connect-4,mlp_deep,ZScore,clip,1,8,0.7899606754568587
connect-4,mlp_deep,ZScore,clip,1,9,0.7844089752486699
connect-4,mlp_deep,ZScore,clip,2,0,0.7974098057354302
connect-4,mlp_deep,ZScore,clip,2,1,0.7927844588344126
connect-4,mlp_deep,ZScore,clip,2,2,0.7867715078630897
connect-4,mlp_deep,ZScore,clip,2,3,0.7960222016651248
connect-4,mlp_deep,ZScore,clip,2,4,0.793940795559667
connect-4,mlp_deep,ZScore,clip,2,5,0.7987974098057354
connect-4,mlp_deep,ZScore,clip,2,6,0.7918112421929215
connect-4,mlp_deep,ZScore,clip,2,7,0.7992135091371733
connect-4,mlp_deep,ZScore,clip,2,8,0.7959750173490632
connect-4,mlp_deep,ZScore,clip,2,9,0.7957436965070552
connect-4,mlp_deep,Percentile,remove,0,0,0.6931082331174838
connect-4,mlp_deep,Percentile,remove,0,1,0.6947271045328399
connect-4,mlp_deep,Percentile,remove,0,2,0.6979648473635522
connect-4,mlp_deep,Percentile,remove,0,3,0.6838575393154487
connect-4,mlp_deep,Percentile,remove,0,4,0.706290471785384
connect-4,mlp_deep,Percentile,remove,0,5,0.688945420906568
connect-4,mlp_deep,Percentile,remove,0,6,0.6803145963451307
connect-4,mlp_deep,Percentile,remove,0,7,0.6719870460328475
connect-4,mlp_deep,Percentile,remove,0,8,0.6817025213971779
connect-4,mlp_deep,Percentile,remove,0,9,0.6944251677076104
connect-4,mlp_deep,Percentile,remove,1,0,0.7092969472710453
connect-4,mlp_deep,Percentile,remove,1,1,0.679463459759482
connect-4,mlp_deep,Percentile,remove,1,2,0.690795559666975
connect-4,mlp_deep,Percentile,remove,1,3,0.6898704902867715
connect-4,mlp_deep,Percentile,remove,1,4,0.6845513413506013
connect-4,mlp_deep,Percentile,remove,1,5,0.7178538390379279
connect-4,mlp_deep,Percentile,remove,1,6,0.6962757344436734
connect-4,mlp_deep,Percentile,remove,1,7,0.6939625260235948
connect-4,mlp_deep,Percentile,remove,1,8,0.6775387462410363
connect-4,mlp_deep,Percentile,remove,1,9,0.6768447837150128
connect-4,mlp_deep,Percentile,remove,2,0,0.6822386679000925
connect-4,mlp_deep,Percentile,remove,2,1,0.711840888066605
connect-4,mlp_deep,Percentile,remove,2,2,0.727104532839963
connect-4,mlp_deep,Percentile,remove,2,3,0.6803885291396855
connect-4,mlp_deep,Percentile,remove,2,4,0.6891766882516188
connect-4,mlp_deep,Percentile,remove,2,5,0.6799259944495837
connect-4,mlp_deep,Percentile,remove,2,6,0.7096923432801295
connect-4,mlp_deep,Percentile,remove,2,7,0.7094610224381217
connect-4,mlp_deep,Percentile,remove,2,8,0.7099236641221374
connect-4,mlp_deep,Percentile,remove,2,9,0.6705991209808003
connect-4,mlp_deep,Percentile,clip,0,0,0.7791396854764108
connect-4,mlp_deep,Percentile,clip,0,1,0.7920906567992599
connect-4,mlp_deep,Percentile,clip,0,2,0.7918593894542091
connect-4,mlp_deep,Percentile,clip,0,3,0.7944033302497687
connect-4,mlp_deep,Percentile,clip,0,4,0.7821461609620721
connect-4,mlp_deep,Percentile,clip,0,5,0.7927844588344126
connect-4,mlp_deep,Percentile,clip,0,6,0.7869535045107564
connect-4,mlp_deep,Percentile,clip,0,7,0.7786259541984732
connect-4,mlp_deep,Percentile,clip,0,8,0.7869535045107564
connect-4,mlp_deep,Percentile,clip,0,9,0.7920425630349295
connect-4,mlp_deep,Percentile,clip,1,0,0.7948658649398704
connect-4,mlp_deep,Percentile,clip,1,1,0.7844588344125809
connect-4,mlp_deep,Percentile,clip,1,2,0.7920906567992599
connect-4,mlp_deep,Percentile,clip,1,3,0.7851526364477336
connect-4,mlp_deep,Percentile,clip,1,4,0.7856151711378353
connect-4,mlp_deep,Percentile,clip,1,5,0.7934782608695652
connect-4,mlp_deep,Percentile,clip,1,6,0.7800138792505205
connect-4,mlp_deep,Percentile,clip,1,7,0.7904233171408744
connect-4,mlp_deep,Percentile,clip,1,8,0.7848716169326856
connect-4,mlp_deep,Percentile,clip,1,9,0.7855655794587092
connect-4,mlp_deep,Percentile,clip,2,0,0.7800647548566142
connect-4,mlp_deep,Percentile,clip,2,1,0.7784458834412581
connect-4,mlp_deep,Percentile,clip,2,2,0.7846901017576319
connect-4,mlp_deep,Percentile,clip,2,3,0.7839962997224792
connect-4,mlp_deep,Percentile,clip,2,4,0.7895467160037003
connect-4,mlp_deep,Percentile,clip,2,5,0.7759019426456985
connect-4,mlp_deep,Percentile,clip,2,6,0.7825584085126069
connect-4,mlp_deep,Percentile,clip,2,7,0.7841776544066621
connect-4,mlp_deep,Percentile,clip,2,8,0.7869535045107564
connect-4,mlp_deep,Percentile,clip,2,9,0.7899606754568587
connect-4,mlp_deep,IsolationForest,remove,0,0,0.7941720629047179
connect-4,mlp_deep,IsolationForest,remove,0,1,0.7992599444958371
connect-4,mlp_deep,IsolationForest,remove,0,2,0.7974098057354302
connect-4,mlp_deep,IsolationForest,remove,0,3,0.8006475485661425
connect-4,mlp_deep,IsolationForest,remove,0,4,0.7793709528214616
connect-4,mlp_deep,IsolationForest,remove,0,5,0.7992599444958371
connect-4,mlp_deep,IsolationForest,remove,0,6,0.7869535045107564
connect-4,mlp_deep,IsolationForest,remove,0,7,0.7834836918806385
connect-4,mlp_deep,IsolationForest,remove,0,8,0.786028221142725
connect-4,mlp_deep,IsolationForest,remove,0,9,0.7915799213509137
connect-4,mlp_deep,IsolationForest,remove,1,0,0.7897779833487512
connect-4,mlp_deep,IsolationForest,remove,1,1,0.778677150786309
connect-4,mlp_deep,IsolationForest,remove,1,2,0.7902405180388529
connect-4,mlp_deep,IsolationForest,remove,1,3,0.793709528214616
connect-4,mlp_deep,IsolationForest,remove,1,4,0.7964847363552267
connect-4,mlp_deep,IsolationForest,remove,1,5,0.7978723404255319
connect-4,mlp_deep,IsolationForest,remove,1,6,0.7735368956743003
connect-4,mlp_deep,IsolationForest,remove,1,7,0.7925052047189451
connect-4,mlp_deep,IsolationForest,remove,1,8,0.7878787878787878
connect-4,mlp_deep,IsolationForest,remove,1,9,0.7841776544066621
connect-4,mlp_deep,IsolationForest,remove,2,0,0.7916281221091582
connect-4,mlp_deep,IsolationForest,remove,2,1,0.8020351526364478
connect-4,mlp_deep,IsolationForest,remove,2,2,0.7911655874190564
connect-4,mlp_deep,IsolationForest,remove,2,3,0.7895467160037003
connect-4,mlp_deep,IsolationForest,remove,2,4,0.7962534690101758
connect-4,mlp_deep,IsolationForest,remove,2,5,0.7895467160037003
connect-4,mlp_deep,IsolationForest,remove,2,6,0.7864908628267407
connect-4,mlp_deep,IsolationForest,remove,2,7,0.8033772842933148
connect-4,mlp_deep,IsolationForest,remove,2,8,0.796206338191071
connect-4,mlp_deep,IsolationForest,remove,2,9,0.7827897293546149
connect-4,mlp_deep,LOF,remove,0,0,0.7833024976873265
connect-4,mlp_deep,LOF,remove,0,1,0.8050416281221091
connect-4,mlp_deep,LOF,remove,0,2,0.799722479185939
connect-4,mlp_deep,LOF,remove,0,3,0.7953283996299723
connect-4,mlp_deep,LOF,remove,0,4,0.7934782608695652
connect-4,mlp_deep,LOF,remove,0,5,0.8066604995374653
connect-4,mlp_deep,LOF,remove,0,6,0.797825584085126
connect-4,mlp_deep,LOF,remove,0,7,0.78764746703678
connect-4,mlp_deep,LOF,remove,0,8,0.7915799213509137
connect-4,mlp_deep,LOF,remove,0,9,0.8006014341892205
connect-4,mlp_deep,LOF,remove,1,0,0.7974098057354302
connect-4,mlp_deep,LOF,remove,1,1,0.7835337650323775
connect-4,mlp_deep,LOF,remove,1,2,0.7967160037002775
connect-4,mlp_deep,LOF,remove,1,3,0.793709528214616
connect-4,mlp_deep,LOF,remove,1,4,0.7953283996299723
connect-4,mlp_deep,LOF,remove,1,5,0.8029602220166513
connect-4,mlp_deep,LOF,remove,1,6,0.78764746703678
connect-4,mlp_deep,LOF,remove,1,7,0.8026833217672912
connect-4,mlp_deep,LOF,remove,1,8,0.794587092297016
connect-4,mlp_deep,LOF,remove,1,9,0.7899606754568587
connect-4,mlp_deep,LOF,remove,2,0,0.7948658649398704
connect-4,mlp_deep,LOF,remove,2,1,0.7981036077705828
connect-4,mlp_deep,LOF,remove,2,2,0.7916281221091582
connect-4,mlp_deep,LOF,remove,2,3,0.7967160037002775
connect-4,mlp_deep,LOF,remove,2,4,0.8013413506012951
connect-4,mlp_deep,LOF,remove,2,5,0.7870027752081407
connect-4,mlp_deep,LOF,remove,2,6,0.8001387925052047
connect-4,mlp_deep,LOF,remove,2,7,0.7957436965070552
connect-4,mlp_deep,LOF,remove,2,8,0.7948184131390238
connect-4,mlp_deep,LOF,remove,2,9,0.7931991672449688
connect-4,mlp_deep,Autoencoder,remove,0,0,0.7833024976873265
connect-4,mlp_deep,Autoencoder,remove,0,1,0.8038852913968547
connect-4,mlp_deep,Autoencoder,remove,0,2,0.799722479185939
connect-4,mlp_deep,Autoencoder,remove,0,3,0.7983348751156337
connect-4,mlp_deep,Autoencoder,remove,0,4,0.790009250693802
connect-4,mlp_deep,Autoencoder,remove,0,5,0.7990286771507863
connect-4,mlp_deep,Autoencoder,remove,0,6,0.796206338191071
connect-4,mlp_deep,Autoencoder,remove,0,7,0.7888040712468194
connect-4,mlp_deep,Autoencoder,remove,0,8,0.7948184131390238
connect-4,mlp_deep,Autoencoder,remove,0,9,0.7927365255609531
connect-4,mlp_deep,Autoencoder,remove,1,0,0.7911655874190564
connect-4,mlp_deep,Autoencoder,remove,1,1,0.7821461609620721
connect-4,mlp_deep,Autoencoder,remove,1,2,0.7967160037002775
connect-4,mlp_deep,Autoencoder,remove,1,3,0.7946345975948196
connect-4,mlp_deep,Autoencoder,remove,1,4,0.7927844588344126
connect-4,mlp_deep,Autoencoder,remove,1,5,0.7955596669750231
connect-4,mlp_deep,Autoencoder,remove,1,6,0.7941244506130002
connect-4,mlp_deep,Autoencoder,remove,1,7,0.7913486005089059
connect-4,mlp_deep,Autoencoder,remove,1,8,0.7973629424011104
connect-4,mlp_deep,Autoencoder,remove,1,9,0.7864908628267407
connect-4,mlp_deep,Autoencoder,remove,2,0,0.799722479185939
connect-4,mlp_deep,Autoencoder,remove,2,1,0.7953283996299723
connect-4,mlp_deep,Autoencoder,remove,2,2,0.7835337650323775
connect-4,mlp_deep,Autoencoder,remove,2,3,0.7990286771507863
connect-4,mlp_deep,Autoencoder,remove,2,4,0.7964847363552267
connect-4,mlp_deep,Autoencoder,remove,2,5,0.7779833487511564
connect-4,mlp_deep,Autoencoder,remove,2,6,0.7952810548230396
connect-4,mlp_deep,Autoencoder,remove,2,7,0.8024520009252833
connect-4,mlp_deep,Autoencoder,remove,2,8,0.7948184131390238
connect-4,mlp_deep,Autoencoder,remove,2,9,0.7899606754568587
credit-g,mlp_deep,None,remove,0,0,0.65625
credit-g,mlp_deep,None,remove,0,1,0.734375
credit-g,mlp_deep,None,remove,0,2,0.71875
credit-g,mlp_deep,None,remove,0,3,0.640625
credit-g,mlp_deep,None,remove,0,4,0.71875
credit-g,mlp_deep,None,remove,0,5,0.6875
credit-g,mlp_deep,None,remove,0,6,0.734375
credit-g,mlp_deep,None,remove,0,7,0.703125
credit-g,mlp_deep,None,remove,0,8,0.734375
credit-g,mlp_deep,None,remove,0,9,0.65625
credit-g,mlp_deep,None,remove,1,0,0.671875
credit-g,mlp_deep,None,remove,1,1,0.6875
credit-g,mlp_deep,None,remove,1,2,0.59375
credit-g,mlp_deep,None,remove,1,3,0.703125
credit-g,mlp_deep,None,remove,1,4,0.75
credit-g,mlp_deep,None,remove,1,5,0.796875
credit-g,mlp_deep,None,remove,1,6,0.6875
credit-g,mlp_deep,None,remove,1,7,0.734375
credit-g,mlp_deep,None,remove,1,8,0.703125
credit-g,mlp_deep,None,remove,1,9,0.625
credit-g,mlp_deep,None,remove,2,0,0.65625
credit-g,mlp_deep,None,remove,2,1,0.53125
credit-g,mlp_deep,None,remove,2,2,0.625
credit-g,mlp_deep,None,remove,2,3,0.8125
credit-g,mlp_deep,None,remove,2,4,0.71875
credit-g,mlp_deep,None,remove,2,5,0.6875
credit-g,mlp_deep,None,remove,2,6,0.75
credit-g,mlp_deep,None,remove,2,7,0.78125
credit-g,mlp_deep,None,remove,2,8,0.765625
credit-g,mlp_deep,None,remove,2,9,0.625
credit-g,mlp_deep,ZScore,remove,0,0,0.6875
credit-g,mlp_deep,ZScore,remove,0,1,0.734375
credit-g,mlp_deep,ZScore,remove,0,2,0.75
credit-g,mlp_deep,ZScore,remove,0,3,0.671875
credit-g,mlp_deep,ZScore,remove,0,4,0.75
credit-g,mlp_deep,ZScore,remove,0,5,0.6875
credit-g,mlp_deep,ZScore,remove,0,6,0.734375
credit-g,mlp_deep,ZScore,remove,0,7,0.703125
credit-g,mlp_deep,ZScore,remove,0,8,0.71875
credit-g,mlp_deep,ZScore,remove,0,9,0.625
credit-g,mlp_deep,ZScore,remove,1,0,0.671875
credit-g,mlp_deep,ZScore,remove,1,1,0.703125
credit-g,mlp_deep,ZScore,remove,1,2,0.640625
credit-g,mlp_deep,ZScore,remove,1,3,0.671875
credit-g,mlp_deep,ZScore,remove,1,4,0.75
credit-g,mlp_deep,ZScore,remove,1,5,0.796875
credit-g,mlp_deep,ZScore,remove,1,6,0.6875
credit-g,mlp_deep,ZScore,remove,1,7,0.6875
credit-g,mlp_deep,ZScore,remove,1,8,0.734375
credit-g,mlp_deep,ZScore,remove,1,9,0.640625
credit-g,mlp_deep,ZScore,remove,2,0,0.65625
credit-g,mlp_deep,ZScore,remove,2,1,0.53125
credit-g,mlp_deep,ZScore,remove,2,2,0.625
credit-g,mlp_deep,ZScore,remove,2,3,0.84375
credit-g,mlp_deep,ZScore,remove,2,4,0.75
credit-g,mlp_deep,ZScore,remove,2,5,0.71875
credit-g,mlp_deep,ZScore,remove,2,6,0.71875
credit-g,mlp_deep,ZScore,remove,2,7,0.78125
credit-g,mlp_deep,ZScore,remove,2,8,0.765625
credit-g,mlp_deep,ZScore,remove,2,9,0.625
credit-g,mlp_deep,ZScore,clip,0,0,0.65625
credit-g,mlp_deep,ZScore,clip,0,1,0.71875
credit-g,mlp_deep,ZScore,clip,0,2,0.71875
credit-g,mlp_deep,ZScore,clip,0,3,0.640625
credit-g,mlp_deep,ZScore,clip,0,4,0.71875
credit-g,mlp_deep,ZScore,clip,0,5,0.703125
credit-g,mlp_deep,ZScore,clip,0,6,0.765625
credit-g,mlp_deep,ZScore,clip,0,7,0.703125
credit-g,mlp_deep,ZScore,clip,0,8,0.734375
credit-g,mlp_deep,ZScore,clip,0,9,0.65625
credit-g,mlp_deep,ZScore,clip,1,0,0.671875
credit-g,mlp_deep,ZScore,clip,1,1,0.6875
credit-g,mlp_deep,ZScore,clip,1,2,0.59375
credit-g,mlp_deep,ZScore,clip,1,3,0.703125
credit-g,mlp_deep,ZScore,clip,1,4,0.75
credit-g,mlp_deep,ZScore,clip,1,5,0.796875
credit-g,mlp_deep,ZScore,clip,1,6,0.6875
credit-g,mlp_deep,ZScore,clip,1,7,0.71875
credit-g,mlp_deep,ZScore,clip,1,8,0.65625
credit-g,mlp_deep,ZScore,clip,1,9,0.625
credit-g,mlp_deep,ZScore,clip,2,0,0.65625
credit-g,mlp_deep,ZScore,clip,2,1,0.53125
credit-g,mlp_deep,ZScore,clip,2,2,0.625
credit-g,mlp_deep,ZScore,clip,2,3,0.828125
credit-g,mlp_deep,ZScore,clip,2,4,0.734375
credit-g,mlp_deep,ZScore,clip,2,5,0.6875
credit-g,mlp_deep,ZScore,clip,2,6,0.796875
credit-g,mlp_deep,ZScore,clip,2,7,0.78125
credit-g,mlp_deep,ZScore,clip,2,8,0.765625
credit-g,mlp_deep,ZScore,clip,2,9,0.640625
credit-g,mlp_deep,Percentile,remove,0,0,0.6875
credit-g,mlp_deep,Percentile,remove,0,1,0.734375
credit-g,mlp_deep,Percentile,remove,0,2,0.734375
credit-g,mlp_deep,Percentile,remove,0,3,0.640625
credit-g,mlp_deep,Percentile,remove,0,4,0.734375
credit-g,mlp_deep,Percentile,remove,0,5,0.6875
credit-g,mlp_deep,Percentile,remove,0,6,0.640625
credit-g,mlp_deep,Percentile,remove,0,7,0.703125
credit-g,mlp_deep,Percentile,remove,0,8,0.71875
credit-g,mlp_deep,Percentile,remove,0,9,0.6875
credit-g,mlp_deep,Percentile,remove,1,0,0.671875
credit-g,mlp_deep,Percentile,remove,1,1,0.6875
credit-g,mlp_deep,Percentile,remove,1,2,0.625
credit-g,mlp_deep,Percentile,remove,1,3,0.671875
credit-g,mlp_deep,Percentile,remove,1,4,0.75
credit-g,mlp_deep,Percentile,remove,1,5,0.796875
credit-g,mlp_deep,Percentile,remove,1,6,0.703125
credit-g,mlp_deep,Percentile,remove,1,7,0.6875
credit-g,mlp_deep,Percentile,remove,1,8,0.734375
credit-g,mlp_deep,Percentile,remove,1,9,0.625
credit-g,mlp_deep,Percentile,remove,2,0,0.65625
credit-g,mlp_deep,Percentile,remove,2,1,0.53125
credit-g,mlp_deep,Percentile,remove,2,2,0.625
credit-g,mlp_deep,Percentile,remove,2,3,0.828125
credit-g,mlp_deep,Percentile,remove,2,4,0.734375
credit-g,mlp_deep,Percentile,remove,2,5,0.71875
credit-g,mlp_deep,Percentile,remove,2,6,0.71875
credit-g,mlp_deep,Percentile,remove,2,7,0.78125
credit-g,mlp_deep,Percentile,remove,2,8,0.765625
credit-g,mlp_deep,Percentile,remove,2,9,0.625
credit-g,mlp_deep,Percentile,clip,0,0,0.65625
credit-g,mlp_deep,Percentile,clip,0,1,0.71875
credit-g,mlp_deep,Percentile,clip,0,2,0.75
credit-g,mlp_deep,Percentile,clip,0,3,0.640625
credit-g,mlp_deep,Percentile,clip,0,4,0.734375
credit-g,mlp_deep,Percentile,clip,0,5,0.671875
credit-g,mlp_deep,Percentile,clip,0,6,0.71875
credit-g,mlp_deep,Percentile,clip,0,7,0.6875
credit-g,mlp_deep,Percentile,clip,0,8,0.734375
credit-g,mlp_deep,Percentile,clip,0,9,0.65625
credit-g,mlp_deep,Percentile,clip,1,0,0.671875
credit-g,mlp_deep,Percentile,clip,1,1,0.6875
credit-g,mlp_deep,Percentile,clip,1,2,0.640625
credit-g,mlp_deep,Percentile,clip,1,3,0.6875
credit-g,mlp_deep,Percentile,clip,1,4,0.671875
credit-g,mlp_deep,Percentile,clip,1,5,0.796875
credit-g,mlp_deep,Percentile,clip,1,6,0.6875
credit-g,mlp_deep,Percentile,clip,1,7,0.71875
credit-g,mlp_deep,Percentile,clip,1,8,0.71875
credit-g,mlp_deep,Percentile,clip,1,9,0.625
credit-g,mlp_deep,Percentile,clip,2,0,0.671875
credit-g,mlp_deep,Percentile,clip,2,1,0.53125
credit-g,mlp_deep,Percentile,clip,2,2,0.625
credit-g,mlp_deep,Percentile,clip,2,3,0.796875
credit-g,mlp_deep,Percentile,clip,2,4,0.75
credit-g,mlp_deep,Percentile,clip,2,5,0.6875
credit-g,mlp_deep,Percentile,clip,2,6,0.703125
credit-g,mlp_deep,Percentile,clip,2,7,0.78125
credit-g,mlp_deep,Percentile,clip,2,8,0.78125
credit-g,mlp_deep,Percentile,clip,2,9,0.625
credit-g,mlp_deep,IsolationForest,remove,0,0,0.625
credit-g,mlp_deep,IsolationForest,remove,0,1,0.734375
credit-g,mlp_deep,IsolationForest,remove,0,2,0.75
credit-g,mlp_deep,IsolationForest,remove,0,3,0.640625
credit-g,mlp_deep,IsolationForest,remove,0,4,0.75
credit-g,mlp_deep,IsolationForest,remove,0,5,0.671875
credit-g,mlp_deep,IsolationForest,remove,0,6,0.640625
credit-g,mlp_deep,IsolationForest,remove,0,7,0.65625
credit-g,mlp_deep,IsolationForest,remove,0,8,0.71875
credit-g,mlp_deep,IsolationForest,remove,0,9,0.671875
credit-g,mlp_deep,IsolationForest,remove,1,0,0.71875
credit-g,mlp_deep,IsolationForest,remove,1,1,0.6875
credit-g,mlp_deep,IsolationForest,remove,1,2,0.59375
credit-g,mlp_deep,IsolationForest,remove,1,3,0.703125
credit-g,mlp_deep,IsolationForest,remove,1,4,0.75
credit-g,mlp_deep,IsolationForest,remove,1,5,0.796875
credit-g,mlp_deep,IsolationForest,remove,1,6,0.6875
credit-g,mlp_deep,IsolationForest,remove,1,7,0.6875
credit-g,mlp_deep,IsolationForest,remove,1,8,0.703125
credit-g,mlp_deep,IsolationForest,remove,1,9,0.671875
credit-g,mlp_deep,IsolationForest,remove,2,0,0.65625
credit-g,mlp_deep,IsolationForest,remove,2,1,0.53125
credit-g,mlp_deep,IsolationForest,remove,2,2,0.65625
credit-g,mlp_deep,IsolationForest,remove,2,3,0.828125
credit-g,mlp_deep,IsolationForest,remove,2,4,0.75
credit-g,mlp_deep,IsolationForest,remove,2,5,0.609375
credit-g,mlp_deep,IsolationForest,remove,2,6,0.71875
credit-g,mlp_deep,IsolationForest,remove,2,7,0.78125
credit-g,mlp_deep,IsolationForest,remove,2,8,0.734375
credit-g,mlp_deep,IsolationForest,remove,2,9,0.625
credit-g,mlp_deep,LOF,remove,0,0,0.671875
credit-g,mlp_deep,LOF,remove,0,1,0.734375
credit-g,mlp_deep,LOF,remove,0,2,0.671875
credit-g,mlp_deep,LOF,remove,0,3,0.640625
credit-g,mlp_deep,LOF,remove,0,4,0.734375
credit-g,mlp_deep,LOF,remove,0,5,0.6875
credit-g,mlp_deep,LOF,remove,0,6,0.703125
credit-g,mlp_deep,LOF,remove,0,7,0.703125
credit-g,mlp_deep,LOF,remove,0,8,0.734375
credit-g,mlp_deep,LOF,remove,0,9,0.65625
credit-g,mlp_deep,LOF,remove,1,0,0.671875
credit-g,mlp_deep,LOF,remove,1,1,0.734375
credit-g,mlp_deep,LOF,remove,1,2,0.609375
credit-g,mlp_deep,LOF,remove,1,3,0.6875
credit-g,mlp_deep,LOF,remove,1,4,0.75
credit-g,mlp_deep,LOF,remove,1,5,0.796875
credit-g,mlp_deep,LOF,remove,1,6,0.6875
credit-g,mlp_deep,LOF,remove,1,7,0.6875
credit-g,mlp_deep,LOF,remove,1,8,0.765625
credit-g,mlp_deep,LOF,remove,1,9,0.640625
credit-g,mlp_deep,LOF,remove,2,0,0.65625
credit-g,mlp_deep,LOF,remove,2,1,0.546875
credit-g,mlp_deep,LOF,remove,2,2,0.625
credit-g,mlp_deep,LOF,remove,2,3,0.828125
credit-g,mlp_deep,LOF,remove,2,4,0.703125
credit-g,mlp_deep,LOF,remove,2,5,0.703125
credit-g,mlp_deep,LOF,remove,2,6,0.671875
credit-g,mlp_deep,LOF,remove,2,7,0.765625
credit-g,mlp_deep,LOF,remove,2,8,0.75
credit-g,mlp_deep,LOF,remove,2,9,0.75
credit-g,mlp_deep,Autoencoder,remove,0,0,0.6875
credit-g,mlp_deep,Autoencoder,remove,0,1,0.71875
credit-g,mlp_deep,Autoencoder,remove,0,2,0.75
credit-g,mlp_deep,Autoencoder,remove,0,3,0.640625
credit-g,mlp_deep,Autoencoder,remove,0,4,0.734375
credit-g,mlp_deep,Autoencoder,remove,0,5,0.671875
credit-g,mlp_deep,Autoencoder,remove,0,6,0.734375
credit-g,mlp_deep,Autoencoder,remove,0,7,0.703125
credit-g,mlp_deep,Autoencoder,remove,0,8,0.703125
credit-g,mlp_deep,Autoencoder,remove,0,9,0.65625
credit-g,mlp_deep,Autoencoder,remove,1,0,0.671875
credit-g,mlp_deep,Autoencoder,remove,1,1,0.6875
credit-g,mlp_deep,Autoencoder,remove,1,2,0.59375
credit-g,mlp_deep,Autoencoder,remove,1,3,0.703125
credit-g,mlp_deep,Autoencoder,remove,1,4,0.75
credit-g,mlp_deep,Autoencoder,remove,1,5,0.75
credit-g,mlp_deep,Autoencoder,remove,1,6,0.671875
credit-g,mlp_deep,Autoencoder,remove,1,7,0.703125
credit-g,mlp_deep,Autoencoder,remove,1,8,0.703125
credit-g,mlp_deep,Autoencoder,remove,1,9,0.640625
credit-g,mlp_deep,Autoencoder,remove,2,0,0.65625
credit-g,mlp_deep,Autoencoder,remove,2,1,0.53125
credit-g,mlp_deep,Autoencoder,remove,2,2,0.625
credit-g,mlp_deep,Autoencoder,remove,2,3,0.84375
credit-g,mlp_deep,Autoencoder,remove,2,4,0.734375
credit-g,mlp_deep,Autoencoder,remove,2,5,0.609375
credit-g,mlp_deep,Autoencoder,remove,2,6,0.8125
credit-g,mlp_deep,Autoencoder,remove,2,7,0.75
credit-g,mlp_deep,Autoencoder,remove,2,8,0.765625
credit-g,mlp_deep,Autoencoder,remove,2,9,0.625
elevators,mlp_deep,None,remove,0,0,0.0004009750209637039
elevators,mlp_deep,None,remove,0,1,1.338550750394227e-05
elevators,mlp_deep,None,remove,0,2,6.517898440992502e-06
elevators,mlp_deep,None,remove,0,3,5.2313998676144174e-06
elevators,mlp_deep,None,remove,0,4,3.7415879996254056e-06
elevators,mlp_deep,None,remove,0,5,0.0007340694800157988
elevators,mlp_deep,None,remove,0,6,5.602017891175581e-06
elevators,mlp_deep,None,remove,0,7,4.97562388618267e-06
elevators,mlp_deep,None,remove,0,8,0.00017101188345630826
elevators,mlp_deep,None,remove,0,9,4.305524816591933e-05
elevators,mlp_deep,None,remove,1,0,3.671308789670171e-05
elevators,mlp_deep,None,remove,1,1,1.0851303885378776e-05
elevators,mlp_deep,None,remove,1,2,1.4920661082465228e-05
elevators,mlp_deep,None,remove,1,3,1.058602800678926e-05
elevators,mlp_deep,None,remove,1,4,0.00013114436660901748
elevators,mlp_deep,None,remove,1,5,0.0007491600070903074
elevators,mlp_deep,None,remove,1,6,4.5620426353965794e-06
elevators,mlp_deep,None,remove,1,7,0.0015111258922067316
elevators,mlp_deep,None,remove,1,8,4.431812952088076e-06
elevators,mlp_deep,None,remove,1,9,4.735372338534517e-06
elevators,mlp_deep,None,remove,2,0,4.783181872752563e-06
elevators,mlp_deep,None,remove,2,1,5.290592465260038e-05
elevators,mlp_deep,None,remove,2,2,1.123307948704885e-05
elevators,mlp_deep,None,remove,2,3,8.45651309533698e-06
elevators,mlp_deep,None,remove,2,4,5.3292697673611554e-05
elevators,mlp_deep,None,remove,2,5,0.0001546690381686449
elevators,mlp_deep,None,remove,2,6,6.926344844805077e-06
elevators,mlp_deep,None,remove,2,7,6.539792476407488e-05
elevators,mlp_deep,None,remove,2,8,4.224788677170829e-06
elevators,mlp_deep,None,remove,2,9,7.5507357790217305e-06
elevators,mlp_deep,ZScore,remove,0,0,8.213572760365238e-06
elevators,mlp_deep,ZScore,remove,0,1,8.814077437863292e-06
elevators,mlp_deep,ZScore,remove,0,2,0.0001651425827841113
elevators,mlp_deep,ZScore,remove,0,3,1.2268214857811588e-05
elevators,mlp_deep,ZScore,remove,0,4,5.806404481382754e-06
elevators,mlp_deep,ZScore,remove,0,5,7.294652129120173e-06
elevators,mlp_deep,ZScore,remove,0,6,5.283971408235866e-06
elevators,mlp_deep,ZScore,remove,0,7,3.270462383321731e-05
elevators,mlp_deep,ZScore,remove,0,8,5.924741608911175e-06
elevators,mlp_deep,ZScore,remove,0,9,5.8831566292075425e-06
elevators,mlp_deep,ZScore,remove,1,0,1.2134037806436072e-05
elevators,mlp_deep,ZScore,remove,1,1,7.2794649474776744e-06
elevators,mlp_deep,ZScore,remove,1,2,2.8022251149308358e-05
elevators,mlp_deep,ZScore,remove,1,3,5.1760124985108755e-05
elevators,mlp_deep,ZScore,remove,1,4,7.837934600397807e-06
elevators,mlp_deep,ZScore,remove,1,5,9.94866320644774e-06
elevators,mlp_deep,ZScore,remove,1,6,9.097939121640992e-06
elevators,mlp_deep,ZScore,remove,1,7,7.178840374511682e-06
elevators,mlp_deep,ZScore,remove,1,8,3.069146045161884e-05
elevators,mlp_deep,ZScore,remove,1,9,7.4784516209038315e-06
elevators,mlp_deep,ZScore,remove,2,0,6.9368841294517844e-06
elevators,mlp_deep,ZScore,remove,2,1,5.747832414859817e-06
elevators,mlp_deep,ZScore,remove,2,2,2.706314891932011e-05
elevators,mlp_deep,ZScore,remove,2,3,2.973370114484952e-05
elevators,mlp_deep,ZScore,remove,2,4,1.7996344452971095e-05
elevators,mlp_deep,ZScore,remove,2,5,1.873832904915828e-05
elevators,mlp_deep,ZScore,remove,2,6,3.309788252780934e-05
elevators,mlp_deep,ZScore,remove,2,7,6.6912632331478154e-06
elevators,mlp_deep,ZScore,remove,2,8,2.2839685794392113e-05
elevators,mlp_deep,ZScore,remove,2,9,1.297395472429896e-05
elevators,mlp_deep,ZScore,clip,0,0,0.0006839088464536215
elevators,mlp_deep,ZScore,clip,0,1,0.00018017306166923534
elevators,mlp_deep,ZScore,clip,0,2,1.3556683486000946e-05
elevators,mlp_deep,ZScore,clip,0,3,6.4521651352702925e-06
elevators,mlp_deep,ZScore,clip,0,4,4.879294125219075e-06
elevators,mlp_deep,ZScore,clip,0,5,0.0001880955994438552
elevators,mlp_deep,ZScore,clip,0,6,1.1774728132174151e-05
elevators,mlp_deep,ZScore,clip,0,7,5.145122664607904e-06
elevators,mlp_deep,ZScore,clip,0,8,0.0001259422360560214
elevators,mlp_deep,ZScore,clip,0,9,4.7013333027614266e-05
elevators,mlp_deep,ZScore,clip,1,0,3.1199907267682176e-05
elevators,mlp_deep,ZScore,clip,1,1,7.063681575102704e-06
elevators,mlp_deep,ZScore,clip,1,2,1.627869159196631e-05
elevators,mlp_deep,ZScore,clip,1,3,1.0972223689559405e-05
elevators,mlp_deep,ZScore,clip,1,4,9.996112247766629e-06
elevators,mlp_deep,ZScore,clip,1,5,0.012380108633993584
elevators,mlp_deep,ZScore,clip,1,6,6.075583348718065e-06
elevators,mlp_deep,ZScore,clip,1,7,5.828067237935722e-06
elevators,mlp_deep,ZScore,clip,1,8,6.411612308189095e-06
elevators,mlp_deep,ZScore,clip,1,9,1.1550407459735871e-05
elevators,mlp_deep,ZScore,clip,2,0,2.0024852946402727e-05
elevators,mlp_deep,ZScore,clip,2,1,1.5031880548025754e-05
elevators,mlp_deep,ZScore,clip,2,2,2.078329856767244e-05
elevators,mlp_deep,ZScore,clip,2,3,8.681580835555107e-06
elevators,mlp_deep,ZScore,clip,2,4,0.00020772077003868518
elevators,mlp_deep,ZScore,clip,2,5,0.00010033743370094062
elevators,mlp_deep,ZScore,clip,2,6,5.11569772214832e-06
elevators,mlp_deep,ZScore,clip,2,7,9.023038492924033e-05
elevators,mlp_deep,ZScore,clip,2,8,5.2037501194287e-06
elevators,mlp_deep,ZScore,clip,2,9,5.360274720235697e-05
elevators,mlp_deep,Percentile,remove,0,0,6.37475318818579e-05
elevators,mlp_deep,Percentile,remove,0,1,0.000805370432485778
elevators,mlp_deep,Percentile,remove,0,2,0.0005123907695295566
elevators,mlp_deep,Percentile,remove,0,3,0.00040973047504173687
elevators,mlp_deep,Percentile,remove,0,4,0.00023710985180711347
elevators,mlp_deep,Percentile,remove,0,5,0.0006492355511004716
elevators,mlp_deep,Percentile,remove,0,6,0.0001844763335606597
elevators,mlp_deep,Percentile,remove,0,7,0.0007725832275757716
elevators,mlp_deep,Percentile,remove,0,8,0.00025826145344822827
elevators,mlp_deep,Percentile,remove,0,9,0.0002707359345364037
elevators,mlp_deep,Percentile,remove,1,0,0.00014750483971581678
elevators,mlp_deep,Percentile,remove,1,1,0.00018713923003907737
elevators,mlp_deep,Percentile,remove,1,2,0.0001716019533655642
elevators,mlp_deep,Percentile,remove,1,3,0.001017120478294938
elevators,mlp_deep,Percentile,remove,1,4,0.0008730595973741062
elevators,mlp_deep,Percentile,remove,1,5,0.0001986924160222473
elevators,mlp_deep,Percentile,remove,1,6,0.00014200011494372873
elevators,mlp_deep,Percentile,remove,1,7,0.00017674726056422918
elevators,mlp_deep,Percentile,remove,1,8,0.00021493090799821834
elevators,mlp_deep,Percentile,remove,1,9,0.00014591745747808584
elevators,mlp_deep,Percentile,remove,2,0,0.0008046533125879663
elevators,mlp_deep,Percentile,remove,2,1,0.0001663833027568917
elevators,mlp_deep,Percentile,remove,2,2,0.0015108614423880635
elevators,mlp_deep,Percentile,remove,2,3,0.00034535029853193996
elevators,mlp_deep,Percentile,remove,2,4,0.0004440886280731342
elevators,mlp_deep,Percentile,remove,2,5,0.00023840973644185666
elevators,mlp_deep,Percentile,remove,2,6,0.0001290927772860035
elevators,mlp_deep,Percentile,remove,2,7,0.0012513145163345766
elevators,mlp_deep,Percentile,remove,2,8,0.00031701229032546005
elevators,mlp_deep,Percentile,remove,2,9,0.00018059210441602377
elevators,mlp_deep,Percentile,clip,0,0,8.110708749724358e-06
elevators,mlp_deep,Percentile,clip,0,1,1.1294384048938714e-05
elevators,mlp_deep,Percentile,clip,0,2,7.768417074286024e-06
elevators,mlp_deep,Percentile,clip,0,3,1.0338185961938802e-05
elevators,mlp_deep,Percentile,clip,0,4,7.692884784030633e-06
elevators,mlp_deep,Percentile,clip,0,5,8.765000040299005e-06
elevators,mlp_deep,Percentile,clip,0,6,1.7487667481932807e-05
elevators,mlp_deep,Percentile,clip,0,7,9.287190626118497e-06
elevators,mlp_deep,Percentile,clip,0,8,1.021450203518903e-05
elevators,mlp_deep,Percentile,clip,0,9,9.891943621494194e-06
elevators,mlp_deep,Percentile,clip,1,0,1.0090274828685859e-05
elevators,mlp_deep,Percentile,clip,1,1,8.53785447702045e-06
elevators,mlp_deep,Percentile,clip,1,2,1.3765900323068508e-05
elevators,mlp_deep,Percentile,clip,1,3,1.1536842759128318e-05
elevators,mlp_deep,Percentile,clip,1,4,8.557478609922595e-06
elevators,mlp_deep,Percentile,clip,1,5,9.04799101159066e-06
elevators,mlp_deep,Percentile,clip,1,6,7.751863040038964e-06
elevators,mlp_deep,Percentile,clip,1,7,7.438425087430064e-06
elevators,mlp_deep,Percentile,clip,1,8,9.611532877199748e-06
elevators,mlp_deep,Percentile,clip,1,9,7.682438831672242e-06
elevators,mlp_deep,Percentile,clip,2,0,8.099724318102014e-06
elevators,mlp_deep,Percentile,clip,2,1,7.895384749034209e-06
elevators,mlp_deep,Percentile,clip,2,2,6.255844755956799e-06
elevators,mlp_deep,Percentile,clip,2,3,1.3210090104707782e-05
elevators,mlp_deep,Percentile,clip,2,4,1.0428044341929662e-05
elevators,mlp_deep,Percentile,clip,2,5,7.278384435405538e-06
elevators,mlp_deep,Percentile,clip,2,6,9.053941901588664e-06
elevators,mlp_deep,Percentile,clip,2,7,8.854606692661179e-06
elevators,mlp_deep,Percentile,clip,2,8,9.956827677709479e-06
elevators,mlp_deep,Percentile,clip,2,9,7.810896769358536e-06
elevators,mlp_deep,IsolationForest,remove,0,0,6.4817798213707776e-06
elevators,mlp_deep,IsolationForest,remove,0,1,4.773944838347366e-06
elevators,mlp_deep,IsolationForest,remove,0,2,2.8015665600077565e-05
elevators,mlp_deep,IsolationForest,remove,0,3,1.4969152013174773e-05
elevators,mlp_deep,IsolationForest,remove,0,4,5.654134185706799e-06
elevators,mlp_deep,IsolationForest,remove,0,5,4.771185969572074e-06
elevators,mlp_deep,IsolationForest,remove,0,6,5.249640163723806e-06
elevators,mlp_deep,IsolationForest,remove,0,7,8.37127231051982e-06
elevators,mlp_deep,IsolationForest,remove,0,8,0.00012481886863379934
elevators,mlp_deep,IsolationForest,remove,0,9,4.172907249906427e-06
elevators,mlp_deep,IsolationForest,remove,1,0,9.041587665687167e-06
elevators,mlp_deep,IsolationForest,remove,1,1,5.007426015361406e-06
elevators,mlp_deep,IsolationForest,remove,1,2,1.4460959533573515e-05
elevators,mlp_deep,IsolationForest,remove,1,3,4.7113107439606936e-06
elevators,mlp_deep,IsolationForest,remove,1,4,4.217424398115555e-06
elevators,mlp_deep,IsolationForest,remove,1,5,0.0006038760041510367
elevators,mlp_deep,IsolationForest,remove,1,6,1.7986582017705634e-05
elevators,mlp_deep,IsolationForest,remove,1,7,4.185163083971656e-05
elevators,mlp_deep,IsolationForest,remove,1,8,4.560734940014832e-06
elevators,mlp_deep,IsolationForest,remove,1,9,4.243607614611862e-05
elevators,mlp_deep,IsolationForest,remove,2,0,4.7002715801321816e-05
elevators,mlp_deep,IsolationForest,remove,2,1,4.936116853585614e-06
elevators,mlp_deep,IsolationForest,remove,2,2,7.560939897196844e-06
elevators,mlp_deep,IsolationForest,remove,2,3,2.0787165107626145e-05
elevators,mlp_deep,IsolationForest,remove,2,4,5.514537562491644e-06
elevators,mlp_deep,IsolationForest,remove,2,5,4.073226789535008e-06
elevators,mlp_deep,IsolationForest,remove,2,6,5.365884787206727e-06
elevators,mlp_deep,IsolationForest,remove,2,7,7.676505008578254e-06
elevators,mlp_deep,IsolationForest,remove,2,8,6.5724816187271034e-06
elevators,mlp_deep,IsolationForest,remove,2,9,7.129884780685858e-06
elevators,mlp_deep,LOF,remove,0,0,9.897613712748405e-05
elevators,mlp_deep,LOF,remove,0,1,9.327992691141713e-06
elevators,mlp_deep,LOF,remove,0,2,4.0955997213933184e-06
elevators,mlp_deep,LOF,remove,0,3,9.849903704532294e-06
elevators,mlp_deep,LOF,remove,0,4,9.360626769178243e-06
elevators,mlp_deep,LOF,remove,0,5,7.293424136152666e-05
elevators,mlp_deep,LOF,remove,0,6,8.803285489938497e-05
elevators,mlp_deep,LOF,remove,0,7,5.390999786301763e-06
elevators,mlp_deep,LOF,remove,0,8,5.339485369357191e-06
elevators,mlp_deep,LOF,remove,0,9,3.978909044412782e-06
elevators,mlp_deep,LOF,remove,1,0,1.4880501417857006e-05
elevators,mlp_deep,LOF,remove,1,1,4.16268292017953e-06
elevators,mlp_deep,LOF,remove,1,2,1.3446000559874446e-05
elevators,mlp_deep,LOF,remove,1,3,0.0007099282436672898
elevators,mlp_deep,LOF,remove,1,4,0.0001418833899676166
elevators,mlp_deep,LOF,remove,1,5,5.942134994755471e-06
elevators,mlp_deep,LOF,remove,1,6,4.591040521003355e-05
elevators,mlp_deep,LOF,remove,1,7,4.7789530168754375e-06
elevators,mlp_deep,LOF,remove,1,8,0.0001601057355019799
elevators,mlp_deep,LOF,remove,1,9,5.000233141274661e-06
elevators,mlp_deep,LOF,remove,2,0,9.864726848678042e-05
elevators,mlp_deep,LOF,remove,2,1,2.458987310845429e-05
elevators,mlp_deep,LOF,remove,2,2,0.00010233817311018215
elevators,mlp_deep,LOF,remove,2,3,2.0045291497569076e-05
elevators,mlp_deep,LOF,remove,2,4,4.0157450050662104e-05
elevators,mlp_deep,LOF,remove,2,5,0.0009171753170197236
elevators,mlp_deep,LOF,remove,2,6,3.4526994804600764e-05
elevators,mlp_deep,LOF,remove,2,7,0.00021581842721782215
elevators,mlp_deep,LOF,remove,2,8,4.570936788115529e-05
elevators,mlp_deep,LOF,remove,2,9,0.001291653756246793
elevators,mlp_deep,Autoencoder,remove,0,0,0.06459385674602315
elevators,mlp_deep,Autoencoder,remove,0,1,4.076040970323342e-06
elevators,mlp_deep,Autoencoder,remove,0,2,8.282220972970294e-06
elevators,mlp_deep,Autoencoder,remove,0,3,2.5424547241844097e-05
elevators,mlp_deep,Autoencoder,remove,0,4,4.4255727778287195e-06
elevators,mlp_deep,Autoencoder,remove,0,5,0.00013613365247808724
elevators,mlp_deep,Autoencoder,remove,0,6,2.2156115133540108e-05
elevators,mlp_deep,Autoencoder,remove,0,7,8.381088012198788e-06
elevators,mlp_deep,Autoencoder,remove,0,8,3.980618889286955e-06
elevators,mlp_deep,Autoencoder,remove,0,9,0.0002016962774102311
elevators,mlp_deep,Autoencoder,remove,1,0,1.9375901508457993e-05
elevators,mlp_deep,Autoencoder,remove,1,1,5.015525275621824e-05
elevators,mlp_deep,Autoencoder,remove,1,2,0.00014974271146828792
elevators,mlp_deep,Autoencoder,remove,1,3,0.0006512185373083433
elevators,mlp_deep,Autoencoder,remove,1,4,1.69587818272411e-05
elevators,mlp_deep,Autoencoder,remove,1,5,3.997552880584809e-05
elevators,mlp_deep,Autoencoder,remove,1,6,3.924098413522103e-06
elevators,mlp_deep,Autoencoder,remove,1,7,7.964029089448815e-06
elevators,mlp_deep,Autoencoder,remove,1,8,3.831644367374884e-06
elevators,mlp_deep,Autoencoder,remove,1,9,3.892349438728312e-06
elevators,mlp_deep,Autoencoder,remove,2,0,4.2041587271774e-06
elevators,mlp_deep,Autoencoder,remove,2,1,1.1956345088308744e-05
elevators,mlp_deep,Autoencoder,remove,2,2,7.087136382710746e-06
elevators,mlp_deep,Autoencoder,remove,2,3,7.9553965258942e-06
elevators,mlp_deep,Autoencoder,remove,2,4,0.0002714325406926914
elevators,mlp_deep,Autoencoder,remove,2,5,7.775047655896805e-05
elevators,mlp_deep,Autoencoder,remove,2,6,2.4909156132295767e-05
elevators,mlp_deep,Autoencoder,remove,2,7,7.049220797481771e-05
elevators,mlp_deep,Autoencoder,remove,2,8,4.161551867769085e-06
elevators,mlp_deep,Autoencoder,remove,2,9,8.568296906393517e-05
eucalyptus,mlp_deep,None,remove,0,0,0.48936170212765956
eucalyptus,mlp_deep,None,remove,0,1,0.44680851063829785
eucalyptus,mlp_deep,None,remove,0,2,0.6170212765957447
eucalyptus,mlp_deep,None,remove,0,3,0.46808510638297873
eucalyptus,mlp_deep,None,remove,0,4,0.5106382978723404
eucalyptus,mlp_deep,None,remove,0,5,0.44680851063829785
eucalyptus,mlp_deep,None,remove,0,6,0.425531914893617
eucalyptus,mlp_deep,None,remove,0,7,0.5319148936170213
eucalyptus,mlp_deep,None,remove,0,8,0.574468085106383
eucalyptus,mlp_deep,None,remove,0,9,0.40425531914893614
eucalyptus,mlp_deep,None,remove,1,0,0.46808510638297873
eucalyptus,mlp_deep,None,remove,1,1,0.3829787234042553
eucalyptus,mlp_deep,None,remove,1,2,0.3617021276595745
eucalyptus,mlp_deep,None,remove,1,3,0.3829787234042553
eucalyptus,mlp_deep,None,remove,1,4,0.5531914893617021
eucalyptus,mlp_deep,None,remove,1,5,0.425531914893617
eucalyptus,mlp_deep,None,remove,1,6,0.48936170212765956
eucalyptus,mlp_deep,None,remove,1,7,0.46808510638297873
eucalyptus,mlp_deep,None,remove,1,8,0.5957446808510638
eucalyptus,mlp_deep,None,remove,1,9,0.3829787234042553
eucalyptus,mlp_deep,None,remove,2,0,0.5531914893617021
eucalyptus,mlp_deep,None,remove,2,1,0.48936170212765956
eucalyptus,mlp_deep,None,remove,2,2,0.48936170212765956
eucalyptus,mlp_deep,None,remove,2,3,0.2553191489361702
eucalyptus,mlp_deep,None,remove,2,4,0.3829787234042553
eucalyptus,mlp_deep,None,remove,2,5,0.46808510638297873
eucalyptus,mlp_deep,None,remove,2,6,0.425531914893617
eucalyptus,mlp_deep,None,remove,2,7,0.5531914893617021
eucalyptus,mlp_deep,None,remove,2,8,0.5319148936170213
eucalyptus,mlp_deep,None,remove,2,9,0.2978723404255319
eucalyptus,mlp_deep,ZScore,remove,0,0,0.48936170212765956
eucalyptus,mlp_deep,ZScore,remove,0,1,0.44680851063829785
eucalyptus,mlp_deep,ZScore,remove,0,2,0.6170212765957447
eucalyptus,mlp_deep,ZScore,remove,0,3,0.46808510638297873
eucalyptus,mlp_deep,ZScore,remove,0,4,0.5106382978723404
eucalyptus,mlp_deep,ZScore,remove,0,5,0.44680851063829785
eucalyptus,mlp_deep,ZScore,remove,0,6,0.425531914893617
eucalyptus,mlp_deep,ZScore,remove,0,7,0.5319148936170213
eucalyptus,mlp_deep,ZScore,remove,0,8,0.574468085106383
eucalyptus,mlp_deep,ZScore,remove,0,9,0.40425531914893614
eucalyptus,mlp_deep,ZScore,remove,1,0,0.46808510638297873
eucalyptus,mlp_deep,ZScore,remove,1,1,0.3829787234042553
eucalyptus,mlp_deep,ZScore,remove,1,2,0.3617021276595745
eucalyptus,mlp_deep,ZScore,remove,1,3,0.3829787234042553
eucalyptus,mlp_deep,ZScore,remove,1,4,0.5531914893617021
eucalyptus,mlp_deep,ZScore,remove,1,5,0.425531914893617
eucalyptus,mlp_deep,ZScore,remove,1,6,0.48936170212765956
eucalyptus,mlp_deep,ZScore,remove,1,7,0.46808510638297873
eucalyptus,mlp_deep,ZScore,remove,1,8,0.5957446808510638
eucalyptus,mlp_deep,ZScore,remove,1,9,0.3829787234042553
eucalyptus,mlp_deep,ZScore,remove,2,0,0.5531914893617021
eucalyptus,mlp_deep,ZScore,remove,2,1,0.48936170212765956
eucalyptus,mlp_deep,ZScore,remove,2,2,0.48936170212765956
eucalyptus,mlp_deep,ZScore,remove,2,3,0.2553191489361702
eucalyptus,mlp_deep,ZScore,remove,2,4,0.3829787234042553
eucalyptus,mlp_deep,ZScore,remove,2,5,0.46808510638297873
eucalyptus,mlp_deep,ZScore,remove,2,6,0.425531914893617
eucalyptus,mlp_deep,ZScore,remove,2,7,0.5531914893617021
eucalyptus,mlp_deep,ZScore,remove,2,8,0.5319148936170213
eucalyptus,mlp_deep,ZScore,remove,2,9,0.2978723404255319
eucalyptus,mlp_deep,ZScore,clip,0,0,0.48936170212765956
eucalyptus,mlp_deep,ZScore,clip,0,1,0.44680851063829785
eucalyptus,mlp_deep,ZScore,clip,0,2,0.6170212765957447
eucalyptus,mlp_deep,ZScore,clip,0,3,0.46808510638297873
eucalyptus,mlp_deep,ZScore,clip,0,4,0.5106382978723404
eucalyptus,mlp_deep,ZScore,clip,0,5,0.44680851063829785
eucalyptus,mlp_deep,ZScore,clip,0,6,0.425531914893617
eucalyptus,mlp_deep,ZScore,clip,0,7,0.5319148936170213
eucalyptus,mlp_deep,ZScore,clip,0,8,0.574468085106383
eucalyptus,mlp_deep,ZScore,clip,0,9,0.40425531914893614
eucalyptus,mlp_deep,ZScore,clip,1,0,0.46808510638297873
eucalyptus,mlp_deep,ZScore,clip,1,1,0.3829787234042553
eucalyptus,mlp_deep,ZScore,clip,1,2,0.3617021276595745
eucalyptus,mlp_deep,ZScore,clip,1,3,0.3829787234042553
eucalyptus,mlp_deep,ZScore,clip,1,4,0.5531914893617021
eucalyptus,mlp_deep,ZScore,clip,1,5,0.425531914893617
eucalyptus,mlp_deep,ZScore,clip,1,6,0.48936170212765956
eucalyptus,mlp_deep,ZScore,clip,1,7,0.46808510638297873
eucalyptus,mlp_deep,ZScore,clip,1,8,0.5957446808510638
eucalyptus,mlp_deep,ZScore,clip,1,9,0.3829787234042553
eucalyptus,mlp_deep,ZScore,clip,2,0,0.5531914893617021
eucalyptus,mlp_deep,ZScore,clip,2,1,0.48936170212765956
eucalyptus,mlp_deep,ZScore,clip,2,2,0.48936170212765956
eucalyptus,mlp_deep,ZScore,clip,2,3,0.2553191489361702
eucalyptus,mlp_deep,ZScore,clip,2,4,0.3829787234042553
eucalyptus,mlp_deep,ZScore,clip,2,5,0.46808510638297873
eucalyptus,mlp_deep,ZScore,clip,2,6,0.425531914893617
eucalyptus,mlp_deep,ZScore,clip,2,7,0.5531914893617021
eucalyptus,mlp_deep,ZScore,clip,2,8,0.5319148936170213
eucalyptus,mlp_deep,ZScore,clip,2,9,0.2978723404255319
eucalyptus,mlp_deep,Percentile,remove,0,0,0.5106382978723404
eucalyptus,mlp_deep,Percentile,remove,0,1,0.2553191489361702
eucalyptus,mlp_deep,Percentile,remove,0,2,0.425531914893617
eucalyptus,mlp_deep,Percentile,remove,0,3,0.40425531914893614
eucalyptus,mlp_deep,Percentile,remove,0,4,0.2978723404255319
eucalyptus,mlp_deep,Percentile,remove,0,5,0.2978723404255319
eucalyptus,mlp_deep,Percentile,remove,0,6,0.3617021276595745
eucalyptus,mlp_deep,Percentile,remove,0,7,0.44680851063829785
eucalyptus,mlp_deep,Percentile,remove,0,8,0.5319148936170213
eucalyptus,mlp_deep,Percentile,remove,0,9,0.3617021276595745
eucalyptus,mlp_deep,Percentile,remove,1,0,0.46808510638297873
eucalyptus,mlp_deep,Percentile,remove,1,1,0.3191489361702128
eucalyptus,mlp_deep,Percentile,remove,1,2,0.3829787234042553
eucalyptus,mlp_deep,Percentile,remove,1,3,0.425531914893617
eucalyptus,mlp_deep,Percentile,remove,1,4,0.46808510638297873
eucalyptus,mlp_deep,Percentile,remove,1,5,0.3404255319148936
eucalyptus,mlp_deep,Percentile,remove,1,6,0.5319148936170213
eucalyptus,mlp_deep,Percentile,remove,1,7,0.3404255319148936
eucalyptus,mlp_deep,Percentile,remove,1,8,0.425531914893617
eucalyptus,mlp_deep,Percentile,remove,1,9,0.3191489361702128
eucalyptus,mlp_deep,Percentile,remove,2,0,0.2765957446808511
eucalyptus,mlp_deep,Percentile,remove,2,1,0.46808510638297873
eucalyptus,mlp_deep,Percentile,remove,2,2,0.3191489361702128
eucalyptus,mlp_deep,Percentile,remove,2,3,0.48936170212765956
eucalyptus,mlp_deep,Percentile,remove,2,4,0.40425531914893614
eucalyptus,mlp_deep,Percentile,remove,2,5,0.44680851063829785
eucalyptus,mlp_deep,Percentile,remove,2,6,0.3617021276595745
eucalyptus,mlp_deep,Percentile,remove,2,7,0.425531914893617
eucalyptus,mlp_deep,Percentile,remove,2,8,0.5531914893617021
eucalyptus,mlp_deep,Percentile,remove,2,9,0.3617021276595745
eucalyptus,mlp_deep,Percentile,clip,0,0,0.5106382978723404
eucalyptus,mlp_deep,Percentile,clip,0,1,0.40425531914893614
eucalyptus,mlp_deep,Percentile,clip,0,2,0.574468085106383
eucalyptus,mlp_deep,Percentile,clip,0,3,0.46808510638297873
eucalyptus,mlp_deep,Percentile,clip,0,4,0.48936170212765956
eucalyptus,mlp_deep,Percentile,clip,0,5,0.425531914893617
eucalyptus,mlp_deep,Percentile,clip,0,6,0.425531914893617
eucalyptus,mlp_deep,Percentile,clip,0,7,0.3617021276595745
eucalyptus,mlp_deep,Percentile,clip,0,8,0.5531914893617021
eucalyptus,mlp_deep,Percentile,clip,0,9,0.44680851063829785
eucalyptus,mlp_deep,Percentile,clip,1,0,0.44680851063829785
eucalyptus,mlp_deep,Percentile,clip,1,1,0.3404255319148936
eucalyptus,mlp_deep,Percentile,clip,1,2,0.40425531914893614
eucalyptus,mlp_deep,Percentile,clip,1,3,0.3829787234042553
eucalyptus,mlp_deep,Percentile,clip,1,4,0.574468085106383
eucalyptus,mlp_deep,Percentile,clip,1,5,0.3829787234042553
eucalyptus,mlp_deep,Percentile,clip,1,6,0.5106382978723404
eucalyptus,mlp_deep,Percentile,clip,1,7,0.425531914893617
eucalyptus,mlp_deep,Percentile,clip,1,8,0.6170212765957447
eucalyptus,mlp_deep,Percentile,clip,1,9,0.40425531914893614
eucalyptus,mlp_deep,Percentile,clip,2,0,0.5319148936170213
eucalyptus,mlp_deep,Percentile,clip,2,1,0.5106382978723404
eucalyptus,mlp_deep,Percentile,clip,2,2,0.46808510638297873
eucalyptus,mlp_deep,Percentile,clip,2,3,0.2553191489361702
eucalyptus,mlp_deep,Percentile,clip,2,4,0.40425531914893614
eucalyptus,mlp_deep,Percentile,clip,2,5,0.46808510638297873
eucalyptus,mlp_deep,Percentile,clip,2,6,0.2765957446808511
eucalyptus,mlp_deep,Percentile,clip,2,7,0.5531914893617021
eucalyptus,mlp_deep,Percentile,clip,2,8,0.5319148936170213
eucalyptus,mlp_deep,Percentile,clip,2,9,0.425531914893617
eucalyptus,mlp_deep,IsolationForest,remove,0,0,0.425531914893617
eucalyptus,mlp_deep,IsolationForest,remove,0,1,0.3829787234042553
eucalyptus,mlp_deep,IsolationForest,remove,0,2,0.5957446808510638
eucalyptus,mlp_deep,IsolationForest,remove,0,3,0.5319148936170213
eucalyptus,mlp_deep,IsolationForest,remove,0,4,0.6382978723404256
eucalyptus,mlp_deep,IsolationForest,remove,0,5,0.44680851063829785
eucalyptus,mlp_deep,IsolationForest,remove,0,6,0.46808510638297873
eucalyptus,mlp_deep,IsolationForest,remove,0,7,0.48936170212765956
eucalyptus,mlp_deep,IsolationForest,remove,0,8,0.6382978723404256
eucalyptus,mlp_deep,IsolationForest,remove,0,9,0.46808510638297873
eucalyptus,mlp_deep,IsolationForest,remove,1,0,0.44680851063829785
eucalyptus,mlp_deep,IsolationForest,remove,1,1,0.3829787234042553
eucalyptus,mlp_deep,IsolationForest,remove,1,2,0.3829787234042553
eucalyptus,mlp_deep,IsolationForest,remove,1,3,0.3617021276595745
eucalyptus,mlp_deep,IsolationForest,remove,1,4,0.6808510638297872
eucalyptus,mlp_deep,IsolationForest,remove,1,5,0.5957446808510638
eucalyptus,mlp_deep,IsolationForest,remove,1,6,0.574468085106383
eucalyptus,mlp_deep,IsolationForest,remove,1,7,0.5106382978723404
eucalyptus,mlp_deep,IsolationForest,remove,1,8,0.5957446808510638
eucalyptus,mlp_deep,IsolationForest,remove,1,9,0.40425531914893614
eucalyptus,mlp_deep,IsolationForest,remove,2,0,0.19148936170212766
eucalyptus,mlp_deep,IsolationForest,remove,2,1,0.574468085106383
eucalyptus,mlp_deep,IsolationForest,remove,2,2,0.5106382978723404
eucalyptus,mlp_deep,IsolationForest,remove,2,3,0.574468085106383
eucalyptus,mlp_deep,IsolationForest,remove,2,4,0.3829787234042553
eucalyptus,mlp_deep,IsolationForest,remove,2,5,0.44680851063829785
eucalyptus,mlp_deep,IsolationForest,remove,2,6,0.44680851063829785
eucalyptus,mlp_deep,IsolationForest,remove,2,7,0.5319148936170213
eucalyptus,mlp_deep,IsolationForest,remove,2,8,0.574468085106383
eucalyptus,mlp_deep,IsolationForest,remove,2,9,0.3829787234042553
eucalyptus,mlp_deep,LOF,remove,0,0,0.46808510638297873
eucalyptus,mlp_deep,LOF,remove,0,1,0.44680851063829785
eucalyptus,mlp_deep,LOF,remove,0,2,0.5106382978723404
eucalyptus,mlp_deep,LOF,remove,0,3,0.5531914893617021
eucalyptus,mlp_deep,LOF,remove,0,4,0.5106382978723404
eucalyptus,mlp_deep,LOF,remove,0,5,0.2127659574468085
eucalyptus,mlp_deep,LOF,remove,0,6,0.40425531914893614
eucalyptus,mlp_deep,LOF,remove,0,7,0.46808510638297873
eucalyptus,mlp_deep,LOF,remove,0,8,0.5319148936170213
eucalyptus,mlp_deep,LOF,remove,0,9,0.574468085106383
eucalyptus,mlp_deep,LOF,remove,1,0,0.5319148936170213
eucalyptus,mlp_deep,LOF,remove,1,1,0.40425531914893614
eucalyptus,mlp_deep,LOF,remove,1,2,0.3404255319148936
eucalyptus,mlp_deep,LOF,remove,1,3,0.40425531914893614
eucalyptus,mlp_deep,LOF,remove,1,4,0.5531914893617021
eucalyptus,mlp_deep,LOF,remove,1,5,0.2978723404255319
eucalyptus,mlp_deep,LOF,remove,1,6,0.6170212765957447
eucalyptus,mlp_deep,LOF,remove,1,7,0.425531914893617
eucalyptus,mlp_deep,LOF,remove,1,8,0.574468085106383
eucalyptus,mlp_deep,LOF,remove,1,9,0.46808510638297873
eucalyptus,mlp_deep,LOF,remove,2,0,0.3829787234042553
eucalyptus,mlp_deep,LOF,remove,2,1,0.425531914893617
eucalyptus,mlp_deep,LOF,remove,2,2,0.3829787234042553
eucalyptus,mlp_deep,LOF,remove,2,3,0.5319148936170213
eucalyptus,mlp_deep,LOF,remove,2,4,0.5319148936170213
eucalyptus,mlp_deep,LOF,remove,2,5,0.5106382978723404
eucalyptus,mlp_deep,LOF,remove,2,6,0.44680851063829785
eucalyptus,mlp_deep,LOF,remove,2,7,0.5106382978723404
eucalyptus,mlp_deep,LOF,remove,2,8,0.3404255319148936
eucalyptus,mlp_deep,LOF,remove,2,9,0.425531914893617
eucalyptus,mlp_deep,Autoencoder,remove,0,0,0.48936170212765956
eucalyptus,mlp_deep,Autoencoder,remove,0,1,0.3404255319148936
eucalyptus,mlp_deep,Autoencoder,remove,0,2,0.5531914893617021
eucalyptus,mlp_deep,Autoencoder,remove,0,3,0.5319148936170213
eucalyptus,mlp_deep,Autoencoder,remove,0,4,0.5319148936170213
eucalyptus,mlp_deep,Autoencoder,remove,0,5,0.2978723404255319
eucalyptus,mlp_deep,Autoencoder,remove,0,6,0.574468085106383
eucalyptus,mlp_deep,Autoencoder,remove,0,7,0.5319148936170213
eucalyptus,mlp_deep,Autoencoder,remove,0,8,0.5531914893617021
eucalyptus,mlp_deep,Autoencoder,remove,0,9,0.48936170212765956
eucalyptus,mlp_deep,Autoencoder,remove,1,0,0.3829787234042553
eucalyptus,mlp_deep,Autoencoder,remove,1,1,0.40425531914893614
eucalyptus,mlp_deep,Autoencoder,remove,1,2,0.46808510638297873
eucalyptus,mlp_deep,Autoencoder,remove,1,3,0.44680851063829785
eucalyptus,mlp_deep,Autoencoder,remove,1,4,0.574468085106383
eucalyptus,mlp_deep,Autoencoder,remove,1,5,0.6382978723404256
eucalyptus,mlp_deep,Autoencoder,remove,1,6,0.5106382978723404
eucalyptus,mlp_deep,Autoencoder,remove,1,7,0.5319148936170213
eucalyptus,mlp_deep,Autoencoder,remove,1,8,0.5106382978723404
eucalyptus,mlp_deep,Autoencoder,remove,1,9,0.3829787234042553
eucalyptus,mlp_deep,Autoencoder,remove,2,0,0.5106382978723404
eucalyptus,mlp_deep,Autoencoder,remove,2,1,0.40425531914893614
eucalyptus,mlp_deep,Autoencoder,remove,2,2,0.5106382978723404
eucalyptus,mlp_deep,Autoencoder,remove,2,3,0.5957446808510638
eucalyptus,mlp_deep,Autoencoder,remove,2,4,0.5319148936170213
eucalyptus,mlp_deep,Autoencoder,remove,2,5,0.48936170212765956
eucalyptus,mlp_deep,Autoencoder,remove,2,6,0.40425531914893614
eucalyptus,mlp_deep,Autoencoder,remove,2,7,0.5319148936170213
eucalyptus,mlp_deep,Autoencoder,remove,2,8,0.574468085106383
eucalyptus,mlp_deep,Autoencoder,remove,2,9,0.3404255319148936
eye_movements,mlp_deep,None,remove,0,0,0.42714285714285716
eye_movements,mlp_deep,None,remove,0,1,0.4685714285714286
eye_movements,mlp_deep,None,remove,0,2,0.4471428571428571
eye_movements,mlp_deep,None,remove,0,3,0.44857142857142857
eye_movements,mlp_deep,None,remove,0,4,0.47714285714285715
eye_movements,mlp_deep,None,remove,0,5,0.44
eye_movements,mlp_deep,None,remove,0,6,0.4442857142857143
eye_movements,mlp_deep,None,remove,0,7,0.4685714285714286
eye_movements,mlp_deep,None,remove,0,8,0.46924177396280403
eye_movements,mlp_deep,None,remove,0,9,0.47067238912732473
eye_movements,mlp_deep,None,remove,1,0,0.4828571428571429
eye_movements,mlp_deep,None,remove,1,1,0.4957142857142857
eye_movements,mlp_deep,None,remove,1,2,0.44142857142857145
eye_movements,mlp_deep,None,remove,1,3,0.4642857142857143
eye_movements,mlp_deep,None,remove,1,4,0.4785714285714286
eye_movements,mlp_deep,None,remove,1,5,0.47
eye_movements,mlp_deep,None,remove,1,6,0.48857142857142855
eye_movements,mlp_deep,None,remove,1,7,0.45714285714285713
eye_movements,mlp_deep,None,remove,1,8,0.4263233190271817
eye_movements,mlp_deep,None,remove,1,9,0.41487839771101576
eye_movements,mlp_deep,None,remove,2,0,0.47285714285714286
eye_movements,mlp_deep,None,remove,2,1,0.44142857142857145
eye_movements,mlp_deep,None,remove,2,2,0.4828571428571429
eye_movements,mlp_deep,None,remove,2,3,0.4442857142857143
eye_movements,mlp_deep,None,remove,2,4,0.4642857142857143
eye_movements,mlp_deep,None,remove,2,5,0.46
eye_movements,mlp_deep,None,remove,2,6,0.4928571428571429
eye_movements,mlp_deep,None,remove,2,7,0.48
eye_movements,mlp_deep,None,remove,2,8,0.47067238912732473
eye_movements,mlp_deep,None,remove,2,9,0.46924177396280403
eye_movements,mlp_deep,ZScore,remove,0,0,0.4657142857142857
eye_movements,mlp_deep,ZScore,remove,0,1,0.4471428571428571
eye_movements,mlp_deep,ZScore,remove,0,2,0.46
eye_movements,mlp_deep,ZScore,remove,0,3,0.4228571428571429
eye_movements,mlp_deep,ZScore,remove,0,4,0.47
eye_movements,mlp_deep,ZScore,remove,0,5,0.4085714285714286
eye_movements,mlp_deep,ZScore,remove,0,6,0.46285714285714286
eye_movements,mlp_deep,ZScore,remove,0,7,0.49
eye_movements,mlp_deep,ZScore,remove,0,8,0.47067238912732473
eye_movements,mlp_deep,ZScore,remove,0,9,0.45779685264663805
eye_movements,mlp_deep,ZScore,remove,1,0,0.4342857142857143
eye_movements,mlp_deep,ZScore,remove,1,1,0.4714285714285714
eye_movements,mlp_deep,ZScore,remove,1,2,0.46
eye_movements,mlp_deep,ZScore,remove,1,3,0.46714285714285714
eye_movements,mlp_deep,ZScore,remove,1,4,0.4642857142857143
eye_movements,mlp_deep,ZScore,remove,1,5,0.4757142857142857
eye_movements,mlp_deep,ZScore,remove,1,6,0.48142857142857143
eye_movements,mlp_deep,ZScore,remove,1,7,0.44142857142857145
eye_movements,mlp_deep,ZScore,remove,1,8,0.4492131616595136
eye_movements,mlp_deep,ZScore,remove,1,9,0.43490701001430615
eye_movements,mlp_deep,ZScore,remove,2,0,0.4642857142857143
eye_movements,mlp_deep,ZScore,remove,2,1,0.4828571428571429
eye_movements,mlp_deep,ZScore,remove,2,2,0.41285714285714287
eye_movements,mlp_deep,ZScore,remove,2,3,0.4714285714285714
eye_movements,mlp_deep,ZScore,remove,2,4,0.4714285714285714
eye_movements,mlp_deep,ZScore,remove,2,5,0.38571428571428573
eye_movements,mlp_deep,ZScore,remove,2,6,0.4714285714285714
eye_movements,mlp_deep,ZScore,remove,2,7,0.4514285714285714
eye_movements,mlp_deep,ZScore,remove,2,8,0.46494992846924177
eye_movements,mlp_deep,ZScore,remove,2,9,0.44635193133047213
eye_movements,mlp_deep,ZScore,clip,0,0,0.47285714285714286
eye_movements,mlp_deep,ZScore,clip,0,1,0.45714285714285713
eye_movements,mlp_deep,ZScore,clip,0,2,0.46714285714285714
eye_movements,mlp_deep,ZScore,clip,0,3,0.45571428571428574
eye_movements,mlp_deep,ZScore,clip,0,4,0.4642857142857143
eye_movements,mlp_deep,ZScore,clip,0,5,0.43142857142857144
eye_movements,mlp_deep,ZScore,clip,0,6,0.46285714285714286
eye_movements,mlp_deep,ZScore,clip,0,7,0.4657142857142857
eye_movements,mlp_deep,ZScore,clip,0,8,0.47782546494992845
eye_movements,mlp_deep,ZScore,clip,0,9,0.48354792560801146
eye_movements,mlp_deep,ZScore,clip,1,0,0.47285714285714286
eye_movements,mlp_deep,ZScore,clip,1,1,0.4857142857142857
eye_movements,mlp_deep,ZScore,clip,1,2,0.4228571428571429
eye_movements,mlp_deep,ZScore,clip,1,3,0.4542857142857143
eye_movements,mlp_deep,ZScore,clip,1,4,0.4357142857142857
eye_movements,mlp_deep,ZScore,clip,1,5,0.4685714285714286
eye_movements,mlp_deep,ZScore,clip,1,6,0.4928571428571429
eye_movements,mlp_deep,ZScore,clip,1,7,0.46285714285714286
eye_movements,mlp_deep,ZScore,clip,1,8,0.4248927038626609
eye_movements,mlp_deep,ZScore,clip,1,9,0.4234620886981402
eye_movements,mlp_deep,ZScore,clip,2,0,0.48142857142857143
eye_movements,mlp_deep,ZScore,clip,2,1,0.4342857142857143
eye_movements,mlp_deep,ZScore,clip,2,2,0.4714285714285714
eye_movements,mlp_deep,ZScore,clip,2,3,0.4957142857142857
eye_movements,mlp_deep,ZScore,clip,2,4,0.4757142857142857
eye_movements,mlp_deep,ZScore,clip,2,5,0.44285714285714284
eye_movements,mlp_deep,ZScore,clip,2,6,0.4942857142857143
eye_movements,mlp_deep,ZScore,clip,2,7,0.4757142857142857
eye_movements,mlp_deep,ZScore,clip,2,8,0.45493562231759654
eye_movements,mlp_deep,ZScore,clip,2,9,0.5021459227467812
eye_movements,mlp_deep,Percentile,remove,0,0,0.4328571428571429
eye_movements,mlp_deep,Percentile,remove,0,1,0.4471428571428571
eye_movements,mlp_deep,Percentile,remove,0,2,0.46
eye_movements,mlp_deep,Percentile,remove,0,3,0.41
eye_movements,mlp_deep,Percentile,remove,0,4,0.4514285714285714
eye_movements,mlp_deep,Percentile,remove,0,5,0.4614285714285714
eye_movements,mlp_deep,Percentile,remove,0,6,0.4471428571428571
eye_movements,mlp_deep,Percentile,remove,0,7,0.4328571428571429
eye_movements,mlp_deep,Percentile,remove,0,8,0.43061516452074394
eye_movements,mlp_deep,Percentile,remove,0,9,0.45493562231759654
eye_movements,mlp_deep,Percentile,remove,1,0,0.4114285714285714
eye_movements,mlp_deep,Percentile,remove,1,1,0.4614285714285714
eye_movements,mlp_deep,Percentile,remove,1,2,0.43142857142857144
eye_movements,mlp_deep,Percentile,remove,1,3,0.42
eye_movements,mlp_deep,Percentile,remove,1,4,0.45285714285714285
eye_movements,mlp_deep,Percentile,remove,1,5,0.44142857142857145
eye_movements,mlp_deep,Percentile,remove,1,6,0.4257142857142857
eye_movements,mlp_deep,Percentile,remove,1,7,0.47285714285714286
eye_movements,mlp_deep,Percentile,remove,1,8,0.41487839771101576
eye_movements,mlp_deep,Percentile,remove,1,9,0.40486409155937053
eye_movements,mlp_deep,Percentile,remove,2,0,0.44142857142857145
eye_movements,mlp_deep,Percentile,remove,2,1,0.4257142857142857
eye_movements,mlp_deep,Percentile,remove,2,2,0.47285714285714286
eye_movements,mlp_deep,Percentile,remove,2,3,0.42857142857142855
eye_movements,mlp_deep,Percentile,remove,2,4,0.4142857142857143
eye_movements,mlp_deep,Percentile,remove,2,5,0.4042857142857143
eye_movements,mlp_deep,Percentile,remove,2,6,0.46285714285714286
eye_movements,mlp_deep,Percentile,remove,2,7,0.44142857142857145
eye_movements,mlp_deep,Percentile,remove,2,8,0.4363376251788269
eye_movements,mlp_deep,Percentile,remove,2,9,0.4406294706723891
eye_movements,mlp_deep,Percentile,clip,0,0,0.43857142857142856
eye_movements,mlp_deep,Percentile,clip,0,1,0.44571428571428573
eye_movements,mlp_deep,Percentile,clip,0,2,0.4614285714285714
eye_movements,mlp_deep,Percentile,clip,0,3,0.44571428571428573
eye_movements,mlp_deep,Percentile,clip,0,4,0.4185714285714286
eye_movements,mlp_deep,Percentile,clip,0,5,0.4514285714285714
eye_movements,mlp_deep,Percentile,clip,0,6,0.4757142857142857
eye_movements,mlp_deep,Percentile,clip,0,7,0.48714285714285716
eye_movements,mlp_deep,Percentile,clip,0,8,0.47067238912732473
eye_movements,mlp_deep,Percentile,clip,0,9,0.46208869814020026
eye_movements,mlp_deep,Percentile,clip,1,0,0.49142857142857144
eye_movements,mlp_deep,Percentile,clip,1,1,0.48
eye_movements,mlp_deep,Percentile,clip,1,2,0.4342857142857143
eye_movements,mlp_deep,Percentile,clip,1,3,0.4657142857142857
eye_movements,mlp_deep,Percentile,clip,1,4,0.48
eye_movements,mlp_deep,Percentile,clip,1,5,0.4657142857142857
eye_movements,mlp_deep,Percentile,clip,1,6,0.46
eye_movements,mlp_deep,Percentile,clip,1,7,0.4342857142857143
eye_movements,mlp_deep,Percentile,clip,1,8,0.4334763948497854
eye_movements,mlp_deep,Percentile,clip,1,9,0.4206008583690987
eye_movements,mlp_deep,Percentile,clip,2,0,0.4714285714285714
eye_movements,mlp_deep,Percentile,clip,2,1,0.4471428571428571
eye_movements,mlp_deep,Percentile,clip,2,2,0.48
eye_movements,mlp_deep,Percentile,clip,2,3,0.4471428571428571
eye_movements,mlp_deep,Percentile,clip,2,4,0.46714285714285714
eye_movements,mlp_deep,Percentile,clip,2,5,0.43142857142857144
eye_movements,mlp_deep,Percentile,clip,2,6,0.49857142857142855
eye_movements,mlp_deep,Percentile,clip,2,7,0.4828571428571429
eye_movements,mlp_deep,Percentile,clip,2,8,0.46494992846924177
eye_movements,mlp_deep,Percentile,clip,2,9,0.47067238912732473
eye_movements,mlp_deep,IsolationForest,remove,0,0,0.4685714285714286
eye_movements,mlp_deep,IsolationForest,remove,0,1,0.4357142857142857
eye_movements,mlp_deep,IsolationForest,remove,0,2,0.43714285714285717
eye_movements,mlp_deep,IsolationForest,remove,0,3,0.4471428571428571
eye_movements,mlp_deep,IsolationForest,remove,0,4,0.45
eye_movements,mlp_deep,IsolationForest,remove,0,5,0.41
eye_movements,mlp_deep,IsolationForest,remove,0,6,0.4785714285714286
eye_movements,mlp_deep,IsolationForest,remove,0,7,0.47
eye_movements,mlp_deep,IsolationForest,remove,0,8,0.4520743919885551
eye_movements,mlp_deep,IsolationForest,remove,0,9,0.463519313304721
eye_movements,mlp_deep,IsolationForest,remove,1,0,0.4742857142857143
eye_movements,mlp_deep,IsolationForest,remove,1,1,0.4357142857142857
eye_movements,mlp_deep,IsolationForest,remove,1,2,0.44857142857142857
eye_movements,mlp_deep,IsolationForest,remove,1,3,0.44571428571428573
eye_movements,mlp_deep,IsolationForest,remove,1,4,0.4657142857142857
eye_movements,mlp_deep,IsolationForest,remove,1,5,0.44857142857142857
eye_movements,mlp_deep,IsolationForest,remove,1,6,0.4685714285714286
eye_movements,mlp_deep,IsolationForest,remove,1,7,0.4614285714285714
eye_movements,mlp_deep,IsolationForest,remove,1,8,0.4434907010014306
eye_movements,mlp_deep,IsolationForest,remove,1,9,0.4406294706723891
eye_movements,mlp_deep,IsolationForest,remove,2,0,0.47285714285714286
eye_movements,mlp_deep,IsolationForest,remove,2,1,0.4657142857142857
eye_movements,mlp_deep,IsolationForest,remove,2,2,0.4657142857142857
eye_movements,mlp_deep,IsolationForest,remove,2,3,0.48142857142857143
eye_movements,mlp_deep,IsolationForest,remove,2,4,0.44571428571428573
eye_movements,mlp_deep,IsolationForest,remove,2,5,0.4328571428571429
eye_movements,mlp_deep,IsolationForest,remove,2,6,0.44285714285714284
eye_movements,mlp_deep,IsolationForest,remove,2,7,0.46
eye_movements,mlp_deep,IsolationForest,remove,2,8,0.45493562231759654
eye_movements,mlp_deep,IsolationForest,remove,2,9,0.46924177396280403
eye_movements,mlp_deep,LOF,remove,0,0,0.43714285714285717
eye_movements,mlp_deep,LOF,remove,0,1,0.4785714285714286
eye_movements,mlp_deep,LOF,remove,0,2,0.43714285714285717
eye_movements,mlp_deep,LOF,remove,0,3,0.44571428571428573
eye_movements,mlp_deep,LOF,remove,0,4,0.48
eye_movements,mlp_deep,LOF,remove,0,5,0.4185714285714286
eye_movements,mlp_deep,LOF,remove,0,6,0.47285714285714286
eye_movements,mlp_deep,LOF,remove,0,7,0.4828571428571429
eye_movements,mlp_deep,LOF,remove,0,8,0.4449213161659514
eye_movements,mlp_deep,LOF,remove,0,9,0.46065808297567956
eye_movements,mlp_deep,LOF,remove,1,0,0.4757142857142857
eye_movements,mlp_deep,LOF,remove,1,1,0.5028571428571429
eye_movements,mlp_deep,LOF,remove,1,2,0.4228571428571429
eye_movements,mlp_deep,LOF,remove,1,3,0.4542857142857143
eye_movements,mlp_deep,LOF,remove,1,4,0.45285714285714285
eye_movements,mlp_deep,LOF,remove,1,5,0.45
eye_movements,mlp_deep,LOF,remove,1,6,0.47714285714285715
eye_movements,mlp_deep,LOF,remove,1,7,0.4585714285714286
eye_movements,mlp_deep,LOF,remove,1,8,0.45779685264663805
eye_movements,mlp_deep,LOF,remove,1,9,0.4062947067238913
eye_movements,mlp_deep,LOF,remove,2,0,0.44
eye_movements,mlp_deep,LOF,remove,2,1,0.44142857142857145
eye_movements,mlp_deep,LOF,remove,2,2,0.4342857142857143
eye_movements,mlp_deep,LOF,remove,2,3,0.47714285714285715
eye_movements,mlp_deep,LOF,remove,2,4,0.4614285714285714
eye_movements,mlp_deep,LOF,remove,2,5,0.4471428571428571
eye_movements,mlp_deep,LOF,remove,2,6,0.4857142857142857
eye_movements,mlp_deep,LOF,remove,2,7,0.4714285714285714
eye_movements,mlp_deep,LOF,remove,2,8,0.4449213161659514
eye_movements,mlp_deep,LOF,remove,2,9,0.46924177396280403
eye_movements,mlp_deep,Autoencoder,remove,0,0,0.47285714285714286
eye_movements,mlp_deep,Autoencoder,remove,0,1,0.4514285714285714
eye_movements,mlp_deep,Autoencoder,remove,0,2,0.46714285714285714
eye_movements,mlp_deep,Autoencoder,remove,0,3,0.44857142857142857
eye_movements,mlp_deep,Autoencoder,remove,0,4,0.47714285714285715
eye_movements,mlp_deep,Autoencoder,remove,0,5,0.45285714285714285
eye_movements,mlp_deep,Autoencoder,remove,0,6,0.48428571428571426
eye_movements,mlp_deep,Autoencoder,remove,0,7,0.4585714285714286
eye_movements,mlp_deep,Autoencoder,remove,0,8,0.43204577968526464
eye_movements,mlp_deep,Autoencoder,remove,0,9,0.4978540772532189
eye_movements,mlp_deep,Autoencoder,remove,1,0,0.44571428571428573
eye_movements,mlp_deep,Autoencoder,remove,1,1,0.43857142857142856
eye_movements,mlp_deep,Autoencoder,remove,1,2,0.42857142857142855
eye_movements,mlp_deep,Autoencoder,remove,1,3,0.4642857142857143
eye_movements,mlp_deep,Autoencoder,remove,1,4,0.45571428571428574
eye_movements,mlp_deep,Autoencoder,remove,1,5,0.4614285714285714
eye_movements,mlp_deep,Autoencoder,remove,1,6,0.46
eye_movements,mlp_deep,Autoencoder,remove,1,7,0.4614285714285714
eye_movements,mlp_deep,Autoencoder,remove,1,8,0.4449213161659514
eye_movements,mlp_deep,Autoencoder,remove,1,9,0.4449213161659514
eye_movements,mlp_deep,Autoencoder,remove,2,0,0.45
eye_movements,mlp_deep,Autoencoder,remove,2,1,0.47
eye_movements,mlp_deep,Autoencoder,remove,2,2,0.4685714285714286
eye_movements,mlp_deep,Autoencoder,remove,2,3,0.45571428571428574
eye_movements,mlp_deep,Autoencoder,remove,2,4,0.4585714285714286
eye_movements,mlp_deep,Autoencoder,remove,2,5,0.4228571428571429
eye_movements,mlp_deep,Autoencoder,remove,2,6,0.4585714285714286
eye_movements,mlp_deep,Autoencoder,remove,2,7,0.45
eye_movements,mlp_deep,Autoencoder,remove,2,8,0.463519313304721
eye_movements,mlp_deep,Autoencoder,remove,2,9,0.4234620886981402
house_16H,mlp_deep,None,remove,0,0,0.875
house_16H,mlp_deep,None,remove,0,1,0.8530092592592593
house_16H,mlp_deep,None,remove,0,2,0.8876013904982619
house_16H,mlp_deep,None,remove,0,3,0.8621089223638471
house_16H,mlp_deep,None,remove,0,4,0.8760139049826188
house_16H,mlp_deep,None,remove,0,5,0.8493626882966396
house_16H,mlp_deep,None,remove,0,6,0.8760139049826188
house_16H,mlp_deep,None,remove,0,7,0.8597914252607184
house_16H,mlp_deep,None,remove,0,8,0.8690614136732329
house_16H,mlp_deep,None,remove,0,9,0.8516801853997682
house_16H,mlp_deep,None,remove,1,0,0.8622685185185185
house_16H,mlp_deep,None,remove,1,1,0.8819444444444444
house_16H,mlp_deep,None,remove,1,2,0.8760139049826188
house_16H,mlp_deep,None,remove,1,3,0.8528389339513326
house_16H,mlp_deep,None,remove,1,4,0.8482039397450754
house_16H,mlp_deep,None,remove,1,5,0.8586326767091541
house_16H,mlp_deep,None,remove,1,6,0.8435689455388181
house_16H,mlp_deep,None,remove,1,7,0.8621089223638471
house_16H,mlp_deep,None,remove,1,8,0.8574739281575898
house_16H,mlp_deep,None,remove,1,9,0.8690614136732329
house_16H,mlp_deep,None,remove,2,0,0.8784722222222222
house_16H,mlp_deep,None,remove,2,1,0.8506944444444444
house_16H,mlp_deep,None,remove,2,2,0.8818076477404403
house_16H,mlp_deep,None,remove,2,3,0.8690614136732329
house_16H,mlp_deep,None,remove,2,4,0.8644264194669756
house_16H,mlp_deep,None,remove,2,5,0.8864426419466975
house_16H,mlp_deep,None,remove,2,6,0.8586326767091541
house_16H,mlp_deep,None,remove,2,7,0.8493626882966396
house_16H,mlp_deep,None,remove,2,8,0.8609501738122828
house_16H,mlp_deep,None,remove,2,9,0.86558516801854
house_16H,mlp_deep,ZScore,remove,0,0,0.8715277777777778
house_16H,mlp_deep,ZScore,remove,0,1,0.8506944444444444
house_16H,mlp_deep,ZScore,remove,0,2,0.8713789107763615
house_16H,mlp_deep,ZScore,remove,0,3,0.8563151796060255
house_16H,mlp_deep,ZScore,remove,0,4,0.8760139049826188
house_16H,mlp_deep,ZScore,remove,0,5,0.8563151796060255
house_16H,mlp_deep,ZScore,remove,0,6,0.8760139049826188
house_16H,mlp_deep,ZScore,remove,0,7,0.8551564310544612
house_16H,mlp_deep,ZScore,remove,0,8,0.880648899188876
house_16H,mlp_deep,ZScore,remove,0,9,0.8632676709154113
house_16H,mlp_deep,ZScore,remove,1,0,0.8865740740740741
house_16H,mlp_deep,ZScore,remove,1,1,0.8935185185185185
house_16H,mlp_deep,ZScore,remove,1,2,0.884125144843569
house_16H,mlp_deep,ZScore,remove,1,3,0.8539976825028969
house_16H,mlp_deep,ZScore,remove,1,4,0.8586326767091541
house_16H,mlp_deep,ZScore,remove,1,5,0.8621089223638471
house_16H,mlp_deep,ZScore,remove,1,6,0.8331402085747392
house_16H,mlp_deep,ZScore,remove,1,7,0.8609501738122828
house_16H,mlp_deep,ZScore,remove,1,8,0.847045191193511
house_16H,mlp_deep,ZScore,remove,1,9,0.8586326767091541
house_16H,mlp_deep,ZScore,remove,2,0,0.8680555555555556
house_16H,mlp_deep,ZScore,remove,2,1,0.8599537037037037
house_16H,mlp_deep,ZScore,remove,2,2,0.8702201622247973
house_16H,mlp_deep,ZScore,remove,2,3,0.8563151796060255
house_16H,mlp_deep,ZScore,remove,2,4,0.8667439165701043
house_16H,mlp_deep,ZScore,remove,2,5,0.8852838933951332
house_16H,mlp_deep,ZScore,remove,2,6,0.8644264194669756
house_16H,mlp_deep,ZScore,remove,2,7,0.8412514484356894
house_16H,mlp_deep,ZScore,remove,2,8,0.8354577056778679
house_16H,mlp_deep,ZScore,remove,2,9,0.8574739281575898
house_16H,mlp_deep,ZScore,clip,0,0,0.8645833333333334
house_16H,mlp_deep,ZScore,clip,0,1,0.8564814814814815
house_16H,mlp_deep,ZScore,clip,0,2,0.8852838933951332
house_16H,mlp_deep,ZScore,clip,0,3,0.8644264194669756
house_16H,mlp_deep,ZScore,clip,0,4,0.8597914252607184
house_16H,mlp_deep,ZScore,clip,0,5,0.8563151796060255
house_16H,mlp_deep,ZScore,clip,0,6,0.8771726535341831
house_16H,mlp_deep,ZScore,clip,0,7,0.8609501738122828
house_16H,mlp_deep,ZScore,clip,0,8,0.880648899188876
house_16H,mlp_deep,ZScore,clip,0,9,0.8702201622247973
house_16H,mlp_deep,ZScore,clip,1,0,0.8622685185185185
house_16H,mlp_deep,ZScore,clip,1,1,0.8842592592592593
house_16H,mlp_deep,ZScore,clip,1,2,0.8760139049826188
house_16H,mlp_deep,ZScore,clip,1,3,0.8667439165701043
house_16H,mlp_deep,ZScore,clip,1,4,0.8667439165701043
house_16H,mlp_deep,ZScore,clip,1,5,0.8736964078794901
house_16H,mlp_deep,ZScore,clip,1,6,0.8366164542294322
house_16H,mlp_deep,ZScore,clip,1,7,0.8551564310544612
house_16H,mlp_deep,ZScore,clip,1,8,0.8563151796060255
house_16H,mlp_deep,ZScore,clip,1,9,0.8667439165701043
house_16H,mlp_deep,ZScore,clip,2,0,0.8819444444444444
house_16H,mlp_deep,ZScore,clip,2,1,0.8668981481481481
house_16H,mlp_deep,ZScore,clip,2,2,0.8852838933951332
house_16H,mlp_deep,ZScore,clip,2,3,0.8644264194669756
house_16H,mlp_deep,ZScore,clip,2,4,0.8505214368482039
house_16H,mlp_deep,ZScore,clip,2,5,0.8783314020857474
house_16H,mlp_deep,ZScore,clip,2,6,0.8725376593279258
house_16H,mlp_deep,ZScore,clip,2,7,0.8516801853997682
house_16H,mlp_deep,ZScore,clip,2,8,0.86558516801854
house_16H,mlp_deep,ZScore,clip,2,9,0.8609501738122828
house_16H,mlp_deep,Percentile,remove,0,0,0.8599537037037037
house_16H,mlp_deep,Percentile,remove,0,1,0.8414351851851852
house_16H,mlp_deep,Percentile,remove,0,2,0.8783314020857474
house_16H,mlp_deep,Percentile,remove,0,3,0.8261877172653534
house_16H,mlp_deep,Percentile,remove,0,4,0.8713789107763615
house_16H,mlp_deep,Percentile,remove,0,5,0.8493626882966396
house_16H,mlp_deep,Percentile,remove,0,6,0.8783314020857474
house_16H,mlp_deep,Percentile,remove,0,7,0.8482039397450754
house_16H,mlp_deep,Percentile,remove,0,8,0.8760139049826188
house_16H,mlp_deep,Percentile,remove,0,9,0.8296639629200464
house_16H,mlp_deep,Percentile,remove,1,0,0.8379629629629629
house_16H,mlp_deep,Percentile,remove,1,1,0.8796296296296297
house_16H,mlp_deep,Percentile,remove,1,2,0.8563151796060255
house_16H,mlp_deep,Percentile,remove,1,3,0.8458864426419467
house_16H,mlp_deep,Percentile,remove,1,4,0.8574739281575898
house_16H,mlp_deep,Percentile,remove,1,5,0.847045191193511
house_16H,mlp_deep,Percentile,remove,1,6,0.8366164542294322
house_16H,mlp_deep,Percentile,remove,1,7,0.8377752027809965
house_16H,mlp_deep,Percentile,remove,1,8,0.8296639629200464
house_16H,mlp_deep,Percentile,remove,1,9,0.8458864426419467
house_16H,mlp_deep,Percentile,remove,2,0,0.8391203703703703
house_16H,mlp_deep,Percentile,remove,2,1,0.8541666666666666
house_16H,mlp_deep,Percentile,remove,2,2,0.86558516801854
house_16H,mlp_deep,Percentile,remove,2,3,0.8412514484356894
house_16H,mlp_deep,Percentile,remove,2,4,0.8482039397450754
house_16H,mlp_deep,Percentile,remove,2,5,0.8794901506373117
house_16H,mlp_deep,Percentile,remove,2,6,0.8528389339513326
house_16H,mlp_deep,Percentile,remove,2,7,0.8435689455388181
house_16H,mlp_deep,Percentile,remove,2,8,0.8516801853997682
house_16H,mlp_deep,Percentile,remove,2,9,0.8482039397450754
house_16H,mlp_deep,Percentile,clip,0,0,0.8564814814814815
house_16H,mlp_deep,Percentile,clip,0,1,0.8703703703703703
house_16H,mlp_deep,Percentile,clip,0,2,0.8771726535341831
house_16H,mlp_deep,Percentile,clip,0,3,0.8551564310544612
house_16H,mlp_deep,Percentile,clip,0,4,0.8771726535341831
house_16H,mlp_deep,Percentile,clip,0,5,0.8574739281575898
house_16H,mlp_deep,Percentile,clip,0,6,0.8887601390498262
house_16H,mlp_deep,Percentile,clip,0,7,0.8516801853997682
house_16H,mlp_deep,Percentile,clip,0,8,0.8632676709154113
house_16H,mlp_deep,Percentile,clip,0,9,0.8632676709154113
house_16H,mlp_deep,Percentile,clip,1,0,0.8692129629629629
house_16H,mlp_deep,Percentile,clip,1,1,0.8865740740740741
house_16H,mlp_deep,Percentile,clip,1,2,0.8852838933951332
house_16H,mlp_deep,Percentile,clip,1,3,0.8632676709154113
house_16H,mlp_deep,Percentile,clip,1,4,0.8609501738122828
house_16H,mlp_deep,Percentile,clip,1,5,0.8748551564310545
house_16H,mlp_deep,Percentile,clip,1,6,0.8435689455388181
house_16H,mlp_deep,Percentile,clip,1,7,0.8621089223638471
house_16H,mlp_deep,Percentile,clip,1,8,0.8644264194669756
house_16H,mlp_deep,Percentile,clip,1,9,0.8690614136732329
house_16H,mlp_deep,Percentile,clip,2,0,0.875
house_16H,mlp_deep,Percentile,clip,2,1,0.8819444444444444
house_16H,mlp_deep,Percentile,clip,2,2,0.8760139049826188
house_16H,mlp_deep,Percentile,clip,2,3,0.8632676709154113
house_16H,mlp_deep,Percentile,clip,2,4,0.8644264194669756
house_16H,mlp_deep,Percentile,clip,2,5,0.8980301274623407
house_16H,mlp_deep,Percentile,clip,2,6,0.8702201622247973
house_16H,mlp_deep,Percentile,clip,2,7,0.86558516801854
house_16H,mlp_deep,Percentile,clip,2,8,0.86558516801854
house_16H,mlp_deep,Percentile,clip,2,9,0.8516801853997682
house_16H,mlp_deep,IsolationForest,remove,0,0,0.8703703703703703
house_16H,mlp_deep,IsolationForest,remove,0,1,0.8703703703703703
house_16H,mlp_deep,IsolationForest,remove,0,2,0.8783314020857474
house_16H,mlp_deep,IsolationForest,remove,0,3,0.8586326767091541
house_16H,mlp_deep,IsolationForest,remove,0,4,0.8899188876013905
house_16H,mlp_deep,IsolationForest,remove,0,5,0.8574739281575898
house_16H,mlp_deep,IsolationForest,remove,0,6,0.8748551564310545
house_16H,mlp_deep,IsolationForest,remove,0,7,0.8539976825028969
house_16H,mlp_deep,IsolationForest,remove,0,8,0.8586326767091541
house_16H,mlp_deep,IsolationForest,remove,0,9,0.8435689455388181
house_16H,mlp_deep,IsolationForest,remove,1,0,0.8657407407407407
house_16H,mlp_deep,IsolationForest,remove,1,1,0.8784722222222222
house_16H,mlp_deep,IsolationForest,remove,1,2,0.880648899188876
house_16H,mlp_deep,IsolationForest,remove,1,3,0.8632676709154113
house_16H,mlp_deep,IsolationForest,remove,1,4,0.86558516801854
house_16H,mlp_deep,IsolationForest,remove,1,5,0.8597914252607184
house_16H,mlp_deep,IsolationForest,remove,1,6,0.8551564310544612
house_16H,mlp_deep,IsolationForest,remove,1,7,0.847045191193511
house_16H,mlp_deep,IsolationForest,remove,1,8,0.8667439165701043
house_16H,mlp_deep,IsolationForest,remove,1,9,0.8586326767091541
house_16H,mlp_deep,IsolationForest,remove,2,0,0.8692129629629629
house_16H,mlp_deep,IsolationForest,remove,2,1,0.8530092592592593
house_16H,mlp_deep,IsolationForest,remove,2,2,0.8725376593279258
house_16H,mlp_deep,IsolationForest,remove,2,3,0.8644264194669756
house_16H,mlp_deep,IsolationForest,remove,2,4,0.8597914252607184
house_16H,mlp_deep,IsolationForest,remove,2,5,0.8910776361529548
house_16H,mlp_deep,IsolationForest,remove,2,6,0.8609501738122828
house_16H,mlp_deep,IsolationForest,remove,2,7,0.8539976825028969
house_16H,mlp_deep,IsolationForest,remove,2,8,0.8574739281575898
house_16H,mlp_deep,IsolationForest,remove,2,9,0.8424101969872537
house_16H,mlp_deep,LOF,remove,0,0,0.8680555555555556
house_16H,mlp_deep,LOF,remove,0,1,0.8692129629629629
house_16H,mlp_deep,LOF,remove,0,2,0.8829663962920047
house_16H,mlp_deep,LOF,remove,0,3,0.8713789107763615
house_16H,mlp_deep,LOF,remove,0,4,0.8876013904982619
house_16H,mlp_deep,LOF,remove,0,5,0.8435689455388181
house_16H,mlp_deep,LOF,remove,0,6,0.8794901506373117
house_16H,mlp_deep,LOF,remove,0,7,0.8586326767091541
house_16H,mlp_deep,LOF,remove,0,8,0.8876013904982619
house_16H,mlp_deep,LOF,remove,0,9,0.8621089223638471
house_16H,mlp_deep,LOF,remove,1,0,0.8877314814814815
house_16H,mlp_deep,LOF,remove,1,1,0.8935185185185185
house_16H,mlp_deep,LOF,remove,1,2,0.884125144843569
house_16H,mlp_deep,LOF,remove,1,3,0.8482039397450754
house_16H,mlp_deep,LOF,remove,1,4,0.8725376593279258
house_16H,mlp_deep,LOF,remove,1,5,0.86558516801854
house_16H,mlp_deep,LOF,remove,1,6,0.8574739281575898
house_16H,mlp_deep,LOF,remove,1,7,0.8690614136732329
house_16H,mlp_deep,LOF,remove,1,8,0.8586326767091541
house_16H,mlp_deep,LOF,remove,1,9,0.8609501738122828
house_16H,mlp_deep,LOF,remove,2,0,0.8564814814814815
house_16H,mlp_deep,LOF,remove,2,1,0.8680555555555556
house_16H,mlp_deep,LOF,remove,2,2,0.8783314020857474
house_16H,mlp_deep,LOF,remove,2,3,0.8713789107763615
house_16H,mlp_deep,LOF,remove,2,4,0.8632676709154113
house_16H,mlp_deep,LOF,remove,2,5,0.8771726535341831
house_16H,mlp_deep,LOF,remove,2,6,0.86558516801854
house_16H,mlp_deep,LOF,remove,2,7,0.8667439165701043
house_16H,mlp_deep,LOF,remove,2,8,0.8690614136732329
house_16H,mlp_deep,LOF,remove,2,9,0.8632676709154113
house_16H,mlp_deep,Autoencoder,remove,0,0,0.8738425925925926
house_16H,mlp_deep,Autoencoder,remove,0,1,0.8622685185185185
house_16H,mlp_deep,Autoencoder,remove,0,2,0.8783314020857474
house_16H,mlp_deep,Autoencoder,remove,0,3,0.8539976825028969
house_16H,mlp_deep,Autoencoder,remove,0,4,0.8690614136732329
house_16H,mlp_deep,Autoencoder,remove,0,5,0.8493626882966396
house_16H,mlp_deep,Autoencoder,remove,0,6,0.8876013904982619
house_16H,mlp_deep,Autoencoder,remove,0,7,0.8667439165701043
house_16H,mlp_deep,Autoencoder,remove,0,8,0.8829663962920047
house_16H,mlp_deep,Autoencoder,remove,0,9,0.8621089223638471
house_16H,mlp_deep,Autoencoder,remove,1,0,0.8784722222222222
house_16H,mlp_deep,Autoencoder,remove,1,1,0.8946759259259259
house_16H,mlp_deep,Autoencoder,remove,1,2,0.8876013904982619
house_16H,mlp_deep,Autoencoder,remove,1,3,0.8597914252607184
house_16H,mlp_deep,Autoencoder,remove,1,4,0.8679026651216686
house_16H,mlp_deep,Autoencoder,remove,1,5,0.86558516801854
house_16H,mlp_deep,Autoencoder,remove,1,6,0.8597914252607184
house_16H,mlp_deep,Autoencoder,remove,1,7,0.8679026651216686
house_16H,mlp_deep,Autoencoder,remove,1,8,0.8597914252607184
house_16H,mlp_deep,Autoencoder,remove,1,9,0.8690614136732329
house_16H,mlp_deep,Autoencoder,remove,2,0,0.8622685185185185
house_16H,mlp_deep,Autoencoder,remove,2,1,0.8773148148148148
house_16H,mlp_deep,Autoencoder,remove,2,2,0.8702201622247973
house_16H,mlp_deep,Autoencoder,remove,2,3,0.8725376593279258
house_16H,mlp_deep,Autoencoder,remove,2,4,0.8632676709154113
house_16H,mlp_deep,Autoencoder,remove,2,5,0.8980301274623407
house_16H,mlp_deep,Autoencoder,remove,2,6,0.86558516801854
house_16H,mlp_deep,Autoencoder,remove,2,7,0.8597914252607184
house_16H,mlp_deep,Autoencoder,remove,2,8,0.8690614136732329
house_16H,mlp_deep,Autoencoder,remove,2,9,0.8586326767091541
kc1,mlp_deep,None,remove,0,0,0.8444444444444444
kc1,mlp_deep,None,remove,0,1,0.8740740740740741
kc1,mlp_deep,None,remove,0,2,0.9259259259259259
kc1,mlp_deep,None,remove,0,3,0.8666666666666667
kc1,mlp_deep,None,remove,0,4,0.8222222222222222
kc1,mlp_deep,None,remove,0,5,0.8518518518518519
kc1,mlp_deep,None,remove,0,6,0.8888888888888888
kc1,mlp_deep,None,remove,0,7,0.837037037037037
kc1,mlp_deep,None,remove,0,8,0.8296296296296296
kc1,mlp_deep,None,remove,0,9,0.8507462686567164
kc1,mlp_deep,None,remove,1,0,0.7851851851851852
kc1,mlp_deep,None,remove,1,1,0.8592592592592593
kc1,mlp_deep,None,remove,1,2,0.8592592592592593
kc1,mlp_deep,None,remove,1,3,0.8814814814814815
kc1,mlp_deep,None,remove,1,4,0.8592592592592593
kc1,mlp_deep,None,remove,1,5,0.8444444444444444
kc1,mlp_deep,None,remove,1,6,0.8814814814814815
kc1,mlp_deep,None,remove,1,7,0.837037037037037
kc1,mlp_deep,None,remove,1,8,0.8814814814814815
kc1,mlp_deep,None,remove,1,9,0.8582089552238806
kc1,mlp_deep,None,remove,2,0,0.8518518518518519
kc1,mlp_deep,None,remove,2,1,0.8074074074074075
kc1,mlp_deep,None,remove,2,2,0.8962962962962963
kc1,mlp_deep,None,remove,2,3,0.8074074074074075
kc1,mlp_deep,None,remove,2,4,0.8888888888888888
kc1,mlp_deep,None,remove,2,5,0.9037037037037037
kc1,mlp_deep,None,remove,2,6,0.8074074074074075
kc1,mlp_deep,None,remove,2,7,0.837037037037037
kc1,mlp_deep,None,remove,2,8,0.8148148148148148
kc1,mlp_deep,None,remove,2,9,0.8283582089552238
kc1,mlp_deep,ZScore,remove,0,0,0.8518518518518519
kc1,mlp_deep,ZScore,remove,0,1,0.8592592592592593
kc1,mlp_deep,ZScore,remove,0,2,0.9037037037037037
kc1,mlp_deep,ZScore,remove,0,3,0.8518518518518519
kc1,mlp_deep,ZScore,remove,0,4,0.8074074074074075
kc1,mlp_deep,ZScore,remove,0,5,0.837037037037037
kc1,mlp_deep,ZScore,remove,0,6,0.9111111111111111
kc1,mlp_deep,ZScore,remove,0,7,0.8296296296296296
kc1,mlp_deep,ZScore,remove,0,8,0.8296296296296296
kc1,mlp_deep,ZScore,remove,0,9,0.8432835820895522
kc1,mlp_deep,ZScore,remove,1,0,0.7777777777777778
kc1,mlp_deep,ZScore,remove,1,1,0.837037037037037
kc1,mlp_deep,ZScore,remove,1,2,0.8814814814814815
kc1,mlp_deep,ZScore,remove,1,3,0.8814814814814815
kc1,mlp_deep,ZScore,remove,1,4,0.8148148148148148
kc1,mlp_deep,ZScore,remove,1,5,0.837037037037037
kc1,mlp_deep,ZScore,remove,1,6,0.8592592592592593
kc1,mlp_deep,ZScore,remove,1,7,0.8296296296296296
kc1,mlp_deep,ZScore,remove,1,8,0.8962962962962963
kc1,mlp_deep,ZScore,remove,1,9,0.8507462686567164
kc1,mlp_deep,ZScore,remove,2,0,0.8814814814814815
kc1,mlp_deep,ZScore,remove,2,1,0.8074074074074075
kc1,mlp_deep,ZScore,remove,2,2,0.9037037037037037
kc1,mlp_deep,ZScore,remove,2,3,0.8074074074074075
kc1,mlp_deep,ZScore,remove,2,4,0.8814814814814815
kc1,mlp_deep,ZScore,remove,2,5,0.9185185185185185
kc1,mlp_deep,ZScore,remove,2,6,0.8148148148148148
kc1,mlp_deep,ZScore,remove,2,7,0.8518518518518519
kc1,mlp_deep,ZScore,remove,2,8,0.837037037037037
kc1,mlp_deep,ZScore,remove,2,9,0.8059701492537313
kc1,mlp_deep,ZScore,clip,0,0,0.8592592592592593
kc1,mlp_deep,ZScore,clip,0,1,0.8518518518518519
kc1,mlp_deep,ZScore,clip,0,2,0.9037037037037037
kc1,mlp_deep,ZScore,clip,0,3,0.8592592592592593
kc1,mlp_deep,ZScore,clip,0,4,0.8148148148148148
kc1,mlp_deep,ZScore,clip,0,5,0.8444444444444444
kc1,mlp_deep,ZScore,clip,0,6,0.8814814814814815
kc1,mlp_deep,ZScore,clip,0,7,0.8296296296296296
kc1,mlp_deep,ZScore,clip,0,8,0.8222222222222222
kc1,mlp_deep,ZScore,clip,0,9,0.8507462686567164
kc1,mlp_deep,ZScore,clip,1,0,0.8
kc1,mlp_deep,ZScore,clip,1,1,0.8518518518518519
kc1,mlp_deep,ZScore,clip,1,2,0.8666666666666667
kc1,mlp_deep,ZScore,clip,1,3,0.8888888888888888
kc1,mlp_deep,ZScore,clip,1,4,0.8518518518518519
kc1,mlp_deep,ZScore,clip,1,5,0.8444444444444444
kc1,mlp_deep,ZScore,clip,1,6,0.8592592592592593
kc1,mlp_deep,ZScore,clip,1,7,0.837037037037037
kc1,mlp_deep,ZScore,clip,1,8,0.8888888888888888
kc1,mlp_deep,ZScore,clip,1,9,0.8507462686567164
kc1,mlp_deep,ZScore,clip,2,0,0.8592592592592593
kc1,mlp_deep,ZScore,clip,2,1,0.8148148148148148
kc1,mlp_deep,ZScore,clip,2,2,0.9037037037037037
kc1,mlp_deep,ZScore,clip,2,3,0.8074074074074075
kc1,mlp_deep,ZScore,clip,2,4,0.8888888888888888
kc1,mlp_deep,ZScore,clip,2,5,0.9037037037037037
kc1,mlp_deep,ZScore,clip,2,6,0.8222222222222222
kc1,mlp_deep,ZScore,clip,2,7,0.8592592592592593
kc1,mlp_deep,ZScore,clip,2,8,0.8222222222222222
kc1,mlp_deep,ZScore,clip,2,9,0.8432835820895522
kc1,mlp_deep,Percentile,remove,0,0,0.8518518518518519
kc1,mlp_deep,Percentile,remove,0,1,0.8592592592592593
kc1,mlp_deep,Percentile,remove,0,2,0.8740740740740741
kc1,mlp_deep,Percentile,remove,0,3,0.8518518518518519
kc1,mlp_deep,Percentile,remove,0,4,0.8074074074074075
kc1,mlp_deep,Percentile,remove,0,5,0.8444444444444444
kc1,mlp_deep,Percentile,remove,0,6,0.9185185185185185
kc1,mlp_deep,Percentile,remove,0,7,0.8222222222222222
kc1,mlp_deep,Percentile,remove,0,8,0.8074074074074075
kc1,mlp_deep,Percentile,remove,0,9,0.8283582089552238
kc1,mlp_deep,Percentile,remove,1,0,0.7851851851851852
kc1,mlp_deep,Percentile,remove,1,1,0.8518518518518519
kc1,mlp_deep,Percentile,remove,1,2,0.8518518518518519
kc1,mlp_deep,Percentile,remove,1,3,0.8740740740740741
kc1,mlp_deep,Percentile,remove,1,4,0.8148148148148148
kc1,mlp_deep,Percentile,remove,1,5,0.8296296296296296
kc1,mlp_deep,Percentile,remove,1,6,0.8666666666666667
kc1,mlp_deep,Percentile,remove,1,7,0.8296296296296296
kc1,mlp_deep,Percentile,remove,1,8,0.8962962962962963
kc1,mlp_deep,Percentile,remove,1,9,0.835820895522388
kc1,mlp_deep,Percentile,remove,2,0,0.8444444444444444
kc1,mlp_deep,Percentile,remove,2,1,0.837037037037037
kc1,mlp_deep,Percentile,remove,2,2,0.9111111111111111
kc1,mlp_deep,Percentile,remove,2,3,0.8074074074074075
kc1,mlp_deep,Percentile,remove,2,4,0.8888888888888888
kc1,mlp_deep,Percentile,remove,2,5,0.9037037037037037
kc1,mlp_deep,Percentile,remove,2,6,0.8148148148148148
kc1,mlp_deep,Percentile,remove,2,7,0.8444444444444444
kc1,mlp_deep,Percentile,remove,2,8,0.8222222222222222
kc1,mlp_deep,Percentile,remove,2,9,0.8059701492537313
kc1,mlp_deep,Percentile,clip,0,0,0.8518518518518519
kc1,mlp_deep,Percentile,clip,0,1,0.8444444444444444
kc1,mlp_deep,Percentile,clip,0,2,0.9037037037037037
kc1,mlp_deep,Percentile,clip,0,3,0.8592592592592593
kc1,mlp_deep,Percentile,clip,0,4,0.8222222222222222
kc1,mlp_deep,Percentile,clip,0,5,0.8518518518518519
kc1,mlp_deep,Percentile,clip,0,6,0.8888888888888888
kc1,mlp_deep,Percentile,clip,0,7,0.8222222222222222
kc1,mlp_deep,Percentile,clip,0,8,0.8222222222222222
kc1,mlp_deep,Percentile,clip,0,9,0.8432835820895522
kc1,mlp_deep,Percentile,clip,1,0,0.7925925925925926
kc1,mlp_deep,Percentile,clip,1,1,0.837037037037037
kc1,mlp_deep,Percentile,clip,1,2,0.8740740740740741
kc1,mlp_deep,Percentile,clip,1,3,0.8814814814814815
kc1,mlp_deep,Percentile,clip,1,4,0.837037037037037
kc1,mlp_deep,Percentile,clip,1,5,0.8296296296296296
kc1,mlp_deep,Percentile,clip,1,6,0.8518518518518519
kc1,mlp_deep,Percentile,clip,1,7,0.8222222222222222
kc1,mlp_deep,Percentile,clip,1,8,0.8666666666666667
kc1,mlp_deep,Percentile,clip,1,9,0.8582089552238806
kc1,mlp_deep,Percentile,clip,2,0,0.8592592592592593
kc1,mlp_deep,Percentile,clip,2,1,0.8
kc1,mlp_deep,Percentile,clip,2,2,0.8888888888888888
kc1,mlp_deep,Percentile,clip,2,3,0.8074074074074075
kc1,mlp_deep,Percentile,clip,2,4,0.8888888888888888
kc1,mlp_deep,Percentile,clip,2,5,0.9037037037037037
kc1,mlp_deep,Percentile,clip,2,6,0.7851851851851852
kc1,mlp_deep,Percentile,clip,2,7,0.8740740740740741
kc1,mlp_deep,Percentile,clip,2,8,0.8296296296296296
kc1,mlp_deep,Percentile,clip,2,9,0.8283582089552238
kc1,mlp_deep,IsolationForest,remove,0,0,0.8518518518518519
kc1,mlp_deep,IsolationForest,remove,0,1,0.8518518518518519
kc1,mlp_deep,IsolationForest,remove,0,2,0.9185185185185185
kc1,mlp_deep,IsolationForest,remove,0,3,0.8518518518518519
kc1,mlp_deep,IsolationForest,remove,0,4,0.8074074074074075
kc1,mlp_deep,IsolationForest,remove,0,5,0.837037037037037
kc1,mlp_deep,IsolationForest,remove,0,6,0.8962962962962963
kc1,mlp_deep,IsolationForest,remove,0,7,0.8444444444444444
kc1,mlp_deep,IsolationForest,remove,0,8,0.8074074074074075
kc1,mlp_deep,IsolationForest,remove,0,9,0.8432835820895522
kc1,mlp_deep,IsolationForest,remove,1,0,0.8
kc1,mlp_deep,IsolationForest,remove,1,1,0.8444444444444444
kc1,mlp_deep,IsolationForest,remove,1,2,0.8518518518518519
kc1,mlp_deep,IsolationForest,remove,1,3,0.8666666666666667
kc1,mlp_deep,IsolationForest,remove,1,4,0.8148148148148148
kc1,mlp_deep,IsolationForest,remove,1,5,0.8444444444444444
kc1,mlp_deep,IsolationForest,remove,1,6,0.8666666666666667
kc1,mlp_deep,IsolationForest,remove,1,7,0.8518518518518519
kc1,mlp_deep,IsolationForest,remove,1,8,0.8814814814814815
kc1,mlp_deep,IsolationForest,remove,1,9,0.8582089552238806
kc1,mlp_deep,IsolationForest,remove,2,0,0.8444444444444444
kc1,mlp_deep,IsolationForest,remove,2,1,0.8222222222222222
kc1,mlp_deep,IsolationForest,remove,2,2,0.8962962962962963
kc1,mlp_deep,IsolationForest,remove,2,3,0.837037037037037
kc1,mlp_deep,IsolationForest,remove,2,4,0.8888888888888888
kc1,mlp_deep,IsolationForest,remove,2,5,0.9037037037037037
kc1,mlp_deep,IsolationForest,remove,2,6,0.8
kc1,mlp_deep,IsolationForest,remove,2,7,0.8518518518518519
kc1,mlp_deep,IsolationForest,remove,2,8,0.8222222222222222
kc1,mlp_deep,IsolationForest,remove,2,9,0.835820895522388
kc1,mlp_deep,LOF,remove,0,0,0.8518518518518519
kc1,mlp_deep,LOF,remove,0,1,0.8518518518518519
kc1,mlp_deep,LOF,remove,0,2,0.8962962962962963
kc1,mlp_deep,LOF,remove,0,3,0.8518518518518519
kc1,mlp_deep,LOF,remove,0,4,0.8074074074074075
kc1,mlp_deep,LOF,remove,0,5,0.8444444444444444
kc1,mlp_deep,LOF,remove,0,6,0.8888888888888888
kc1,mlp_deep,LOF,remove,0,7,0.8444444444444444
kc1,mlp_deep,LOF,remove,0,8,0.8444444444444444
kc1,mlp_deep,LOF,remove,0,9,0.8432835820895522
kc1,mlp_deep,LOF,remove,1,0,0.8
kc1,mlp_deep,LOF,remove,1,1,0.8444444444444444
kc1,mlp_deep,LOF,remove,1,2,0.8518518518518519
kc1,mlp_deep,LOF,remove,1,3,0.8814814814814815
kc1,mlp_deep,LOF,remove,1,4,0.8518518518518519
kc1,mlp_deep,LOF,remove,1,5,0.8296296296296296
kc1,mlp_deep,LOF,remove,1,6,0.8592592592592593
kc1,mlp_deep,LOF,remove,1,7,0.8518518518518519
kc1,mlp_deep,LOF,remove,1,8,0.8814814814814815
kc1,mlp_deep,LOF,remove,1,9,0.8507462686567164
kc1,mlp_deep,LOF,remove,2,0,0.8518518518518519
kc1,mlp_deep,LOF,remove,2,1,0.8148148148148148
kc1,mlp_deep,LOF,remove,2,2,0.9111111111111111
kc1,mlp_deep,LOF,remove,2,3,0.837037037037037
kc1,mlp_deep,LOF,remove,2,4,0.8888888888888888
kc1,mlp_deep,LOF,remove,2,5,0.8740740740740741
kc1,mlp_deep,LOF,remove,2,6,0.8
kc1,mlp_deep,LOF,remove,2,7,0.8666666666666667
kc1,mlp_deep,LOF,remove,2,8,0.8222222222222222
kc1,mlp_deep,LOF,remove,2,9,0.835820895522388
kc1,mlp_deep,Autoencoder,remove,0,0,0.8666666666666667
kc1,mlp_deep,Autoencoder,remove,0,1,0.8518518518518519
kc1,mlp_deep,Autoencoder,remove,0,2,0.8888888888888888
kc1,mlp_deep,Autoencoder,remove,0,3,0.8518518518518519
kc1,mlp_deep,Autoencoder,remove,0,4,0.8148148148148148
kc1,mlp_deep,Autoencoder,remove,0,5,0.837037037037037
kc1,mlp_deep,Autoencoder,remove,0,6,0.9111111111111111
kc1,mlp_deep,Autoencoder,remove,0,7,0.837037037037037
kc1,mlp_deep,Autoencoder,remove,0,8,0.837037037037037
kc1,mlp_deep,Autoencoder,remove,0,9,0.8432835820895522
kc1,mlp_deep,Autoencoder,remove,1,0,0.7851851851851852
kc1,mlp_deep,Autoencoder,remove,1,1,0.8518518518518519
kc1,mlp_deep,Autoencoder,remove,1,2,0.8740740740740741
kc1,mlp_deep,Autoencoder,remove,1,3,0.8740740740740741
kc1,mlp_deep,Autoencoder,remove,1,4,0.8666666666666667
kc1,mlp_deep,Autoencoder,remove,1,5,0.8444444444444444
kc1,mlp_deep,Autoencoder,remove,1,6,0.8666666666666667
kc1,mlp_deep,Autoencoder,remove,1,7,0.8296296296296296
kc1,mlp_deep,Autoencoder,remove,1,8,0.8962962962962963
kc1,mlp_deep,Autoencoder,remove,1,9,0.8582089552238806
kc1,mlp_deep,Autoencoder,remove,2,0,0.8740740740740741
kc1,mlp_deep,Autoencoder,remove,2,1,0.837037037037037
kc1,mlp_deep,Autoencoder,remove,2,2,0.9111111111111111
kc1,mlp_deep,Autoencoder,remove,2,3,0.8518518518518519
kc1,mlp_deep,Autoencoder,remove,2,4,0.8814814814814815
kc1,mlp_deep,Autoencoder,remove,2,5,0.8888888888888888
kc1,mlp_deep,Autoencoder,remove,2,6,0.7777777777777778
kc1,mlp_deep,Autoencoder,remove,2,7,0.8814814814814815
kc1,mlp_deep,Autoencoder,remove,2,8,0.8074074074074075
kc1,mlp_deep,Autoencoder,remove,2,9,0.8059701492537313
phoneme,mlp_deep,None,remove,0,0,0.869942196531792
phoneme,mlp_deep,None,remove,0,1,0.861271676300578
phoneme,mlp_deep,None,remove,0,2,0.8728323699421965
phoneme,mlp_deep,None,remove,0,3,0.861271676300578
phoneme,mlp_deep,None,remove,0,4,0.8670520231213873
phoneme,mlp_deep,None,remove,0,5,0.8670520231213873
phoneme,mlp_deep,None,remove,0,6,0.8554913294797688
phoneme,mlp_deep,None,remove,0,7,0.8410404624277457
phoneme,mlp_deep,None,remove,0,8,0.8231884057971014
phoneme,mlp_deep,None,remove,0,9,0.8376811594202899
phoneme,mlp_deep,None,remove,1,0,0.8294797687861272
phoneme,mlp_deep,None,remove,1,1,0.8728323699421965
phoneme,mlp_deep,None,remove,1,2,0.861271676300578
phoneme,mlp_deep,None,remove,1,3,0.8641618497109826
phoneme,mlp_deep,None,remove,1,4,0.8497109826589595
phoneme,mlp_deep,None,remove,1,5,0.8352601156069365
phoneme,mlp_deep,None,remove,1,6,0.8323699421965318
phoneme,mlp_deep,None,remove,1,7,0.8728323699421965
phoneme,mlp_deep,None,remove,1,8,0.8231884057971014
phoneme,mlp_deep,None,remove,1,9,0.8695652173913043
phoneme,mlp_deep,None,remove,2,0,0.8583815028901735
phoneme,mlp_deep,None,remove,2,1,0.8815028901734104
phoneme,mlp_deep,None,remove,2,2,0.8323699421965318
phoneme,mlp_deep,None,remove,2,3,0.8439306358381503
phoneme,mlp_deep,None,remove,2,4,0.884393063583815
phoneme,mlp_deep,None,remove,2,5,0.838150289017341
phoneme,mlp_deep,None,remove,2,6,0.869942196531792
phoneme,mlp_deep,None,remove,2,7,0.861271676300578
phoneme,mlp_deep,None,remove,2,8,0.8347826086956521
phoneme,mlp_deep,None,remove,2,9,0.8782608695652174
phoneme,mlp_deep,ZScore,remove,0,0,0.8526011560693642
phoneme,mlp_deep,ZScore,remove,0,1,0.8265895953757225
phoneme,mlp_deep,ZScore,remove,0,2,0.8670520231213873
phoneme,mlp_deep,ZScore,remove,0,3,0.8526011560693642
phoneme,mlp_deep,ZScore,remove,0,4,0.8439306358381503
phoneme,mlp_deep,ZScore,remove,0,5,0.8554913294797688
phoneme,mlp_deep,ZScore,remove,0,6,0.8352601156069365
phoneme,mlp_deep,ZScore,remove,0,7,0.8497109826589595
phoneme,mlp_deep,ZScore,remove,0,8,0.8521739130434782
phoneme,mlp_deep,ZScore,remove,0,9,0.8318840579710145
phoneme,mlp_deep,ZScore,remove,1,0,0.8323699421965318
phoneme,mlp_deep,ZScore,remove,1,1,0.8641618497109826
phoneme,mlp_deep,ZScore,remove,1,2,0.8757225433526011
phoneme,mlp_deep,ZScore,remove,1,3,0.8728323699421965
phoneme,mlp_deep,ZScore,remove,1,4,0.869942196531792
phoneme,mlp_deep,ZScore,remove,1,5,0.8670520231213873
phoneme,mlp_deep,ZScore,remove,1,6,0.8439306358381503
phoneme,mlp_deep,ZScore,remove,1,7,0.8583815028901735
phoneme,mlp_deep,ZScore,remove,1,8,0.8753623188405797
phoneme,mlp_deep,ZScore,remove,1,9,0.855072463768116
phoneme,mlp_deep,ZScore,remove,2,0,0.8554913294797688
phoneme,mlp_deep,ZScore,remove,2,1,0.8930635838150289
phoneme,mlp_deep,ZScore,remove,2,2,0.8554913294797688
phoneme,mlp_deep,ZScore,remove,2,3,0.838150289017341
phoneme,mlp_deep,ZScore,remove,2,4,0.8786127167630058
phoneme,mlp_deep,ZScore,remove,2,5,0.8554913294797688
phoneme,mlp_deep,ZScore,remove,2,6,0.8554913294797688
phoneme,mlp_deep,ZScore,remove,2,7,0.861271676300578
phoneme,mlp_deep,ZScore,remove,2,8,0.8260869565217391
phoneme,mlp_deep,ZScore,remove,2,9,0.863768115942029
phoneme,mlp_deep,ZScore,clip,0,0,0.869942196531792
phoneme,mlp_deep,ZScore,clip,0,1,0.8728323699421965
phoneme,mlp_deep,ZScore,clip,0,2,0.8872832369942196
phoneme,mlp_deep,ZScore,clip,0,3,0.861271676300578
phoneme,mlp_deep,ZScore,clip,0,4,0.8583815028901735
phoneme,mlp_deep,ZScore,clip,0,5,0.846820809248555
phoneme,mlp_deep,ZScore,clip,0,6,0.8439306358381503
phoneme,mlp_deep,ZScore,clip,0,7,0.8294797687861272
phoneme,mlp_deep,ZScore,clip,0,8,0.808695652173913
phoneme,mlp_deep,ZScore,clip,0,9,0.8318840579710145
phoneme,mlp_deep,ZScore,clip,1,0,0.838150289017341
phoneme,mlp_deep,ZScore,clip,1,1,0.8815028901734104
phoneme,mlp_deep,ZScore,clip,1,2,0.8641618497109826
phoneme,mlp_deep,ZScore,clip,1,3,0.8554913294797688
phoneme,mlp_deep,ZScore,clip,1,4,0.8497109826589595
phoneme,mlp_deep,ZScore,clip,1,5,0.8670520231213873
phoneme,mlp_deep,ZScore,clip,1,6,0.8352601156069365
phoneme,mlp_deep,ZScore,clip,1,7,0.8872832369942196
phoneme,mlp_deep,ZScore,clip,1,8,0.7942028985507247
phoneme,mlp_deep,ZScore,clip,1,9,0.863768115942029
phoneme,mlp_deep,ZScore,clip,2,0,0.8583815028901735
phoneme,mlp_deep,ZScore,clip,2,1,0.8641618497109826
phoneme,mlp_deep,ZScore,clip,2,2,0.8323699421965318
phoneme,mlp_deep,ZScore,clip,2,3,0.846820809248555
phoneme,mlp_deep,ZScore,clip,2,4,0.8815028901734104
phoneme,mlp_deep,ZScore,clip,2,5,0.846820809248555
phoneme,mlp_deep,ZScore,clip,2,6,0.8757225433526011
phoneme,mlp_deep,ZScore,clip,2,7,0.8757225433526011
phoneme,mlp_deep,ZScore,clip,2,8,0.8376811594202899
phoneme,mlp_deep,ZScore,clip,2,9,0.8347826086956521
phoneme,mlp_deep,Percentile,remove,0,0,0.838150289017341
phoneme,mlp_deep,Percentile,remove,0,1,0.8439306358381503
phoneme,mlp_deep,Percentile,remove,0,2,0.8410404624277457
phoneme,mlp_deep,Percentile,remove,0,3,0.8352601156069365
phoneme,mlp_deep,Percentile,remove,0,4,0.8323699421965318
phoneme,mlp_deep,Percentile,remove,0,5,0.8352601156069365
phoneme,mlp_deep,Percentile,remove,0,6,0.8728323699421965
phoneme,mlp_deep,Percentile,remove,0,7,0.8265895953757225
phoneme,mlp_deep,Percentile,remove,0,8,0.8405797101449275
phoneme,mlp_deep,Percentile,remove,0,9,0.8231884057971014
phoneme,mlp_deep,Percentile,remove,1,0,0.8236994219653179
phoneme,mlp_deep,Percentile,remove,1,1,0.8265895953757225
phoneme,mlp_deep,Percentile,remove,1,2,0.861271676300578
phoneme,mlp_deep,Percentile,remove,1,3,0.815028901734104
phoneme,mlp_deep,Percentile,remove,1,4,0.8063583815028902
phoneme,mlp_deep,Percentile,remove,1,5,0.8554913294797688
phoneme,mlp_deep,Percentile,remove,1,6,0.8236994219653179
phoneme,mlp_deep,Percentile,remove,1,7,0.8439306358381503
phoneme,mlp_deep,Percentile,remove,1,8,0.8202898550724638
phoneme,mlp_deep,Percentile,remove,1,9,0.8579710144927536
phoneme,mlp_deep,Percentile,remove,2,0,0.8526011560693642
phoneme,mlp_deep,Percentile,remove,2,1,0.869942196531792
phoneme,mlp_deep,Percentile,remove,2,2,0.8323699421965318
phoneme,mlp_deep,Percentile,remove,2,3,0.7947976878612717
phoneme,mlp_deep,Percentile,remove,2,4,0.838150289017341
phoneme,mlp_deep,Percentile,remove,2,5,0.8294797687861272
phoneme,mlp_deep,Percentile,remove,2,6,0.8265895953757225
phoneme,mlp_deep,Percentile,remove,2,7,0.8815028901734104
phoneme,mlp_deep,Percentile,remove,2,8,0.8347826086956521
phoneme,mlp_deep,Percentile,remove,2,9,0.8434782608695652
phoneme,mlp_deep,Percentile,clip,0,0,0.8757225433526011
phoneme,mlp_deep,Percentile,clip,0,1,0.8757225433526011
phoneme,mlp_deep,Percentile,clip,0,2,0.8583815028901735
phoneme,mlp_deep,Percentile,clip,0,3,0.8526011560693642
phoneme,mlp_deep,Percentile,clip,0,4,0.861271676300578
phoneme,mlp_deep,Percentile,clip,0,5,0.8641618497109826
phoneme,mlp_deep,Percentile,clip,0,6,0.8554913294797688
phoneme,mlp_deep,Percentile,clip,0,7,0.846820809248555
phoneme,mlp_deep,Percentile,clip,0,8,0.8376811594202899
phoneme,mlp_deep,Percentile,clip,0,9,0.8521739130434782
phoneme,mlp_deep,Percentile,clip,1,0,0.8236994219653179
phoneme,mlp_deep,Percentile,clip,1,1,0.8815028901734104
phoneme,mlp_deep,Percentile,clip,1,2,0.8786127167630058
phoneme,mlp_deep,Percentile,clip,1,3,0.861271676300578
phoneme,mlp_deep,Percentile,clip,1,4,0.8554913294797688
phoneme,mlp_deep,Percentile,clip,1,5,0.8439306358381503
phoneme,mlp_deep,Percentile,clip,1,6,0.8323699421965318
phoneme,mlp_deep,Percentile,clip,1,7,0.8757225433526011
phoneme,mlp_deep,Percentile,clip,1,8,0.808695652173913
phoneme,mlp_deep,Percentile,clip,1,9,0.8753623188405797
phoneme,mlp_deep,Percentile,clip,2,0,0.861271676300578
phoneme,mlp_deep,Percentile,clip,2,1,0.8757225433526011
phoneme,mlp_deep,Percentile,clip,2,2,0.8497109826589595
phoneme,mlp_deep,Percentile,clip,2,3,0.846820809248555
phoneme,mlp_deep,Percentile,clip,2,4,0.8786127167630058
phoneme,mlp_deep,Percentile,clip,2,5,0.8265895953757225
phoneme,mlp_deep,Percentile,clip,2,6,0.8583815028901735
phoneme,mlp_deep,Percentile,clip,2,7,0.8641618497109826
phoneme,mlp_deep,Percentile,clip,2,8,0.8463768115942029
phoneme,mlp_deep,Percentile,clip,2,9,0.8260869565217391
phoneme,mlp_deep,IsolationForest,remove,0,0,0.8641618497109826
phoneme,mlp_deep,IsolationForest,remove,0,1,0.838150289017341
phoneme,mlp_deep,IsolationForest,remove,0,2,0.8670520231213873
phoneme,mlp_deep,IsolationForest,remove,0,3,0.838150289017341
phoneme,mlp_deep,IsolationForest,remove,0,4,0.8497109826589595
phoneme,mlp_deep,IsolationForest,remove,0,5,0.8583815028901735
phoneme,mlp_deep,IsolationForest,remove,0,6,0.8526011560693642
phoneme,mlp_deep,IsolationForest,remove,0,7,0.8670520231213873
phoneme,mlp_deep,IsolationForest,remove,0,8,0.8521739130434782
phoneme,mlp_deep,IsolationForest,remove,0,9,0.8521739130434782
phoneme,mlp_deep,IsolationForest,remove,1,0,0.8323699421965318
phoneme,mlp_deep,IsolationForest,remove,1,1,0.8583815028901735
phoneme,mlp_deep,IsolationForest,remove,1,2,0.8641618497109826
phoneme,mlp_deep,IsolationForest,remove,1,3,0.8583815028901735
phoneme,mlp_deep,IsolationForest,remove,1,4,0.8641618497109826
phoneme,mlp_deep,IsolationForest,remove,1,5,0.861271676300578
phoneme,mlp_deep,IsolationForest,remove,1,6,0.8034682080924855
phoneme,mlp_deep,IsolationForest,remove,1,7,0.8583815028901735
phoneme,mlp_deep,IsolationForest,remove,1,8,0.8695652173913043
phoneme,mlp_deep,IsolationForest,remove,1,9,0.8869565217391304
phoneme,mlp_deep,IsolationForest,remove,2,0,0.861271676300578
phoneme,mlp_deep,IsolationForest,remove,2,1,0.884393063583815
phoneme,mlp_deep,IsolationForest,remove,2,2,0.8554913294797688
phoneme,mlp_deep,IsolationForest,remove,2,3,0.8352601156069365
phoneme,mlp_deep,IsolationForest,remove,2,4,0.8670520231213873
phoneme,mlp_deep,IsolationForest,remove,2,5,0.8583815028901735
phoneme,mlp_deep,IsolationForest,remove,2,6,0.8728323699421965
phoneme,mlp_deep,IsolationForest,remove,2,7,0.8641618497109826
phoneme,mlp_deep,IsolationForest,remove,2,8,0.8347826086956521
phoneme,mlp_deep,IsolationForest,remove,2,9,0.8608695652173913
phoneme,mlp_deep,LOF,remove,0,0,0.8583815028901735
phoneme,mlp_deep,LOF,remove,0,1,0.8554913294797688
phoneme,mlp_deep,LOF,remove,0,2,0.8815028901734104
phoneme,mlp_deep,LOF,remove,0,3,0.8526011560693642
phoneme,mlp_deep,LOF,remove,0,4,0.869942196531792
phoneme,mlp_deep,LOF,remove,0,5,0.8554913294797688
phoneme,mlp_deep,LOF,remove,0,6,0.8670520231213873
phoneme,mlp_deep,LOF,remove,0,7,0.8526011560693642
phoneme,mlp_deep,LOF,remove,0,8,0.8579710144927536
phoneme,mlp_deep,LOF,remove,0,9,0.8666666666666667
phoneme,mlp_deep,LOF,remove,1,0,0.8410404624277457
phoneme,mlp_deep,LOF,remove,1,1,0.869942196531792
phoneme,mlp_deep,LOF,remove,1,2,0.861271676300578
phoneme,mlp_deep,LOF,remove,1,3,0.846820809248555
phoneme,mlp_deep,LOF,remove,1,4,0.838150289017341
phoneme,mlp_deep,LOF,remove,1,5,0.8526011560693642
phoneme,mlp_deep,LOF,remove,1,6,0.8352601156069365
phoneme,mlp_deep,LOF,remove,1,7,0.8728323699421965
phoneme,mlp_deep,LOF,remove,1,8,0.8608695652173913
phoneme,mlp_deep,LOF,remove,1,9,0.8463768115942029
phoneme,mlp_deep,LOF,remove,2,0,0.8641618497109826
phoneme,mlp_deep,LOF,remove,2,1,0.8872832369942196
phoneme,mlp_deep,LOF,remove,2,2,0.8526011560693642
phoneme,mlp_deep,LOF,remove,2,3,0.8352601156069365
phoneme,mlp_deep,LOF,remove,2,4,0.869942196531792
phoneme,mlp_deep,LOF,remove,2,5,0.8352601156069365
phoneme,mlp_deep,LOF,remove,2,6,0.846820809248555
phoneme,mlp_deep,LOF,remove,2,7,0.8815028901734104
phoneme,mlp_deep,LOF,remove,2,8,0.8202898550724638
phoneme,mlp_deep,LOF,remove,2,9,0.863768115942029
phoneme,mlp_deep,Autoencoder,remove,0,0,0.8583815028901735
phoneme,mlp_deep,Autoencoder,remove,0,1,0.8757225433526011
phoneme,mlp_deep,Autoencoder,remove,0,2,0.8323699421965318
phoneme,mlp_deep,Autoencoder,remove,0,3,0.8641618497109826
phoneme,mlp_deep,Autoencoder,remove,0,4,0.861271676300578
phoneme,mlp_deep,Autoencoder,remove,0,5,0.8786127167630058
phoneme,mlp_deep,Autoencoder,remove,0,6,0.8641618497109826
phoneme,mlp_deep,Autoencoder,remove,0,7,0.8583815028901735
phoneme,mlp_deep,Autoencoder,remove,0,8,0.8579710144927536
phoneme,mlp_deep,Autoencoder,remove,0,9,0.8579710144927536
phoneme,mlp_deep,Autoencoder,remove,1,0,0.8294797687861272
phoneme,mlp_deep,Autoencoder,remove,1,1,0.8554913294797688
phoneme,mlp_deep,Autoencoder,remove,1,2,0.8670520231213873
phoneme,mlp_deep,Autoencoder,remove,1,3,0.8641618497109826
phoneme,mlp_deep,Autoencoder,remove,1,4,0.8641618497109826
phoneme,mlp_deep,Autoencoder,remove,1,5,0.861271676300578
phoneme,mlp_deep,Autoencoder,remove,1,6,0.861271676300578
phoneme,mlp_deep,Autoencoder,remove,1,7,0.8208092485549133
phoneme,mlp_deep,Autoencoder,remove,1,8,0.8318840579710145
phoneme,mlp_deep,Autoencoder,remove,1,9,0.8666666666666667
phoneme,mlp_deep,Autoencoder,remove,2,0,0.8439306358381503
phoneme,mlp_deep,Autoencoder,remove,2,1,0.884393063583815
phoneme,mlp_deep,Autoencoder,remove,2,2,0.8439306358381503
phoneme,mlp_deep,Autoencoder,remove,2,3,0.8323699421965318
phoneme,mlp_deep,Autoencoder,remove,2,4,0.8728323699421965
phoneme,mlp_deep,Autoencoder,remove,2,5,0.8526011560693642
phoneme,mlp_deep,Autoencoder,remove,2,6,0.8410404624277457
phoneme,mlp_deep,Autoencoder,remove,2,7,0.8728323699421965
phoneme,mlp_deep,Autoencoder,remove,2,8,0.8376811594202899
phoneme,mlp_deep,Autoencoder,remove,2,9,0.863768115942029
pol,mlp_deep,None,remove,0,0,0.9752321981424149
pol,mlp_deep,None,remove,0,1,0.978328173374613
pol,mlp_deep,None,remove,0,2,0.9751937984496124
pol,mlp_deep,None,remove,0,3,0.9844961240310077
pol,mlp_deep,None,remove,0,4,0.9906976744186047
pol,mlp_deep,None,remove,0,5,0.9798449612403101
pol,mlp_deep,None,remove,0,6,0.986046511627907
pol,mlp_deep,None,remove,0,7,0.9891472868217054
pol,mlp_deep,None,remove,0,8,0.9813953488372092
pol,mlp_deep,None,remove,0,9,0.9813953488372092
pol,mlp_deep,None,remove,1,0,0.9860681114551083
pol,mlp_deep,None,remove,1,1,0.9860681114551083
pol,mlp_deep,None,remove,1,2,0.9813953488372092
pol,mlp_deep,None,remove,1,3,0.986046511627907
pol,mlp_deep,None,remove,1,4,0.9798449612403101
pol,mlp_deep,None,remove,1,5,0.9767441860465116
pol,mlp_deep,None,remove,1,6,0.9844961240310077
pol,mlp_deep,None,remove,1,7,0.9798449612403101
pol,mlp_deep,None,remove,1,8,0.9813953488372092
pol,mlp_deep,None,remove,1,9,0.9798449612403101
pol,mlp_deep,None,remove,2,0,0.9674922600619195
pol,mlp_deep,None,remove,2,1,0.9736842105263158
pol,mlp_deep,None,remove,2,2,0.9891472868217054
pol,mlp_deep,None,remove,2,3,0.986046511627907
pol,mlp_deep,None,remove,2,4,0.9705426356589147
pol,mlp_deep,None,remove,2,5,0.9813953488372092
pol,mlp_deep,None,remove,2,6,0.9844961240310077
pol,mlp_deep,None,remove,2,7,0.9829457364341085
pol,mlp_deep,None,remove,2,8,0.9829457364341085
pol,mlp_deep,None,remove,2,9,0.9813953488372092
pol,mlp_deep,ZScore,remove,0,0,0.8668730650154799
pol,mlp_deep,ZScore,remove,0,1,0.8452012383900929
pol,mlp_deep,ZScore,remove,0,2,0.8604651162790697
pol,mlp_deep,ZScore,remove,0,3,0.8775193798449612
pol,mlp_deep,ZScore,remove,0,4,0.9038759689922481
pol,mlp_deep,ZScore,remove,0,5,0.8713178294573644
pol,mlp_deep,ZScore,remove,0,6,0.8837209302325582
pol,mlp_deep,ZScore,remove,0,7,0.8744186046511628
pol,mlp_deep,ZScore,remove,0,8,0.8713178294573644
pol,mlp_deep,ZScore,remove,0,9,0.8806201550387597
pol,mlp_deep,ZScore,remove,1,0,0.8993808049535603
pol,mlp_deep,ZScore,remove,1,1,0.8792569659442725
pol,mlp_deep,ZScore,remove,1,2,0.8527131782945736
pol,mlp_deep,ZScore,remove,1,3,0.8573643410852713
pol,mlp_deep,ZScore,remove,1,4,0.8821705426356589
pol,mlp_deep,ZScore,remove,1,5,0.8713178294573644
pol,mlp_deep,ZScore,remove,1,6,0.8449612403100775
pol,mlp_deep,ZScore,remove,1,7,0.8651162790697674
pol,mlp_deep,ZScore,remove,1,8,0.8372093023255814
pol,mlp_deep,ZScore,remove,1,9,0.8697674418604651
pol,mlp_deep,ZScore,remove,2,0,0.8761609907120743
pol,mlp_deep,ZScore,remove,2,1,0.8699690402476781
pol,mlp_deep,ZScore,remove,2,2,0.8480620155038759
pol,mlp_deep,ZScore,remove,2,3,0.8930232558139535
pol,mlp_deep,ZScore,remove,2,4,0.8511627906976744
pol,mlp_deep,ZScore,remove,2,5,0.8883720930232558
pol,mlp_deep,ZScore,remove,2,6,0.8387596899224806
pol,mlp_deep,ZScore,remove,2,7,0.8945736434108527
pol,mlp_deep,ZScore,remove,2,8,0.8697674418604651
pol,mlp_deep,ZScore,remove,2,9,0.8806201550387597
pol,mlp_deep,ZScore,clip,0,0,0.9767801857585139
pol,mlp_deep,ZScore,clip,0,1,0.9705882352941176
pol,mlp_deep,ZScore,clip,0,2,0.9658914728682171
pol,mlp_deep,ZScore,clip,0,3,0.9720930232558139
pol,mlp_deep,ZScore,clip,0,4,0.986046511627907
pol,mlp_deep,ZScore,clip,0,5,0.9751937984496124
pol,mlp_deep,ZScore,clip,0,6,0.9798449612403101
pol,mlp_deep,ZScore,clip,0,7,0.9829457364341085
pol,mlp_deep,ZScore,clip,0,8,0.9736434108527132
pol,mlp_deep,ZScore,clip,0,9,0.9767441860465116
pol,mlp_deep,ZScore,clip,1,0,0.978328173374613
pol,mlp_deep,ZScore,clip,1,1,0.9829721362229102
pol,mlp_deep,ZScore,clip,1,2,0.9736434108527132
pol,mlp_deep,ZScore,clip,1,3,0.9751937984496124
pol,mlp_deep,ZScore,clip,1,4,0.9736434108527132
pol,mlp_deep,ZScore,clip,1,5,0.9767441860465116
pol,mlp_deep,ZScore,clip,1,6,0.9782945736434109
pol,mlp_deep,ZScore,clip,1,7,0.9736434108527132
pol,mlp_deep,ZScore,clip,1,8,0.9813953488372092
pol,mlp_deep,ZScore,clip,1,9,0.9767441860465116
pol,mlp_deep,ZScore,clip,2,0,0.978328173374613
pol,mlp_deep,ZScore,clip,2,1,0.9752321981424149
pol,mlp_deep,ZScore,clip,2,2,0.986046511627907
pol,mlp_deep,ZScore,clip,2,3,0.9844961240310077
pol,mlp_deep,ZScore,clip,2,4,0.9658914728682171
pol,mlp_deep,ZScore,clip,2,5,0.9767441860465116
pol,mlp_deep,ZScore,clip,2,6,0.9689922480620154
pol,mlp_deep,ZScore,clip,2,7,0.9751937984496124
pol,mlp_deep,ZScore,clip,2,8,0.9813953488372092
pol,mlp_deep,ZScore,clip,2,9,0.9751937984496124
pol,mlp_deep,Percentile,remove,0,0,0.8126934984520123
pol,mlp_deep,Percentile,remove,0,1,0.7941176470588235
pol,mlp_deep,Percentile,remove,0,2,0.7767441860465116
pol,mlp_deep,Percentile,remove,0,3,0.7767441860465116
pol,mlp_deep,Percentile,remove,0,4,0.8
pol,mlp_deep,Percentile,remove,0,5,0.8
pol,mlp_deep,Percentile,remove,0,6,0.7875968992248062
pol,mlp_deep,Percentile,remove,0,7,0.8294573643410853
pol,mlp_deep,Percentile,remove,0,8,0.7968992248062016
pol,mlp_deep,Percentile,remove,0,9,0.8093023255813954
pol,mlp_deep,Percentile,remove,1,0,0.8080495356037152
pol,mlp_deep,Percentile,remove,1,1,0.8034055727554179
pol,mlp_deep,Percentile,remove,1,2,0.765891472868217
pol,mlp_deep,Percentile,remove,1,3,0.8
pol,mlp_deep,Percentile,remove,1,4,0.7627906976744186
pol,mlp_deep,Percentile,remove,1,5,0.8015503875968992
pol,mlp_deep,Percentile,remove,1,6,0.7984496124031008
pol,mlp_deep,Percentile,remove,1,7,0.7844961240310078
pol,mlp_deep,Percentile,remove,1,8,0.7596899224806202
pol,mlp_deep,Percentile,remove,1,9,0.827906976744186
pol,mlp_deep,Percentile,remove,2,0,0.8018575851393189
pol,mlp_deep,Percentile,remove,2,1,0.8034055727554179
pol,mlp_deep,Percentile,remove,2,2,0.7767441860465116
pol,mlp_deep,Percentile,remove,2,3,0.8387596899224806
pol,mlp_deep,Percentile,remove,2,4,0.8124031007751938
pol,mlp_deep,Percentile,remove,2,5,0.8062015503875969
pol,mlp_deep,Percentile,remove,2,6,0.8031007751937984
pol,mlp_deep,Percentile,remove,2,7,0.7953488372093023
pol,mlp_deep,Percentile,remove,2,8,0.8031007751937984
pol,mlp_deep,Percentile,remove,2,9,0.8077519379844961
pol,mlp_deep,Percentile,clip,0,0,0.9659442724458205
pol,mlp_deep,Percentile,clip,0,1,0.958204334365325
pol,mlp_deep,Percentile,clip,0,2,0.9612403100775194
pol,mlp_deep,Percentile,clip,0,3,0.9689922480620154
pol,mlp_deep,Percentile,clip,0,4,0.9705426356589147
pol,mlp_deep,Percentile,clip,0,5,0.9767441860465116
pol,mlp_deep,Percentile,clip,0,6,0.9705426356589147
pol,mlp_deep,Percentile,clip,0,7,0.9705426356589147
pol,mlp_deep,Percentile,clip,0,8,0.9782945736434109
pol,mlp_deep,Percentile,clip,0,9,0.9565891472868217
pol,mlp_deep,Percentile,clip,1,0,0.9659442724458205
pol,mlp_deep,Percentile,clip,1,1,0.9674922600619195
pol,mlp_deep,Percentile,clip,1,2,0.9596899224806201
pol,mlp_deep,Percentile,clip,1,3,0.9658914728682171
pol,mlp_deep,Percentile,clip,1,4,0.9643410852713178
pol,mlp_deep,Percentile,clip,1,5,0.9658914728682171
pol,mlp_deep,Percentile,clip,1,6,0.9736434108527132
pol,mlp_deep,Percentile,clip,1,7,0.9596899224806201
pol,mlp_deep,Percentile,clip,1,8,0.9612403100775194
pol,mlp_deep,Percentile,clip,1,9,0.9550387596899225
pol,mlp_deep,Percentile,clip,2,0,0.9566563467492261
pol,mlp_deep,Percentile,clip,2,1,0.9721362229102167
pol,mlp_deep,Percentile,clip,2,2,0.9643410852713178
pol,mlp_deep,Percentile,clip,2,3,0.9674418604651163
pol,mlp_deep,Percentile,clip,2,4,0.9643410852713178
pol,mlp_deep,Percentile,clip,2,5,0.9627906976744186
pol,mlp_deep,Percentile,clip,2,6,0.9674418604651163
pol,mlp_deep,Percentile,clip,2,7,0.9658914728682171
pol,mlp_deep,Percentile,clip,2,8,0.9643410852713178
pol,mlp_deep,Percentile,clip,2,9,0.9705426356589147
pol,mlp_deep,IsolationForest,remove,0,0,0.9845201238390093
pol,mlp_deep,IsolationForest,remove,0,1,0.9798761609907121
pol,mlp_deep,IsolationForest,remove,0,2,0.9720930232558139
pol,mlp_deep,IsolationForest,remove,0,3,0.9736434108527132
pol,mlp_deep,IsolationForest,remove,0,4,0.9875968992248062
pol,mlp_deep,IsolationForest,remove,0,5,0.9782945736434109
pol,mlp_deep,IsolationForest,remove,0,6,0.9767441860465116
pol,mlp_deep,IsolationForest,remove,0,7,0.9906976744186047
pol,mlp_deep,IsolationForest,remove,0,8,0.9782945736434109
pol,mlp_deep,IsolationForest,remove,0,9,0.9844961240310077
pol,mlp_deep,IsolationForest,remove,1,0,0.9891640866873065
pol,mlp_deep,IsolationForest,remove,1,1,0.9860681114551083
pol,mlp_deep,IsolationForest,remove,1,2,0.9829457364341085
pol,mlp_deep,IsolationForest,remove,1,3,0.9798449612403101
pol,mlp_deep,IsolationForest,remove,1,4,0.9798449612403101
pol,mlp_deep,IsolationForest,remove,1,5,0.9720930232558139
pol,mlp_deep,IsolationForest,remove,1,6,0.9813953488372092
pol,mlp_deep,IsolationForest,remove,1,7,0.9782945736434109
pol,mlp_deep,IsolationForest,remove,1,8,0.9798449612403101
pol,mlp_deep,IsolationForest,remove,1,9,0.9767441860465116
pol,mlp_deep,IsolationForest,remove,2,0,0.9814241486068112
pol,mlp_deep,IsolationForest,remove,2,1,0.9736842105263158
pol,mlp_deep,IsolationForest,remove,2,2,0.9844961240310077
pol,mlp_deep,IsolationForest,remove,2,3,0.9829457364341085
pol,mlp_deep,IsolationForest,remove,2,4,0.9751937984496124
pol,mlp_deep,IsolationForest,remove,2,5,0.9813953488372092
pol,mlp_deep,IsolationForest,remove,2,6,0.9782945736434109
pol,mlp_deep,IsolationForest,remove,2,7,0.9829457364341085
pol,mlp_deep,IsolationForest,remove,2,8,0.9798449612403101
pol,mlp_deep,IsolationForest,remove,2,9,0.9782945736434109
pol,mlp_deep,LOF,remove,0,0,0.978328173374613
pol,mlp_deep,LOF,remove,0,1,0.9752321981424149
pol,mlp_deep,LOF,remove,0,2,0.9658914728682171
pol,mlp_deep,LOF,remove,0,3,0.9720930232558139
pol,mlp_deep,LOF,remove,0,4,0.986046511627907
pol,mlp_deep,LOF,remove,0,5,0.9782945736434109
pol,mlp_deep,LOF,remove,0,6,0.9813953488372092
pol,mlp_deep,LOF,remove,0,7,0.9798449612403101
pol,mlp_deep,LOF,remove,0,8,0.9798449612403101
pol,mlp_deep,LOF,remove,0,9,0.9767441860465116
pol,mlp_deep,LOF,remove,1,0,0.9752321981424149
pol,mlp_deep,LOF,remove,1,1,0.9876160990712074
pol,mlp_deep,LOF,remove,1,2,0.9736434108527132
pol,mlp_deep,LOF,remove,1,3,0.986046511627907
pol,mlp_deep,LOF,remove,1,4,0.9844961240310077
pol,mlp_deep,LOF,remove,1,5,0.9705426356589147
pol,mlp_deep,LOF,remove,1,6,0.9844961240310077
pol,mlp_deep,LOF,remove,1,7,0.9767441860465116
pol,mlp_deep,LOF,remove,1,8,0.9798449612403101
pol,mlp_deep,LOF,remove,1,9,0.9767441860465116
pol,mlp_deep,LOF,remove,2,0,0.9736842105263158
pol,mlp_deep,LOF,remove,2,1,0.9674922600619195
pol,mlp_deep,LOF,remove,2,2,0.9767441860465116
pol,mlp_deep,LOF,remove,2,3,0.9751937984496124
pol,mlp_deep,LOF,remove,2,4,0.9705426356589147
pol,mlp_deep,LOF,remove,2,5,0.9813953488372092
pol,mlp_deep,LOF,remove,2,6,0.9751937984496124
pol,mlp_deep,LOF,remove,2,7,0.9720930232558139
pol,mlp_deep,LOF,remove,2,8,0.9875968992248062
pol,mlp_deep,LOF,remove,2,9,0.9798449612403101
pol,mlp_deep,Autoencoder,remove,0,0,0.9829721362229102
pol,mlp_deep,Autoencoder,remove,0,1,0.9736842105263158
pol,mlp_deep,Autoencoder,remove,0,2,0.9689922480620154
pol,mlp_deep,Autoencoder,remove,0,3,0.9798449612403101
pol,mlp_deep,Autoencoder,remove,0,4,0.9875968992248062
pol,mlp_deep,Autoencoder,remove,0,5,0.9829457364341085
pol,mlp_deep,Autoencoder,remove,0,6,0.9829457364341085
pol,mlp_deep,Autoencoder,remove,0,7,0.9829457364341085
pol,mlp_deep,Autoencoder,remove,0,8,0.9844961240310077
pol,mlp_deep,Autoencoder,remove,0,9,0.9813953488372092
pol,mlp_deep,Autoencoder,remove,1,0,0.9814241486068112
pol,mlp_deep,Autoencoder,remove,1,1,0.9829721362229102
pol,mlp_deep,Autoencoder,remove,1,2,0.9798449612403101
pol,mlp_deep,Autoencoder,remove,1,3,0.9891472868217054
pol,mlp_deep,Autoencoder,remove,1,4,0.9813953488372092
pol,mlp_deep,Autoencoder,remove,1,5,0.9689922480620154
pol,mlp_deep,Autoencoder,remove,1,6,0.986046511627907
pol,mlp_deep,Autoencoder,remove,1,7,0.9798449612403101
pol,mlp_deep,Autoencoder,remove,1,8,0.9798449612403101
pol,mlp_deep,Autoencoder,remove,1,9,0.9829457364341085
pol,mlp_deep,Autoencoder,remove,2,0,0.9752321981424149
pol,mlp_deep,Autoencoder,remove,2,1,0.9752321981424149
pol,mlp_deep,Autoencoder,remove,2,2,0.9829457364341085
pol,mlp_deep,Autoencoder,remove,2,3,0.9829457364341085
pol,mlp_deep,Autoencoder,remove,2,4,0.9658914728682171
pol,mlp_deep,Autoencoder,remove,2,5,0.9829457364341085
pol,mlp_deep,Autoencoder,remove,2,6,0.9798449612403101
pol,mlp_deep,Autoencoder,remove,2,7,0.9875968992248062
pol,mlp_deep,Autoencoder,remove,2,8,0.9798449612403101
pol,mlp_deep,Autoencoder,remove,2,9,0.986046511627907
socmob,mlp_deep,None,remove,0,0,1246.576932885053
socmob,mlp_deep,None,remove,0,1,625.3927421070553
socmob,mlp_deep,None,remove,0,2,1355.1116585831485
socmob,mlp_deep,None,remove,0,3,730.4235355851367
socmob,mlp_deep,None,remove,0,4,355.3339580589256
socmob,mlp_deep,None,remove,0,5,400.1461930323805
socmob,mlp_deep,None,remove,0,6,691.360049257184
socmob,mlp_deep,None,remove,0,7,830.7366734460102
socmob,mlp_deep,None,remove,0,8,3234.2365878596934
socmob,mlp_deep,None,remove,0,9,1001.7805876153382
socmob,mlp_deep,None,remove,1,0,262.4439054414352
socmob,mlp_deep,None,remove,1,1,1803.5994664718542
socmob,mlp_deep,None,remove,1,2,885.0840338803654
socmob,mlp_deep,None,remove,1,3,873.3816678830709
socmob,mlp_deep,None,remove,1,4,1687.8389193450623
socmob,mlp_deep,None,remove,1,5,525.161850958607
socmob,mlp_deep,None,remove,1,6,834.2872878056615
socmob,mlp_deep,None,remove,1,7,742.1697846820022
socmob,mlp_deep,None,remove,1,8,1724.2219128623053
socmob,mlp_deep,None,remove,1,9,1200.5289033958195
socmob,mlp_deep,None,remove,2,0,372.3034867707648
socmob,mlp_deep,None,remove,2,1,1984.164709416203
socmob,mlp_deep,None,remove,2,2,558.8423677851188
socmob,mlp_deep,None,remove,2,3,587.1599012515263
socmob,mlp_deep,None,remove,2,4,877.3170265227827
socmob,mlp_deep,None,remove,2,5,1446.7717548876105
socmob,mlp_deep,None,remove,2,6,1091.7989559461787
socmob,mlp_deep,None,remove,2,7,289.80055292076815
socmob,mlp_deep,None,remove,2,8,2001.938861468525
socmob,mlp_deep,None,remove,2,9,930.0434782756765
socmob,mlp_deep,ZScore,remove,0,0,1246.576932885053
socmob,mlp_deep,ZScore,remove,0,1,625.3927421070553
socmob,mlp_deep,ZScore,remove,0,2,1355.1116585831485
socmob,mlp_deep,ZScore,remove,0,3,730.4235355851367
socmob,mlp_deep,ZScore,remove,0,4,355.3339580589256
socmob,mlp_deep,ZScore,remove,0,5,400.1461930323805
socmob,mlp_deep,ZScore,remove,0,6,691.360049257184
socmob,mlp_deep,ZScore,remove,0,7,830.7366734460102
socmob,mlp_deep,ZScore,remove,0,8,3234.2365878596934
socmob,mlp_deep,ZScore,remove,0,9,1001.7805876153382
socmob,mlp_deep,ZScore,remove,1,0,262.4439054414352
socmob,mlp_deep,ZScore,remove,1,1,1803.5994664718542
socmob,mlp_deep,ZScore,remove,1,2,885.0840338803654
socmob,mlp_deep,ZScore,remove,1,3,873.3816678830709
socmob,mlp_deep,ZScore,remove,1,4,1687.8389193450623
socmob,mlp_deep,ZScore,remove,1,5,525.161850958607
socmob,mlp_deep,ZScore,remove,1,6,834.2872878056615
socmob,mlp_deep,ZScore,remove,1,7,742.1697846820022
socmob,mlp_deep,ZScore,remove,1,8,1724.2219128623053
socmob,mlp_deep,ZScore,remove,1,9,1200.5289033958195
socmob,mlp_deep,ZScore,remove,2,0,372.3034867707648
socmob,mlp_deep,ZScore,remove,2,1,1984.164709416203
socmob,mlp_deep,ZScore,remove,2,2,558.8423677851188
socmob,mlp_deep,ZScore,remove,2,3,587.1599012515263
socmob,mlp_deep,ZScore,remove,2,4,877.3170265227827
socmob,mlp_deep,ZScore,remove,2,5,1446.7717548876105
socmob,mlp_deep,ZScore,remove,2,6,1091.7989559461787
socmob,mlp_deep,ZScore,remove,2,7,289.80055292076815
socmob,mlp_deep,ZScore,remove,2,8,2001.938861468525
socmob,mlp_deep,ZScore,remove,2,9,930.0434782756765
socmob,mlp_deep,ZScore,clip,0,0,1246.576932885053
socmob,mlp_deep,ZScore,clip,0,1,625.3927421070553
socmob,mlp_deep,ZScore,clip,0,2,1355.1116585831485
socmob,mlp_deep,ZScore,clip,0,3,730.4235355851367
socmob,mlp_deep,ZScore,clip,0,4,355.3339580589256
socmob,mlp_deep,ZScore,clip,0,5,400.1461930323805
socmob,mlp_deep,ZScore,clip,0,6,691.360049257184
socmob,mlp_deep,ZScore,clip,0,7,830.7366734460102
socmob,mlp_deep,ZScore,clip,0,8,3234.2365878596934
socmob,mlp_deep,ZScore,clip,0,9,1001.7805876153382
socmob,mlp_deep,ZScore,clip,1,0,262.4439054414352
socmob,mlp_deep,ZScore,clip,1,1,1803.5994664718542
socmob,mlp_deep,ZScore,clip,1,2,885.0840338803654
socmob,mlp_deep,ZScore,clip,1,3,873.3816678830709
socmob,mlp_deep,ZScore,clip,1,4,1687.8389193450623
socmob,mlp_deep,ZScore,clip,1,5,525.161850958607
socmob,mlp_deep,ZScore,clip,1,6,834.2872878056615
socmob,mlp_deep,ZScore,clip,1,7,742.1697846820022
socmob,mlp_deep,ZScore,clip,1,8,1724.2219128623053
socmob,mlp_deep,ZScore,clip,1,9,1200.5289033958195
socmob,mlp_deep,ZScore,clip,2,0,372.3034867707648
socmob,mlp_deep,ZScore,clip,2,1,1984.164709416203
socmob,mlp_deep,ZScore,clip,2,2,558.8423677851188
socmob,mlp_deep,ZScore,clip,2,3,587.1599012515263
socmob,mlp_deep,ZScore,clip,2,4,877.3170265227827
socmob,mlp_deep,ZScore,clip,2,5,1446.7717548876105
socmob,mlp_deep,ZScore,clip,2,6,1091.7989559461787
socmob,mlp_deep,ZScore,clip,2,7,289.80055292076815
socmob,mlp_deep,ZScore,clip,2,8,2001.938861468525
socmob,mlp_deep,ZScore,clip,2,9,930.0434782756765
socmob,mlp_deep,Percentile,remove,0,0,1223.5431471146298
socmob,mlp_deep,Percentile,remove,0,1,567.2052815532161
socmob,mlp_deep,Percentile,remove,0,2,959.5357783768825
socmob,mlp_deep,Percentile,remove,0,3,755.471846363552
socmob,mlp_deep,Percentile,remove,0,4,338.7600367939578
socmob,mlp_deep,Percentile,remove,0,5,347.83688217344695
socmob,mlp_deep,Percentile,remove,0,6,759.1401896390361
socmob,mlp_deep,Percentile,remove,0,7,756.6887996190966
socmob,mlp_deep,Percentile,remove,0,8,3471.1359396760586
socmob,mlp_deep,Percentile,remove,0,9,803.3325331810802
socmob,mlp_deep,Percentile,remove,1,0,278.0047303335449
socmob,mlp_deep,Percentile,remove,1,1,1579.2432650586663
socmob,mlp_deep,Percentile,remove,1,2,772.40963045713
socmob,mlp_deep,Percentile,remove,1,3,831.4251418400327
socmob,mlp_deep,Percentile,remove,1,4,1968.8841024079738
socmob,mlp_deep,Percentile,remove,1,5,588.2019530236731
socmob,mlp_deep,Percentile,remove,1,6,843.4579384489931
socmob,mlp_deep,Percentile,remove,1,7,697.9975471491056
socmob,mlp_deep,Percentile,remove,1,8,1683.233567521595
socmob,mlp_deep,Percentile,remove,1,9,738.509127976481
socmob,mlp_deep,Percentile,remove,2,0,213.17180935656174
socmob,mlp_deep,Percentile,remove,2,1,1956.2653141404626
socmob,mlp_deep,Percentile,remove,2,2,500.62367415334035
socmob,mlp_deep,Percentile,remove,2,3,623.2315202660367
socmob,mlp_deep,Percentile,remove,2,4,1097.375979427856
socmob,mlp_deep,Percentile,remove,2,5,1506.773982294161
socmob,mlp_deep,Percentile,remove,2,6,1454.2371143596129
socmob,mlp_deep,Percentile,remove,2,7,505.7946304367788
socmob,mlp_deep,Percentile,remove,2,8,2383.7067754000645
socmob,mlp_deep,Percentile,remove,2,9,869.1277776651968
socmob,mlp_deep,Percentile,clip,0,0,1252.1534611182694
socmob,mlp_deep,Percentile,clip,0,1,597.2439668565264
socmob,mlp_deep,Percentile,clip,0,2,1369.2345293759013
socmob,mlp_deep,Percentile,clip,0,3,738.5324355203697
socmob,mlp_deep,Percentile,clip,0,4,355.61514982864225
socmob,mlp_deep,Percentile,clip,0,5,419.8755745931988
socmob,mlp_deep,Percentile,clip,0,6,690.5871592173318
socmob,mlp_deep,Percentile,clip,0,7,816.5387684564929
socmob,mlp_deep,Percentile,clip,0,8,3233.667018955076
socmob,mlp_deep,Percentile,clip,0,9,983.1102986738531
socmob,mlp_deep,Percentile,clip,1,0,263.72015643020933
socmob,mlp_deep,Percentile,clip,1,1,1800.431567416645
socmob,mlp_deep,Percentile,clip,1,2,848.1076198920092
socmob,mlp_deep,Percentile,clip,1,3,872.5176119180362
socmob,mlp_deep,Percentile,clip,1,4,1685.641010541529
socmob,mlp_deep,Percentile,clip,1,5,539.7191581874383
socmob,mlp_deep,Percentile,clip,1,6,848.8174443514862
socmob,mlp_deep,Percentile,clip,1,7,748.0810306067739
socmob,mlp_deep,Percentile,clip,1,8,1725.06505522648
socmob,mlp_deep,Percentile,clip,1,9,1208.781467052707
socmob,mlp_deep,Percentile,clip,2,0,294.8094243852155
socmob,mlp_deep,Percentile,clip,2,1,1987.536198119399
socmob,mlp_deep,Percentile,clip,2,2,548.2675406367255
socmob,mlp_deep,Percentile,clip,2,3,584.3260582176678
socmob,mlp_deep,Percentile,clip,2,4,893.9885785164221
socmob,mlp_deep,Percentile,clip,2,5,1476.3334866008372
socmob,mlp_deep,Percentile,clip,2,6,1091.7580562081444
socmob,mlp_deep,Percentile,clip,2,7,285.69905980631245
socmob,mlp_deep,Percentile,clip,2,8,2002.5284710559106
socmob,mlp_deep,Percentile,clip,2,9,924.2737596528714
socmob,mlp_deep,IsolationForest,remove,0,0,1469.7837800455502
socmob,mlp_deep,IsolationForest,remove,0,1,529.5261015859845
socmob,mlp_deep,IsolationForest,remove,0,2,1333.553285990558
socmob,mlp_deep,IsolationForest,remove,0,3,866.3535511498353
socmob,mlp_deep,IsolationForest,remove,0,4,424.63158271709466
socmob,mlp_deep,IsolationForest,remove,0,5,409.01628082590594
socmob,mlp_deep,IsolationForest,remove,0,6,632.7670150838311
socmob,mlp_deep,IsolationForest,remove,0,7,860.6991041162461
socmob,mlp_deep,IsolationForest,remove,0,8,3222.172189264915
socmob,mlp_deep,IsolationForest,remove,0,9,980.7613932844479
socmob,mlp_deep,IsolationForest,remove,1,0,259.7701000482795
socmob,mlp_deep,IsolationForest,remove,1,1,1372.19019183541
socmob,mlp_deep,IsolationForest,remove,1,2,1341.7130079970127
socmob,mlp_deep,IsolationForest,remove,1,3,998.5830357477037
socmob,mlp_deep,IsolationForest,remove,1,4,1828.4674431866756
socmob,mlp_deep,IsolationForest,remove,1,5,650.507261122113
socmob,mlp_deep,IsolationForest,remove,1,6,1299.0665708646452
socmob,mlp_deep,IsolationForest,remove,1,7,1058.312310393347
socmob,mlp_deep,IsolationForest,remove,1,8,1614.0068789374554
socmob,mlp_deep,IsolationForest,remove,1,9,635.4291306983647
socmob,mlp_deep,IsolationForest,remove,2,0,305.215094693331
socmob,mlp_deep,IsolationForest,remove,2,1,2014.4469076281687
socmob,mlp_deep,IsolationForest,remove,2,2,664.3576597965967
socmob,mlp_deep,IsolationForest,remove,2,3,910.1073557465672
socmob,mlp_deep,IsolationForest,remove,2,4,1062.306233497487
socmob,mlp_deep,IsolationForest,remove,2,5,1522.0513356154474
socmob,mlp_deep,IsolationForest,remove,2,6,1287.611284803473
socmob,mlp_deep,IsolationForest,remove,2,7,289.6531345157006
socmob,mlp_deep,IsolationForest,remove,2,8,1708.5227072067207
socmob,mlp_deep,IsolationForest,remove,2,9,1362.7613773825474
socmob,mlp_deep,LOF,remove,0,0,1294.5434605159703
socmob,mlp_deep,LOF,remove,0,1,513.262279523284
socmob,mlp_deep,LOF,remove,0,2,1353.7924267099445
socmob,mlp_deep,LOF,remove,0,3,797.7863238519066
socmob,mlp_deep,LOF,remove,0,4,324.14151455070714
socmob,mlp_deep,LOF,remove,0,5,327.03971323373736
socmob,mlp_deep,LOF,remove,0,6,714.616972999624
socmob,mlp_deep,LOF,remove,0,7,792.999161497042
socmob,mlp_deep,LOF,remove,0,8,2857.9638537241194
socmob,mlp_deep,LOF,remove,0,9,936.5498525354466
socmob,mlp_deep,LOF,remove,1,0,266.34578275863805
socmob,mlp_deep,LOF,remove,1,1,1521.6821567530474
socmob,mlp_deep,LOF,remove,1,2,938.1234094064757
socmob,mlp_deep,LOF,remove,1,3,886.177755296924
socmob,mlp_deep,LOF,remove,1,4,1500.9252615887726
socmob,mlp_deep,LOF,remove,1,5,543.2419810028794
socmob,mlp_deep,LOF,remove,1,6,819.2941769315772
socmob,mlp_deep,LOF,remove,1,7,842.1923275435142
socmob,mlp_deep,LOF,remove,1,8,1920.6058066873634
socmob,mlp_deep,LOF,remove,1,9,705.2418531898501
socmob,mlp_deep,LOF,remove,2,0,203.77167350123017
socmob,mlp_deep,LOF,remove,2,1,2169.8212063546493
socmob,mlp_deep,LOF,remove,2,2,554.516093925958
socmob,mlp_deep,LOF,remove,2,3,925.3719122922121
socmob,mlp_deep,LOF,remove,2,4,1126.696595269039
socmob,mlp_deep,LOF,remove,2,5,1488.398021595298
socmob,mlp_deep,LOF,remove,2,6,1574.4513930412631
socmob,mlp_deep,LOF,remove,2,7,324.02917244253825
socmob,mlp_deep,LOF,remove,2,8,1588.72340279544
socmob,mlp_deep,LOF,remove,2,9,1050.2700810896058
socmob,mlp_deep,Autoencoder,remove,0,0,1287.8037327343147
socmob,mlp_deep,Autoencoder,remove,0,1,441.16477901327096
socmob,mlp_deep,Autoencoder,remove,0,2,1815.4145781467646
socmob,mlp_deep,Autoencoder,remove,0,3,800.0083492695956
socmob,mlp_deep,Autoencoder,remove,0,4,284.73363397436594
socmob,mlp_deep,Autoencoder,remove,0,5,317.20416294852464
socmob,mlp_deep,Autoencoder,remove,0,6,698.4598877944424
socmob,mlp_deep,Autoencoder,remove,0,7,913.9841960009053
socmob,mlp_deep,Autoencoder,remove,0,8,3336.17317926989
socmob,mlp_deep,Autoencoder,remove,0,9,902.085168211478
socmob,mlp_deep,Autoencoder,remove,1,0,275.57282620707036
socmob,mlp_deep,Autoencoder,remove,1,1,1557.362369673489
socmob,mlp_deep,Autoencoder,remove,1,2,767.588715167037
socmob,mlp_deep,Autoencoder,remove,1,3,799.6368240584071
socmob,mlp_deep,Autoencoder,remove,1,4,1668.6452255349898
socmob,mlp_deep,Autoencoder,remove,1,5,553.3583509155013
socmob,mlp_deep,Autoencoder,remove,1,6,1388.6038626783104
socmob,mlp_deep,Autoencoder,remove,1,7,693.0372169751574
socmob,mlp_deep,Autoencoder,remove,1,8,1600.252379836569
socmob,mlp_deep,Autoencoder,remove,1,9,789.0487040545519
socmob,mlp_deep,Autoencoder,remove,2,0,192.84222201190696
socmob,mlp_deep,Autoencoder,remove,2,1,1903.7014572489365
socmob,mlp_deep,Autoencoder,remove,2,2,662.1380867194949
socmob,mlp_deep,Autoencoder,remove,2,3,563.513754093811
socmob,mlp_deep,Autoencoder,remove,2,4,851.3227747159599
socmob,mlp_deep,Autoencoder,remove,2,5,1547.6427302556594
socmob,mlp_deep,Autoencoder,remove,2,6,936.8913093112262
socmob,mlp_deep,Autoencoder,remove,2,7,431.2966058746566
socmob,mlp_deep,Autoencoder,remove,2,8,1933.0916576529357
socmob,mlp_deep,Autoencoder,remove,2,9,999.9293975380575
splice,mlp_deep,None,remove,0,0,0.8536585365853658
splice,mlp_deep,None,remove,0,1,0.7647058823529411
splice,mlp_deep,None,remove,0,2,0.8284313725490197
splice,mlp_deep,None,remove,0,3,0.8676470588235294
splice,mlp_deep,None,remove,0,4,0.8627450980392157
splice,mlp_deep,None,remove,0,5,0.8235294117647058
splice,mlp_deep,None,remove,0,6,0.803921568627451
splice,mlp_deep,None,remove,0,7,0.8235294117647058
splice,mlp_deep,None,remove,0,8,0.8529411764705882
splice,mlp_deep,None,remove,0,9,0.8137254901960784
splice,mlp_deep,None,remove,1,0,0.8097560975609757
splice,mlp_deep,None,remove,1,1,0.8186274509803921
splice,mlp_deep,None,remove,1,2,0.8235294117647058
splice,mlp_deep,None,remove,1,3,0.8431372549019608
splice,mlp_deep,None,remove,1,4,0.8284313725490197
splice,mlp_deep,None,remove,1,5,0.8137254901960784
splice,mlp_deep,None,remove,1,6,0.8235294117647058
splice,mlp_deep,None,remove,1,7,0.8088235294117647
splice,mlp_deep,None,remove,1,8,0.8627450980392157
splice,mlp_deep,None,remove,1,9,0.8382352941176471
splice,mlp_deep,None,remove,2,0,0.824390243902439
splice,mlp_deep,None,remove,2,1,0.7696078431372549
splice,mlp_deep,None,remove,2,2,0.8529411764705882
splice,mlp_deep,None,remove,2,3,0.8088235294117647
splice,mlp_deep,None,remove,2,4,0.8627450980392157
splice,mlp_deep,None,remove,2,5,0.8627450980392157
splice,mlp_deep,None,remove,2,6,0.8431372549019608
splice,mlp_deep,None,remove,2,7,0.8480392156862745
splice,mlp_deep,None,remove,2,8,0.8578431372549019
splice,mlp_deep,None,remove,2,9,0.8137254901960784
splice,mlp_deep,ZScore,remove,0,0,0.8536585365853658
splice,mlp_deep,ZScore,remove,0,1,0.7647058823529411
splice,mlp_deep,ZScore,remove,0,2,0.8284313725490197
splice,mlp_deep,ZScore,remove,0,3,0.8676470588235294
splice,mlp_deep,ZScore,remove,0,4,0.8627450980392157
splice,mlp_deep,ZScore,remove,0,5,0.8235294117647058
splice,mlp_deep,ZScore,remove,0,6,0.803921568627451
splice,mlp_deep,ZScore,remove,0,7,0.8235294117647058
splice,mlp_deep,ZScore,remove,0,8,0.8529411764705882
splice,mlp_deep,ZScore,remove,0,9,0.8137254901960784
splice,mlp_deep,ZScore,remove,1,0,0.8097560975609757
splice,mlp_deep,ZScore,remove,1,1,0.8186274509803921
splice,mlp_deep,ZScore,remove,1,2,0.8235294117647058
splice,mlp_deep,ZScore,remove,1,3,0.8431372549019608
splice,mlp_deep,ZScore,remove,1,4,0.8284313725490197
splice,mlp_deep,ZScore,remove,1,5,0.8137254901960784
splice,mlp_deep,ZScore,remove,1,6,0.8235294117647058
splice,mlp_deep,ZScore,remove,1,7,0.8088235294117647
splice,mlp_deep,ZScore,remove,1,8,0.8627450980392157
splice,mlp_deep,ZScore,remove,1,9,0.8382352941176471
splice,mlp_deep,ZScore,remove,2,0,0.824390243902439
splice,mlp_deep,ZScore,remove,2,1,0.7696078431372549
splice,mlp_deep,ZScore,remove,2,2,0.8529411764705882
splice,mlp_deep,ZScore,remove,2,3,0.8088235294117647
splice,mlp_deep,ZScore,remove,2,4,0.8627450980392157
splice,mlp_deep,ZScore,remove,2,5,0.8627450980392157
splice,mlp_deep,ZScore,remove,2,6,0.8431372549019608
splice,mlp_deep,ZScore,remove,2,7,0.8480392156862745
splice,mlp_deep,ZScore,remove,2,8,0.8578431372549019
splice,mlp_deep,ZScore,remove,2,9,0.8137254901960784
splice,mlp_deep,ZScore,clip,0,0,0.8536585365853658
splice,mlp_deep,ZScore,clip,0,1,0.7647058823529411
splice,mlp_deep,ZScore,clip,0,2,0.8284313725490197
splice,mlp_deep,ZScore,clip,0,3,0.8676470588235294
splice,mlp_deep,ZScore,clip,0,4,0.8627450980392157
splice,mlp_deep,ZScore,clip,0,5,0.8235294117647058
splice,mlp_deep,ZScore,clip,0,6,0.803921568627451
splice,mlp_deep,ZScore,clip,0,7,0.8235294117647058
splice,mlp_deep,ZScore,clip,0,8,0.8529411764705882
splice,mlp_deep,ZScore,clip,0,9,0.8137254901960784
splice,mlp_deep,ZScore,clip,1,0,0.8097560975609757
splice,mlp_deep,ZScore,clip,1,1,0.8186274509803921
splice,mlp_deep,ZScore,clip,1,2,0.8235294117647058
splice,mlp_deep,ZScore,clip,1,3,0.8431372549019608
splice,mlp_deep,ZScore,clip,1,4,0.8284313725490197
splice,mlp_deep,ZScore,clip,1,5,0.8137254901960784
splice,mlp_deep,ZScore,clip,1,6,0.8235294117647058
splice,mlp_deep,ZScore,clip,1,7,0.8088235294117647
splice,mlp_deep,ZScore,clip,1,8,0.8627450980392157
splice,mlp_deep,ZScore,clip,1,9,0.8382352941176471
splice,mlp_deep,ZScore,clip,2,0,0.824390243902439
splice,mlp_deep,ZScore,clip,2,1,0.7696078431372549
splice,mlp_deep,ZScore,clip,2,2,0.8529411764705882
splice,mlp_deep,ZScore,clip,2,3,0.8088235294117647
splice,mlp_deep,ZScore,clip,2,4,0.8627450980392157
splice,mlp_deep,ZScore,clip,2,5,0.8627450980392157
splice,mlp_deep,ZScore,clip,2,6,0.8431372549019608
splice,mlp_deep,ZScore,clip,2,7,0.8480392156862745
splice,mlp_deep,ZScore,clip,2,8,0.8578431372549019
splice,mlp_deep,ZScore,clip,2,9,0.8137254901960784
splice,mlp_deep,Percentile,remove,0,0,0.8536585365853658
splice,mlp_deep,Percentile,remove,0,1,0.7647058823529411
splice,mlp_deep,Percentile,remove,0,2,0.8284313725490197
splice,mlp_deep,Percentile,remove,0,3,0.8676470588235294
splice,mlp_deep,Percentile,remove,0,4,0.8627450980392157
splice,mlp_deep,Percentile,remove,0,5,0.8235294117647058
splice,mlp_deep,Percentile,remove,0,6,0.803921568627451
splice,mlp_deep,Percentile,remove,0,7,0.8235294117647058
splice,mlp_deep,Percentile,remove,0,8,0.8529411764705882
splice,mlp_deep,Percentile,remove,0,9,0.8137254901960784
splice,mlp_deep,Percentile,remove,1,0,0.8097560975609757
splice,mlp_deep,Percentile,remove,1,1,0.8186274509803921
splice,mlp_deep,Percentile,remove,1,2,0.8235294117647058
splice,mlp_deep,Percentile,remove,1,3,0.8431372549019608
splice,mlp_deep,Percentile,remove,1,4,0.8284313725490197
splice,mlp_deep,Percentile,remove,1,5,0.8137254901960784
splice,mlp_deep,Percentile,remove,1,6,0.8235294117647058
splice,mlp_deep,Percentile,remove,1,7,0.8088235294117647
splice,mlp_deep,Percentile,remove,1,8,0.8627450980392157
splice,mlp_deep,Percentile,remove,1,9,0.8382352941176471
splice,mlp_deep,Percentile,remove,2,0,0.824390243902439
splice,mlp_deep,Percentile,remove,2,1,0.7696078431372549
splice,mlp_deep,Percentile,remove,2,2,0.8529411764705882
splice,mlp_deep,Percentile,remove,2,3,0.8088235294117647
splice,mlp_deep,Percentile,remove,2,4,0.8627450980392157
splice,mlp_deep,Percentile,remove,2,5,0.8627450980392157
splice,mlp_deep,Percentile,remove,2,6,0.8431372549019608
splice,mlp_deep,Percentile,remove,2,7,0.8480392156862745
splice,mlp_deep,Percentile,remove,2,8,0.8578431372549019
splice,mlp_deep,Percentile,remove,2,9,0.8137254901960784
splice,mlp_deep,Percentile,clip,0,0,0.8536585365853658
splice,mlp_deep,Percentile,clip,0,1,0.7647058823529411
splice,mlp_deep,Percentile,clip,0,2,0.8284313725490197
splice,mlp_deep,Percentile,clip,0,3,0.8676470588235294
splice,mlp_deep,Percentile,clip,0,4,0.8627450980392157
splice,mlp_deep,Percentile,clip,0,5,0.8235294117647058
splice,mlp_deep,Percentile,clip,0,6,0.803921568627451
splice,mlp_deep,Percentile,clip,0,7,0.8235294117647058
splice,mlp_deep,Percentile,clip,0,8,0.8529411764705882
splice,mlp_deep,Percentile,clip,0,9,0.8137254901960784
splice,mlp_deep,Percentile,clip,1,0,0.8097560975609757
splice,mlp_deep,Percentile,clip,1,1,0.8186274509803921
splice,mlp_deep,Percentile,clip,1,2,0.8235294117647058
splice,mlp_deep,Percentile,clip,1,3,0.8431372549019608
splice,mlp_deep,Percentile,clip,1,4,0.8284313725490197
splice,mlp_deep,Percentile,clip,1,5,0.8137254901960784
splice,mlp_deep,Percentile,clip,1,6,0.8235294117647058
splice,mlp_deep,Percentile,clip,1,7,0.8088235294117647
splice,mlp_deep,Percentile,clip,1,8,0.8627450980392157
splice,mlp_deep,Percentile,clip,1,9,0.8382352941176471
splice,mlp_deep,Percentile,clip,2,0,0.824390243902439
splice,mlp_deep,Percentile,clip,2,1,0.7696078431372549
splice,mlp_deep,Percentile,clip,2,2,0.8529411764705882
splice,mlp_deep,Percentile,clip,2,3,0.8088235294117647
splice,mlp_deep,Percentile,clip,2,4,0.8627450980392157
splice,mlp_deep,Percentile,clip,2,5,0.8627450980392157
splice,mlp_deep,Percentile,clip,2,6,0.8431372549019608
splice,mlp_deep,Percentile,clip,2,7,0.8480392156862745
splice,mlp_deep,Percentile,clip,2,8,0.8578431372549019
splice,mlp_deep,Percentile,clip,2,9,0.8137254901960784
splice,mlp_deep,IsolationForest,remove,0,0,0.8097560975609757
splice,mlp_deep,IsolationForest,remove,0,1,0.7450980392156863
splice,mlp_deep,IsolationForest,remove,0,2,0.8431372549019608
splice,mlp_deep,IsolationForest,remove,0,3,0.8578431372549019
splice,mlp_deep,IsolationForest,remove,0,4,0.8774509803921569
splice,mlp_deep,IsolationForest,remove,0,5,0.8186274509803921
splice,mlp_deep,IsolationForest,remove,0,6,0.7843137254901961
splice,mlp_deep,IsolationForest,remove,0,7,0.803921568627451
splice,mlp_deep,IsolationForest,remove,0,8,0.8627450980392157
splice,mlp_deep,IsolationForest,remove,0,9,0.8235294117647058
splice,mlp_deep,IsolationForest,remove,1,0,0.8
splice,mlp_deep,IsolationForest,remove,1,1,0.8235294117647058
splice,mlp_deep,IsolationForest,remove,1,2,0.8137254901960784
splice,mlp_deep,IsolationForest,remove,1,3,0.8529411764705882
splice,mlp_deep,IsolationForest,remove,1,4,0.8382352941176471
splice,mlp_deep,IsolationForest,remove,1,5,0.7941176470588235
splice,mlp_deep,IsolationForest,remove,1,6,0.8235294117647058
splice,mlp_deep,IsolationForest,remove,1,7,0.8382352941176471
splice,mlp_deep,IsolationForest,remove,1,8,0.8823529411764706
splice,mlp_deep,IsolationForest,remove,1,9,0.8382352941176471
splice,mlp_deep,IsolationForest,remove,2,0,0.8146341463414634
splice,mlp_deep,IsolationForest,remove,2,1,0.7990196078431373
splice,mlp_deep,IsolationForest,remove,2,2,0.8382352941176471
splice,mlp_deep,IsolationForest,remove,2,3,0.8235294117647058
splice,mlp_deep,IsolationForest,remove,2,4,0.8627450980392157
splice,mlp_deep,IsolationForest,remove,2,5,0.8284313725490197
splice,mlp_deep,IsolationForest,remove,2,6,0.8382352941176471
splice,mlp_deep,IsolationForest,remove,2,7,0.8480392156862745
splice,mlp_deep,IsolationForest,remove,2,8,0.8382352941176471
splice,mlp_deep,IsolationForest,remove,2,9,0.8480392156862745
splice,mlp_deep,LOF,remove,0,0,0.8341463414634146
splice,mlp_deep,LOF,remove,0,1,0.7892156862745098
splice,mlp_deep,LOF,remove,0,2,0.8480392156862745
splice,mlp_deep,LOF,remove,0,3,0.8627450980392157
splice,mlp_deep,LOF,remove,0,4,0.8529411764705882
splice,mlp_deep,LOF,remove,0,5,0.8186274509803921
splice,mlp_deep,LOF,remove,0,6,0.7843137254901961
splice,mlp_deep,LOF,remove,0,7,0.8186274509803921
splice,mlp_deep,LOF,remove,0,8,0.8725490196078431
splice,mlp_deep,LOF,remove,0,9,0.8137254901960784
splice,mlp_deep,LOF,remove,1,0,0.8292682926829268
splice,mlp_deep,LOF,remove,1,1,0.8333333333333334
splice,mlp_deep,LOF,remove,1,2,0.8137254901960784
splice,mlp_deep,LOF,remove,1,3,0.7892156862745098
splice,mlp_deep,LOF,remove,1,4,0.8480392156862745
splice,mlp_deep,LOF,remove,1,5,0.7941176470588235
splice,mlp_deep,LOF,remove,1,6,0.8235294117647058
splice,mlp_deep,LOF,remove,1,7,0.8431372549019608
splice,mlp_deep,LOF,remove,1,8,0.8872549019607843
splice,mlp_deep,LOF,remove,1,9,0.8235294117647058
splice,mlp_deep,LOF,remove,2,0,0.7951219512195122
splice,mlp_deep,LOF,remove,2,1,0.7794117647058824
splice,mlp_deep,LOF,remove,2,2,0.8382352941176471
splice,mlp_deep,LOF,remove,2,3,0.8333333333333334
splice,mlp_deep,LOF,remove,2,4,0.8578431372549019
splice,mlp_deep,LOF,remove,2,5,0.8676470588235294
splice,mlp_deep,LOF,remove,2,6,0.8382352941176471
splice,mlp_deep,LOF,remove,2,7,0.8431372549019608
splice,mlp_deep,LOF,remove,2,8,0.7941176470588235
splice,mlp_deep,LOF,remove,2,9,0.8284313725490197
splice,mlp_deep,Autoencoder,remove,0,0,0.8097560975609757
splice,mlp_deep,Autoencoder,remove,0,1,0.8186274509803921
splice,mlp_deep,Autoencoder,remove,0,2,0.8284313725490197
splice,mlp_deep,Autoencoder,remove,0,3,0.8333333333333334
splice,mlp_deep,Autoencoder,remove,0,4,0.8529411764705882
splice,mlp_deep,Autoencoder,remove,0,5,0.7990196078431373
splice,mlp_deep,Autoencoder,remove,0,6,0.7892156862745098
splice,mlp_deep,Autoencoder,remove,0,7,0.8088235294117647
splice,mlp_deep,Autoencoder,remove,0,8,0.8431372549019608
splice,mlp_deep,Autoencoder,remove,0,9,0.8333333333333334
splice,mlp_deep,Autoencoder,remove,1,0,0.7853658536585366
splice,mlp_deep,Autoencoder,remove,1,1,0.8186274509803921
splice,mlp_deep,Autoencoder,remove,1,2,0.8284313725490197
splice,mlp_deep,Autoencoder,remove,1,3,0.8186274509803921
splice,mlp_deep,Autoencoder,remove,1,4,0.8578431372549019
splice,mlp_deep,Autoencoder,remove,1,5,0.803921568627451
splice,mlp_deep,Autoencoder,remove,1,6,0.8431372549019608
splice,mlp_deep,Autoencoder,remove,1,7,0.8088235294117647
splice,mlp_deep,Autoencoder,remove,1,8,0.8774509803921569
splice,mlp_deep,Autoencoder,remove,1,9,0.8284313725490197
splice,mlp_deep,Autoencoder,remove,2,0,0.7804878048780488
splice,mlp_deep,Autoencoder,remove,2,1,0.7745098039215687
splice,mlp_deep,Autoencoder,remove,2,2,0.8382352941176471
splice,mlp_deep,Autoencoder,remove,2,3,0.8186274509803921
splice,mlp_deep,Autoencoder,remove,2,4,0.8480392156862745
splice,mlp_deep,Autoencoder,remove,2,5,0.8235294117647058
splice,mlp_deep,Autoencoder,remove,2,6,0.8529411764705882
splice,mlp_deep,Autoencoder,remove,2,7,0.8235294117647058
splice,mlp_deep,Autoencoder,remove,2,8,0.8382352941176471
splice,mlp_deep,Autoencoder,remove,2,9,0.8333333333333334
vehicle,mlp_deep,None,remove,0,0,0.7222222222222222
vehicle,mlp_deep,None,remove,0,1,0.7777777777777778
vehicle,mlp_deep,None,remove,0,2,0.6481481481481481
vehicle,mlp_deep,None,remove,0,3,0.7592592592592593
vehicle,mlp_deep,None,remove,0,4,0.4444444444444444
vehicle,mlp_deep,None,remove,0,5,0.7962962962962963
vehicle,mlp_deep,None,remove,0,6,0.6851851851851852
vehicle,mlp_deep,None,remove,0,7,0.7407407407407407
vehicle,mlp_deep,None,remove,0,8,0.8333333333333334
vehicle,mlp_deep,None,remove,0,9,0.8148148148148148
vehicle,mlp_deep,None,remove,1,0,0.7407407407407407
vehicle,mlp_deep,None,remove,1,1,0.7777777777777778
vehicle,mlp_deep,None,remove,1,2,0.7777777777777778
vehicle,mlp_deep,None,remove,1,3,0.7407407407407407
vehicle,mlp_deep,None,remove,1,4,0.7407407407407407
vehicle,mlp_deep,None,remove,1,5,0.8333333333333334
vehicle,mlp_deep,None,remove,1,6,0.7962962962962963
vehicle,mlp_deep,None,remove,1,7,0.8518518518518519
vehicle,mlp_deep,None,remove,1,8,0.6296296296296297
vehicle,mlp_deep,None,remove,1,9,0.7777777777777778
vehicle,mlp_deep,None,remove,2,0,0.7592592592592593
vehicle,mlp_deep,None,remove,2,1,0.6666666666666666
vehicle,mlp_deep,None,remove,2,2,0.7592592592592593
vehicle,mlp_deep,None,remove,2,3,0.8148148148148148
vehicle,mlp_deep,None,remove,2,4,0.6111111111111112
vehicle,mlp_deep,None,remove,2,5,0.7962962962962963
vehicle,mlp_deep,None,remove,2,6,0.7962962962962963
vehicle,mlp_deep,None,remove,2,7,0.7037037037037037
vehicle,mlp_deep,None,remove,2,8,0.7777777777777778
vehicle,mlp_deep,None,remove,2,9,0.7962962962962963
vehicle,mlp_deep,ZScore,remove,0,0,0.7037037037037037
vehicle,mlp_deep,ZScore,remove,0,1,0.6851851851851852
vehicle,mlp_deep,ZScore,remove,0,2,0.7407407407407407
vehicle,mlp_deep,ZScore,remove,0,3,0.7962962962962963
vehicle,mlp_deep,ZScore,remove,0,4,0.8518518518518519
vehicle,mlp_deep,ZScore,remove,0,5,0.7407407407407407
vehicle,mlp_deep,ZScore,remove,0,6,0.7592592592592593
vehicle,mlp_deep,ZScore,remove,0,7,0.5925925925925926
vehicle,mlp_deep,ZScore,remove,0,8,0.8518518518518519
vehicle,mlp_deep,ZScore,remove,0,9,0.7592592592592593
vehicle,mlp_deep,ZScore,remove,1,0,0.7777777777777778
vehicle,mlp_deep,ZScore,remove,1,1,0.6666666666666666
vehicle,mlp_deep,ZScore,remove,1,2,0.7407407407407407
vehicle,mlp_deep,ZScore,remove,1,3,0.6851851851851852
vehicle,mlp_deep,ZScore,remove,1,4,0.7037037037037037
vehicle,mlp_deep,ZScore,remove,1,5,0.6851851851851852
vehicle,mlp_deep,ZScore,remove,1,6,0.6666666666666666
vehicle,mlp_deep,ZScore,remove,1,7,0.8703703703703703
vehicle,mlp_deep,ZScore,remove,1,8,0.6296296296296297
vehicle,mlp_deep,ZScore,remove,1,9,0.7777777777777778
vehicle,mlp_deep,ZScore,remove,2,0,0.7222222222222222
vehicle,mlp_deep,ZScore,remove,2,1,0.7407407407407407
vehicle,mlp_deep,ZScore,remove,2,2,0.7407407407407407
vehicle,mlp_deep,ZScore,remove,2,3,0.7407407407407407
vehicle,mlp_deep,ZScore,remove,2,4,0.6481481481481481
vehicle,mlp_deep,ZScore,remove,2,5,0.6851851851851852
vehicle,mlp_deep,ZScore,remove,2,6,0.7962962962962963
vehicle,mlp_deep,ZScore,remove,2,7,0.5925925925925926
vehicle,mlp_deep,ZScore,remove,2,8,0.7592592592592593
vehicle,mlp_deep,ZScore,remove,2,9,0.7777777777777778
vehicle,mlp_deep,ZScore,clip,0,0,0.7777777777777778
vehicle,mlp_deep,ZScore,clip,0,1,0.7222222222222222
vehicle,mlp_deep,ZScore,clip,0,2,0.6666666666666666
vehicle,mlp_deep,ZScore,clip,0,3,0.7777777777777778
vehicle,mlp_deep,ZScore,clip,0,4,0.8333333333333334
vehicle,mlp_deep,ZScore,clip,0,5,0.7407407407407407
vehicle,mlp_deep,ZScore,clip,0,6,0.7037037037037037
vehicle,mlp_deep,ZScore,clip,0,7,0.6851851851851852
vehicle,mlp_deep,ZScore,clip,0,8,0.7222222222222222
vehicle,mlp_deep,ZScore,clip,0,9,0.8333333333333334
vehicle,mlp_deep,ZScore,clip,1,0,0.8148148148148148
vehicle,mlp_deep,ZScore,clip,1,1,0.7407407407407407
vehicle,mlp_deep,ZScore,clip,1,2,0.7592592592592593
vehicle,mlp_deep,ZScore,clip,1,3,0.7777777777777778
vehicle,mlp_deep,ZScore,clip,1,4,0.7592592592592593
vehicle,mlp_deep,ZScore,clip,1,5,0.8148148148148148
vehicle,mlp_deep,ZScore,clip,1,6,0.7777777777777778
vehicle,mlp_deep,ZScore,clip,1,7,0.8518518518518519
vehicle,mlp_deep,ZScore,clip,1,8,0.5740740740740741
vehicle,mlp_deep,ZScore,clip,1,9,0.7407407407407407
vehicle,mlp_deep,ZScore,clip,2,0,0.7592592592592593
vehicle,mlp_deep,ZScore,clip,2,1,0.6111111111111112
vehicle,mlp_deep,ZScore,clip,2,2,0.7777777777777778
vehicle,mlp_deep,ZScore,clip,2,3,0.3888888888888889
vehicle,mlp_deep,ZScore,clip,2,4,0.6666666666666666
vehicle,mlp_deep,ZScore,clip,2,5,0.7592592592592593
vehicle,mlp_deep,ZScore,clip,2,6,0.7962962962962963
vehicle,mlp_deep,ZScore,clip,2,7,0.6851851851851852
vehicle,mlp_deep,ZScore,clip,2,8,0.7407407407407407
vehicle,mlp_deep,ZScore,clip,2,9,0.7777777777777778
vehicle,mlp_deep,Percentile,remove,0,0,0.5555555555555556
vehicle,mlp_deep,Percentile,remove,0,1,0.5185185185185185
vehicle,mlp_deep,Percentile,remove,0,2,0.5185185185185185
vehicle,mlp_deep,Percentile,remove,0,3,0.5555555555555556
vehicle,mlp_deep,Percentile,remove,0,4,0.6111111111111112
vehicle,mlp_deep,Percentile,remove,0,5,0.6296296296296297
vehicle,mlp_deep,Percentile,remove,0,6,0.6666666666666666
vehicle,mlp_deep,Percentile,remove,0,7,0.5555555555555556
vehicle,mlp_deep,Percentile,remove,0,8,0.6481481481481481
vehicle,mlp_deep,Percentile,remove,0,9,0.6111111111111112
vehicle,mlp_deep,Percentile,remove,1,0,0.6481481481481481
vehicle,mlp_deep,Percentile,remove,1,1,0.6296296296296297
vehicle,mlp_deep,Percentile,remove,1,2,0.6851851851851852
vehicle,mlp_deep,Percentile,remove,1,3,0.6481481481481481
vehicle,mlp_deep,Percentile,remove,1,4,0.5185185185185185
vehicle,mlp_deep,Percentile,remove,1,5,0.46296296296296297
vehicle,mlp_deep,Percentile,remove,1,6,0.5370370370370371
vehicle,mlp_deep,Percentile,remove,1,7,0.8148148148148148
vehicle,mlp_deep,Percentile,remove,1,8,0.5370370370370371
vehicle,mlp_deep,Percentile,remove,1,9,0.6481481481481481
vehicle,mlp_deep,Percentile,remove,2,0,0.5555555555555556
vehicle,mlp_deep,Percentile,remove,2,1,0.6481481481481481
vehicle,mlp_deep,Percentile,remove,2,2,0.7037037037037037
vehicle,mlp_deep,Percentile,remove,2,3,0.5925925925925926
vehicle,mlp_deep,Percentile,remove,2,4,0.6296296296296297
vehicle,mlp_deep,Percentile,remove,2,5,0.5925925925925926
vehicle,mlp_deep,Percentile,remove,2,6,0.7592592592592593
vehicle,mlp_deep,Percentile,remove,2,7,0.4444444444444444
vehicle,mlp_deep,Percentile,remove,2,8,0.6111111111111112
vehicle,mlp_deep,Percentile,remove,2,9,0.6481481481481481
vehicle,mlp_deep,Percentile,clip,0,0,0.6851851851851852
vehicle,mlp_deep,Percentile,clip,0,1,0.7037037037037037
vehicle,mlp_deep,Percentile,clip,0,2,0.6851851851851852
vehicle,mlp_deep,Percentile,clip,0,3,0.8148148148148148
vehicle,mlp_deep,Percentile,clip,0,4,0.7592592592592593
vehicle,mlp_deep,Percentile,clip,0,5,0.7407407407407407
vehicle,mlp_deep,Percentile,clip,0,6,0.7037037037037037
vehicle,mlp_deep,Percentile,clip,0,7,0.7037037037037037
vehicle,mlp_deep,Percentile,clip,0,8,0.6666666666666666
vehicle,mlp_deep,Percentile,clip,0,9,0.6851851851851852
vehicle,mlp_deep,Percentile,clip,1,0,0.7962962962962963
vehicle,mlp_deep,Percentile,clip,1,1,0.7777777777777778
vehicle,mlp_deep,Percentile,clip,1,2,0.7407407407407407
vehicle,mlp_deep,Percentile,clip,1,3,0.6851851851851852
vehicle,mlp_deep,Percentile,clip,1,4,0.7037037037037037
vehicle,mlp_deep,Percentile,clip,1,5,0.7222222222222222
vehicle,mlp_deep,Percentile,clip,1,6,0.8518518518518519
vehicle,mlp_deep,Percentile,clip,1,7,0.8148148148148148
vehicle,mlp_deep,Percentile,clip,1,8,0.6481481481481481
vehicle,mlp_deep,Percentile,clip,1,9,0.7407407407407407
vehicle,mlp_deep,Percentile,clip,2,0,0.7407407407407407
vehicle,mlp_deep,Percentile,clip,2,1,0.6481481481481481
vehicle,mlp_deep,Percentile,clip,2,2,0.7962962962962963
vehicle,mlp_deep,Percentile,clip,2,3,0.35185185185185186
vehicle,mlp_deep,Percentile,clip,2,4,0.6851851851851852
vehicle,mlp_deep,Percentile,clip,2,5,0.7777777777777778
vehicle,mlp_deep,Percentile,clip,2,6,0.7962962962962963
vehicle,mlp_deep,Percentile,clip,2,7,0.5740740740740741
vehicle,mlp_deep,Percentile,clip,2,8,0.6111111111111112
vehicle,mlp_deep,Percentile,clip,2,9,0.7777777777777778
vehicle,mlp_deep,IsolationForest,remove,0,0,0.6296296296296297
vehicle,mlp_deep,IsolationForest,remove,0,1,0.7592592592592593
vehicle,mlp_deep,IsolationForest,remove,0,2,0.6666666666666666
vehicle,mlp_deep,IsolationForest,remove,0,3,0.6111111111111112
vehicle,mlp_deep,IsolationForest,remove,0,4,0.6851851851851852
vehicle,mlp_deep,IsolationForest,remove,0,5,0.6851851851851852
vehicle,mlp_deep,IsolationForest,remove,0,6,0.6296296296296297
vehicle,mlp_deep,IsolationForest,remove,0,7,0.7037037037037037
vehicle,mlp_deep,IsolationForest,remove,0,8,0.6666666666666666
vehicle,mlp_deep,IsolationForest,remove,0,9,0.6481481481481481
vehicle,mlp_deep,IsolationForest,remove,1,0,0.7962962962962963
vehicle,mlp_deep,IsolationForest,remove,1,1,0.7037037037037037
vehicle,mlp_deep,IsolationForest,remove,1,2,0.7222222222222222
vehicle,mlp_deep,IsolationForest,remove,1,3,0.7407407407407407
vehicle,mlp_deep,IsolationForest,remove,1,4,0.7592592592592593
vehicle,mlp_deep,IsolationForest,remove,1,5,0.7407407407407407
vehicle,mlp_deep,IsolationForest,remove,1,6,0.6481481481481481
vehicle,mlp_deep,IsolationForest,remove,1,7,0.7407407407407407
vehicle,mlp_deep,IsolationForest,remove,1,8,0.5925925925925926
vehicle,mlp_deep,IsolationForest,remove,1,9,0.7407407407407407
vehicle,mlp_deep,IsolationForest,remove,2,0,0.7962962962962963
vehicle,mlp_deep,IsolationForest,remove,2,1,0.5925925925925926
vehicle,mlp_deep,IsolationForest,remove,2,2,0.7222222222222222
vehicle,mlp_deep,IsolationForest,remove,2,3,0.7592592592592593
vehicle,mlp_deep,IsolationForest,remove,2,4,0.5740740740740741
vehicle,mlp_deep,IsolationForest,remove,2,5,0.6481481481481481
vehicle,mlp_deep,IsolationForest,remove,2,6,0.8333333333333334
vehicle,mlp_deep,IsolationForest,remove,2,7,0.5740740740740741
vehicle,mlp_deep,IsolationForest,remove,2,8,0.7777777777777778
vehicle,mlp_deep,IsolationForest,remove,2,9,0.6851851851851852
vehicle,mlp_deep,LOF,remove,0,0,0.7592592592592593
vehicle,mlp_deep,LOF,remove,0,1,0.6111111111111112
vehicle,mlp_deep,LOF,remove,0,2,0.6666666666666666
vehicle,mlp_deep,LOF,remove,0,3,0.7222222222222222
vehicle,mlp_deep,LOF,remove,0,4,0.6111111111111112
vehicle,mlp_deep,LOF,remove,0,5,0.7222222222222222
vehicle,mlp_deep,LOF,remove,0,6,0.6666666666666666
vehicle,mlp_deep,LOF,remove,0,7,0.6296296296296297
vehicle,mlp_deep,LOF,remove,0,8,0.6851851851851852
vehicle,mlp_deep,LOF,remove,0,9,0.7407407407407407
vehicle,mlp_deep,LOF,remove,1,0,0.7777777777777778
vehicle,mlp_deep,LOF,remove,1,1,0.6851851851851852
vehicle,mlp_deep,LOF,remove,1,2,0.6851851851851852
vehicle,mlp_deep,LOF,remove,1,3,0.5370370370370371
vehicle,mlp_deep,LOF,remove,1,4,0.7037037037037037
vehicle,mlp_deep,LOF,remove,1,5,0.7777777777777778
vehicle,mlp_deep,LOF,remove,1,6,0.7962962962962963
vehicle,mlp_deep,LOF,remove,1,7,0.7407407407407407
vehicle,mlp_deep,LOF,remove,1,8,0.5740740740740741
vehicle,mlp_deep,LOF,remove,1,9,0.6851851851851852
vehicle,mlp_deep,LOF,remove,2,0,0.7592592592592593
vehicle,mlp_deep,LOF,remove,2,1,0.6851851851851852
vehicle,mlp_deep,LOF,remove,2,2,0.6851851851851852
vehicle,mlp_deep,LOF,remove,2,3,0.7222222222222222
vehicle,mlp_deep,LOF,remove,2,4,0.6111111111111112
vehicle,mlp_deep,LOF,remove,2,5,0.6111111111111112
vehicle,mlp_deep,LOF,remove,2,6,0.6851851851851852
vehicle,mlp_deep,LOF,remove,2,7,0.6111111111111112
vehicle,mlp_deep,LOF,remove,2,8,0.7222222222222222
vehicle,mlp_deep,LOF,remove,2,9,0.6851851851851852
vehicle,mlp_deep,Autoencoder,remove,0,0,0.6851851851851852
vehicle,mlp_deep,Autoencoder,remove,0,1,0.6296296296296297
vehicle,mlp_deep,Autoencoder,remove,0,2,0.6851851851851852
vehicle,mlp_deep,Autoencoder,remove,0,3,0.5740740740740741
vehicle,mlp_deep,Autoencoder,remove,0,4,0.7222222222222222
vehicle,mlp_deep,Autoencoder,remove,0,5,0.7037037037037037
vehicle,mlp_deep,Autoencoder,remove,0,6,0.7222222222222222
vehicle,mlp_deep,Autoencoder,remove,0,7,0.7222222222222222
vehicle,mlp_deep,Autoencoder,remove,0,8,0.6481481481481481
vehicle,mlp_deep,Autoencoder,remove,0,9,0.7407407407407407
vehicle,mlp_deep,Autoencoder,remove,1,0,0.7407407407407407
vehicle,mlp_deep,Autoencoder,remove,1,1,0.6851851851851852
vehicle,mlp_deep,Autoencoder,remove,1,2,0.7222222222222222
vehicle,mlp_deep,Autoencoder,remove,1,3,0.7407407407407407
vehicle,mlp_deep,Autoencoder,remove,1,4,0.6296296296296297
vehicle,mlp_deep,Autoencoder,remove,1,5,0.7407407407407407
vehicle,mlp_deep,Autoencoder,remove,1,6,0.7777777777777778
vehicle,mlp_deep,Autoencoder,remove,1,7,0.7592592592592593
vehicle,mlp_deep,Autoencoder,remove,1,8,0.6296296296296297
vehicle,mlp_deep,Autoencoder,remove,1,9,0.6851851851851852
vehicle,mlp_deep,Autoencoder,remove,2,0,0.7037037037037037
vehicle,mlp_deep,Autoencoder,remove,2,1,0.6666666666666666
vehicle,mlp_deep,Autoencoder,remove,2,2,0.7222222222222222
vehicle,mlp_deep,Autoencoder,remove,2,3,0.6666666666666666
vehicle,mlp_deep,Autoencoder,remove,2,4,0.5925925925925926
vehicle,mlp_deep,Autoencoder,remove,2,5,0.5925925925925926
vehicle,mlp_deep,Autoencoder,remove,2,6,0.7592592592592593
vehicle,mlp_deep,Autoencoder,remove,2,7,0.5555555555555556
vehicle,mlp_deep,Autoencoder,remove,2,8,0.7592592592592593
vehicle,mlp_deep,Autoencoder,remove,2,9,0.7592592592592593
california_housing,mlp_deep,None,remove,0,0,3814407075.407851
california_housing,mlp_deep,None,remove,0,1,4077310232.409095
california_housing,mlp_deep,None,remove,0,2,4058399497.974163
california_housing,mlp_deep,None,remove,0,3,3751132685.3358088
california_housing,mlp_deep,None,remove,0,4,3586222978.066489
california_housing,mlp_deep,None,remove,0,5,3682718567.257011
california_housing,mlp_deep,None,remove,0,6,3955200177.089136
california_housing,mlp_deep,None,remove,0,7,3640541731.2012877
california_housing,mlp_deep,None,remove,0,8,4234169222.2322326
california_housing,mlp_deep,None,remove,0,9,3469042043.833182
california_housing,mlp_deep,None,remove,1,0,4423674411.894763
california_housing,mlp_deep,None,remove,1,1,3175233559.2005134
california_housing,mlp_deep,None,remove,1,2,4027200163.714505
california_housing,mlp_deep,None,remove,1,3,3684682455.482235
california_housing,mlp_deep,None,remove,1,4,4604875437.11656
california_housing,mlp_deep,None,remove,1,5,3650310920.1170063
california_housing,mlp_deep,None,remove,1,6,3640189000.734841
california_housing,mlp_deep,None,remove,1,7,3638633758.707723
california_housing,mlp_deep,None,remove,1,8,3505072611.7283797
california_housing,mlp_deep,None,remove,1,9,4157322008.574526
california_housing,mlp_deep,None,remove,2,0,4096279170.288789
california_housing,mlp_deep,None,remove,2,1,3616816108.5208597
california_housing,mlp_deep,None,remove,2,2,3590660813.889057
california_housing,mlp_deep,None,remove,2,3,4106749099.948066
california_housing,mlp_deep,None,remove,2,4,3801573121.414019
california_housing,mlp_deep,None,remove,2,5,3602997155.7313986
california_housing,mlp_deep,None,remove,2,6,4024168962.6716814
california_housing,mlp_deep,None,remove,2,7,4102292664.7277517
california_housing,mlp_deep,None,remove,2,8,3508549855.554525
california_housing,mlp_deep,None,remove,2,9,3487113417.962744
california_housing,mlp_deep,ZScore,remove,0,0,5153676295.76361
california_housing,mlp_deep,ZScore,remove,0,1,4731530893.878141
california_housing,mlp_deep,ZScore,remove,0,2,4350010651.726479
california_housing,mlp_deep,ZScore,remove,0,3,4302228451.933979
california_housing,mlp_deep,ZScore,remove,0,4,4650415763.680143
california_housing,mlp_deep,ZScore,remove,0,5,4244908483.9874816
california_housing,mlp_deep,ZScore,remove,0,6,4276900473.404093
california_housing,mlp_deep,ZScore,remove,0,7,4520102082.461455
california_housing,mlp_deep,ZScore,remove,0,8,4793834566.731813
california_housing,mlp_deep,ZScore,remove,0,9,4509253571.445685
california_housing,mlp_deep,ZScore,remove,1,0,4910322779.279419
california_housing,mlp_deep,ZScore,remove,1,1,3927055855.826846
california_housing,mlp_deep,ZScore,remove,1,2,4752168225.591634
california_housing,mlp_deep,ZScore,remove,1,3,4454566783.771036
california_housing,mlp_deep,ZScore,remove,1,4,4874143807.736415
california_housing,mlp_deep,ZScore,remove,1,5,4186240380.9107456
california_housing,mlp_deep,ZScore,remove,1,6,4269488049.848106
california_housing,mlp_deep,ZScore,remove,1,7,4488379099.863913
california_housing,mlp_deep,ZScore,remove,1,8,4789504169.765063
california_housing,mlp_deep,ZScore,remove,1,9,5296537786.987814
california_housing,mlp_deep,ZScore,remove,2,0,5104928918.70499
california_housing,mlp_deep,ZScore,remove,2,1,3891269929.8308206
california_housing,mlp_deep,ZScore,remove,2,2,4593087635.111476
california_housing,mlp_deep,ZScore,remove,2,3,3998037403.0465913
california_housing,mlp_deep,ZScore,remove,2,4,4426325978.858644
california_housing,mlp_deep,ZScore,remove,2,5,4416789984.0768795
california_housing,mlp_deep,ZScore,remove,2,6,4939982429.495987
california_housing,mlp_deep,ZScore,remove,2,7,5157366696.378191
california_housing,mlp_deep,ZScore,remove,2,8,4345432450.936156
california_housing,mlp_deep,ZScore,remove,2,9,4947331347.172692
california_housing,mlp_deep,ZScore,clip,0,0,3471074364.0103025
california_housing,mlp_deep,ZScore,clip,0,1,3673618712.2526584
california_housing,mlp_deep,ZScore,clip,0,2,3886877111.785062
california_housing,mlp_deep,ZScore,clip,0,3,3495342610.4908686
california_housing,mlp_deep,ZScore,clip,0,4,3334570974.5811315
california_housing,mlp_deep,ZScore,clip,0,5,3664829480.180762
california_housing,mlp_deep,ZScore,clip,0,6,3501589311.16323
california_housing,mlp_deep,ZScore,clip,0,7,3429349294.8837557
california_housing,mlp_deep,ZScore,clip,0,8,3729885719.8559775
california_housing,mlp_deep,ZScore,clip,0,9,3480905001.51911
california_housing,mlp_deep,ZScore,clip,1,0,3718117652.845827
california_housing,mlp_deep,ZScore,clip,1,1,3082684992.3715534
california_housing,mlp_deep,ZScore,clip,1,2,3805482001.456002
california_housing,mlp_deep,ZScore,clip,1,3,3611339595.9761014
california_housing,mlp_deep,ZScore,clip,1,4,3930514121.956776
california_housing,mlp_deep,ZScore,clip,1,5,3446158487.10724
california_housing,mlp_deep,ZScore,clip,1,6,3299231097.5933847
california_housing,mlp_deep,ZScore,clip,1,7,3315219218.185758
california_housing,mlp_deep,ZScore,clip,1,8,3264336927.442232
california_housing,mlp_deep,ZScore,clip,1,9,3680498929.622506
california_housing,mlp_deep,ZScore,clip,2,0,3957961233.361099
california_housing,mlp_deep,ZScore,clip,2,1,3260006474.196606
california_housing,mlp_deep,ZScore,clip,2,2,3449185426.7055564
california_housing,mlp_deep,ZScore,clip,2,3,3693127057.4634423
california_housing,mlp_deep,ZScore,clip,2,4,3505607005.244477
california_housing,mlp_deep,ZScore,clip,2,5,3576971001.635687
california_housing,mlp_deep,ZScore,clip,2,6,3656168231.085309
california_housing,mlp_deep,ZScore,clip,2,7,3795770749.827856
california_housing,mlp_deep,ZScore,clip,2,8,3235113927.979775
california_housing,mlp_deep,ZScore,clip,2,9,3411289144.9625354
california_housing,mlp_deep,Percentile,remove,0,0,7031140123.7002
california_housing,mlp_deep,Percentile,remove,0,1,6129550409.538125
california_housing,mlp_deep,Percentile,remove,0,2,5715597066.650767
california_housing,mlp_deep,Percentile,remove,0,3,5633598053.261165
california_housing,mlp_deep,Percentile,remove,0,4,6131478569.383676
california_housing,mlp_deep,Percentile,remove,0,5,5598605123.784578
california_housing,mlp_deep,Percentile,remove,0,6,5540097671.985797
california_housing,mlp_deep,Percentile,remove,0,7,6286429057.869908
california_housing,mlp_deep,Percentile,remove,0,8,6220678914.188063
california_housing,mlp_deep,Percentile,remove,0,9,5555255041.45546
california_housing,mlp_deep,Percentile,remove,1,0,6647652530.958733
california_housing,mlp_deep,Percentile,remove,1,1,4963436611.928602
california_housing,mlp_deep,Percentile,remove,1,2,6142261699.967308
california_housing,mlp_deep,Percentile,remove,1,3,5813272378.543257
california_housing,mlp_deep,Percentile,remove,1,4,6230235943.135134
california_housing,mlp_deep,Percentile,remove,1,5,5361022734.820732
california_housing,mlp_deep,Percentile,remove,1,6,5642641912.613194
california_housing,mlp_deep,Percentile,remove,1,7,6147625863.212132
california_housing,mlp_deep,Percentile,remove,1,8,6299386794.846918
california_housing,mlp_deep,Percentile,remove,1,9,6857835907.01701
california_housing,mlp_deep,Percentile,remove,2,0,6302533650.248735
california_housing,mlp_deep,Percentile,remove,2,1,5006312646.21974
california_housing,mlp_deep,Percentile,remove,2,2,6252849286.266729
california_housing,mlp_deep,Percentile,remove,2,3,4890469975.162108
california_housing,mlp_deep,Percentile,remove,2,4,5804521139.970136
california_housing,mlp_deep,Percentile,remove,2,5,6126862982.815203
california_housing,mlp_deep,Percentile,remove,2,6,6323615277.412888
california_housing,mlp_deep,Percentile,remove,2,7,6306108753.356721
california_housing,mlp_deep,Percentile,remove,2,8,6235759526.7813
california_housing,mlp_deep,Percentile,remove,2,9,6762823775.15764
california_housing,mlp_deep,Percentile,clip,0,0,3413627245.2898726
california_housing,mlp_deep,Percentile,clip,0,1,3987819376.601159
california_housing,mlp_deep,Percentile,clip,0,2,3926123009.687546
california_housing,mlp_deep,Percentile,clip,0,3,3613093977.7702737
california_housing,mlp_deep,Percentile,clip,0,4,3388992800.1535163
california_housing,mlp_deep,Percentile,clip,0,5,3701766813.710204
california_housing,mlp_deep,Percentile,clip,0,6,3654004117.592888
california_housing,mlp_deep,Percentile,clip,0,7,3476355461.7168827
california_housing,mlp_deep,Percentile,clip,0,8,3822848862.34586
california_housing,mlp_deep,Percentile,clip,0,9,3727236336.0490413
california_housing,mlp_deep,Percentile,clip,1,0,3803621743.617303
california_housing,mlp_deep,Percentile,clip,1,1,3223333899.808613
california_housing,mlp_deep,Percentile,clip,1,2,3880921928.424942
california_housing,mlp_deep,Percentile,clip,1,3,3784536164.484231
california_housing,mlp_deep,Percentile,clip,1,4,4161088840.1987324
california_housing,mlp_deep,Percentile,clip,1,5,3452068077.8652787
california_housing,mlp_deep,Percentile,clip,1,6,3409303434.92951
california_housing,mlp_deep,Percentile,clip,1,7,3568262203.973954
california_housing,mlp_deep,Percentile,clip,1,8,3458621774.246649
california_housing,mlp_deep,Percentile,clip,1,9,3630614620.9991975
california_housing,mlp_deep,Percentile,clip,2,0,4052799181.363373
california_housing,mlp_deep,Percentile,clip,2,1,3429506759.411669
california_housing,mlp_deep,Percentile,clip,2,2,3478324634.848634
california_housing,mlp_deep,Percentile,clip,2,3,3783905052.5298963
california_housing,mlp_deep,Percentile,clip,2,4,3624375990.6560636
california_housing,mlp_deep,Percentile,clip,2,5,3765498281.6566234
california_housing,mlp_deep,Percentile,clip,2,6,3678827991.7193985
california_housing,mlp_deep,Percentile,clip,2,7,3868878192.6568213
california_housing,mlp_deep,Percentile,clip,2,8,3383508308.3953724
california_housing,mlp_deep,Percentile,clip,2,9,3688445688.9099565
california_housing,mlp_deep,IsolationForest,remove,0,0,4441836139.975739
california_housing,mlp_deep,IsolationForest,remove,0,1,4660210082.153922
california_housing,mlp_deep,IsolationForest,remove,0,2,4274586347.4869313
california_housing,mlp_deep,IsolationForest,remove,0,3,4247912887.329658
california_housing,mlp_deep,IsolationForest,remove,0,4,4697658563.712727
california_housing,mlp_deep,IsolationForest,remove,0,5,4212114720.864278
california_housing,mlp_deep,IsolationForest,remove,0,6,4093807191.642825
california_housing,mlp_deep,IsolationForest,remove,0,7,4386196344.3419285
california_housing,mlp_deep,IsolationForest,remove,0,8,4654096985.020197
california_housing,mlp_deep,IsolationForest,remove,0,9,3999666435.999615
california_housing,mlp_deep,IsolationForest,remove,1,0,4616987439.6226015
california_housing,mlp_deep,IsolationForest,remove,1,1,3713636574.5529113
california_housing,mlp_deep,IsolationForest,remove,1,2,4425654421.030994
california_housing,mlp_deep,IsolationForest,remove,1,3,4367624697.311269
california_housing,mlp_deep,IsolationForest,remove,1,4,4722102074.618999
california_housing,mlp_deep,IsolationForest,remove,1,5,4046347918.7534056
california_housing,mlp_deep,IsolationForest,remove,1,6,4036652150.457775
california_housing,mlp_deep,IsolationForest,remove,1,7,4408394527.18325
california_housing,mlp_deep,IsolationForest,remove,1,8,4358664301.5559635
california_housing,mlp_deep,IsolationForest,remove,1,9,5125392560.757876
california_housing,mlp_deep,IsolationForest,remove,2,0,4579073073.78036
california_housing,mlp_deep,IsolationForest,remove,2,1,3823125172.965855
california_housing,mlp_deep,IsolationForest,remove,2,2,4332219659.450718
california_housing,mlp_deep,IsolationForest,remove,2,3,4191640029.615236
california_housing,mlp_deep,IsolationForest,remove,2,4,4383356652.5880785
california_housing,mlp_deep,IsolationForest,remove,2,5,4418831544.616773
california_housing,mlp_deep,IsolationForest,remove,2,6,4712066334.664462
california_housing,mlp_deep,IsolationForest,remove,2,7,4815665759.615837
california_housing,mlp_deep,IsolationForest,remove,2,8,4160053749.210159
california_housing,mlp_deep,IsolationForest,remove,2,9,4774116633.61738
california_housing,mlp_deep,LOF,remove,0,0,4223718541.8838887
california_housing,mlp_deep,LOF,remove,0,1,4372625386.866453
california_housing,mlp_deep,LOF,remove,0,2,4131720602.4463935
california_housing,mlp_deep,LOF,remove,0,3,3809176309.6577635
california_housing,mlp_deep,LOF,remove,0,4,3947330087.2275887
california_housing,mlp_deep,LOF,remove,0,5,4082732215.840389
california_housing,mlp_deep,LOF,remove,0,6,3950161349.6281996
california_housing,mlp_deep,LOF,remove,0,7,3748080793.964364
california_housing,mlp_deep,LOF,remove,0,8,4031242535.535704
california_housing,mlp_deep,LOF,remove,0,9,3557254845.928418
california_housing,mlp_deep,LOF,remove,1,0,4255729907.6100183
california_housing,mlp_deep,LOF,remove,1,1,3290233825.764536
california_housing,mlp_deep,LOF,remove,1,2,4272879528.840305
california_housing,mlp_deep,LOF,remove,1,3,3862153778.83242
california_housing,mlp_deep,LOF,remove,1,4,4314098640.767441
california_housing,mlp_deep,LOF,remove,1,5,4022151035.913514
california_housing,mlp_deep,LOF,remove,1,6,3600292682.786486
california_housing,mlp_deep,LOF,remove,1,7,3752766537.7212644
california_housing,mlp_deep,LOF,remove,1,8,3950155040.605437
california_housing,mlp_deep,LOF,remove,1,9,4291372018.3717313
california_housing,mlp_deep,LOF,remove,2,0,4258693408.2062416
california_housing,mlp_deep,LOF,remove,2,1,3559594383.109073
california_housing,mlp_deep,LOF,remove,2,2,3914457818.6670218
california_housing,mlp_deep,LOF,remove,2,3,4239507278.0140357
california_housing,mlp_deep,LOF,remove,2,4,3948667261.379658
california_housing,mlp_deep,LOF,remove,2,5,4223574203.7514563
california_housing,mlp_deep,LOF,remove,2,6,4077041230.6435113
california_housing,mlp_deep,LOF,remove,2,7,4471690566.820956
california_housing,mlp_deep,LOF,remove,2,8,3457833042.3396707
california_housing,mlp_deep,LOF,remove,2,9,4313628253.096344
california_housing,mlp_deep,Autoencoder,remove,0,0,4606134010.933333
california_housing,mlp_deep,Autoencoder,remove,0,1,4720138390.330742
california_housing,mlp_deep,Autoencoder,remove,0,2,4689009594.857357
california_housing,mlp_deep,Autoencoder,remove,0,3,4259224004.7156215
california_housing,mlp_deep,Autoencoder,remove,0,4,4387298180.486639
california_housing,mlp_deep,Autoencoder,remove,0,5,4360291676.067252
california_housing,mlp_deep,Autoencoder,remove,0,6,4087016522.6133394
california_housing,mlp_deep,Autoencoder,remove,0,7,4350142196.126869
california_housing,mlp_deep,Autoencoder,remove,0,8,4458759776.061372
california_housing,mlp_deep,Autoencoder,remove,0,9,3950806048.7028956
california_housing,mlp_deep,Autoencoder,remove,1,0,4740022152.697671
california_housing,mlp_deep,Autoencoder,remove,1,1,3895081863.9962015
california_housing,mlp_deep,Autoencoder,remove,1,2,4381044180.080415
california_housing,mlp_deep,Autoencoder,remove,1,3,4479338713.004571
california_housing,mlp_deep,Autoencoder,remove,1,4,4802719615.922284
california_housing,mlp_deep,Autoencoder,remove,1,5,4165720897.7879624
california_housing,mlp_deep,Autoencoder,remove,1,6,3996376995.1873994
california_housing,mlp_deep,Autoencoder,remove,1,7,4690925724.622066
california_housing,mlp_deep,Autoencoder,remove,1,8,4213504741.104014
california_housing,mlp_deep,Autoencoder,remove,1,9,5059648273.763439
california_housing,mlp_deep,Autoencoder,remove,2,0,4546060718.950299
california_housing,mlp_deep,Autoencoder,remove,2,1,3722949620.251108
california_housing,mlp_deep,Autoencoder,remove,2,2,4206783029.2336
california_housing,mlp_deep,Autoencoder,remove,2,3,4100767063.295897
california_housing,mlp_deep,Autoencoder,remove,2,4,4199192771.9254518
california_housing,mlp_deep,Autoencoder,remove,2,5,4376679034.329361
california_housing,mlp_deep,Autoencoder,remove,2,6,4648135220.694262
california_housing,mlp_deep,Autoencoder,remove,2,7,4865861473.729424
california_housing,mlp_deep,Autoencoder,remove,2,8,3972533076.41385
california_housing,mlp_deep,Autoencoder,remove,2,9,5064908109.017038
cpu_act,mlp_deep,None,remove,0,0,13.90942029012309
cpu_act,mlp_deep,None,remove,0,1,9.622526995177548
cpu_act,mlp_deep,None,remove,0,2,8.64169973991637
cpu_act,mlp_deep,None,remove,0,3,12.643801878730256
cpu_act,mlp_deep,None,remove,0,4,9.578660927276278
cpu_act,mlp_deep,None,remove,0,5,8.803167584415617
cpu_act,mlp_deep,None,remove,0,6,9.630641256077972
cpu_act,mlp_deep,None,remove,0,7,9.746006493432404
cpu_act,mlp_deep,None,remove,0,8,8.514217514582421
cpu_act,mlp_deep,None,remove,0,9,9.691435134755872
cpu_act,mlp_deep,None,remove,1,0,9.72476443089165
cpu_act,mlp_deep,None,remove,1,1,9.740471048110274
cpu_act,mlp_deep,None,remove,1,2,10.959750642673091
cpu_act,mlp_deep,None,remove,1,3,8.212847445703243
cpu_act,mlp_deep,None,remove,1,4,10.549307982037027
cpu_act,mlp_deep,None,remove,1,5,8.974230751967
cpu_act,mlp_deep,None,remove,1,6,9.225262960238082
cpu_act,mlp_deep,None,remove,1,7,15.694838233724647
cpu_act,mlp_deep,None,remove,1,8,12.8834884893169
cpu_act,mlp_deep,None,remove,1,9,8.855044116690086
cpu_act,mlp_deep,None,remove,2,0,9.676392944577332
cpu_act,mlp_deep,None,remove,2,1,8.875425827852172
cpu_act,mlp_deep,None,remove,2,2,9.452686978090098
cpu_act,mlp_deep,None,remove,2,3,8.812996141844087
cpu_act,mlp_deep,None,remove,2,4,9.555195538874553
cpu_act,mlp_deep,None,remove,2,5,9.79280504823755
cpu_act,mlp_deep,None,remove,2,6,8.337167546975282
cpu_act,mlp_deep,None,remove,2,7,9.606470656240958
cpu_act,mlp_deep,None,remove,2,8,14.174702181350575
cpu_act,mlp_deep,None,remove,2,9,11.29472441648749
cpu_act,mlp_deep,ZScore,remove,0,0,696568.6485795148
cpu_act,mlp_deep,ZScore,remove,0,1,404062.3067244007
cpu_act,mlp_deep,ZScore,remove,0,2,448932.966113124
cpu_act,mlp_deep,ZScore,remove,0,3,401363.3990019176
cpu_act,mlp_deep,ZScore,remove,0,4,552429.4735996969
cpu_act,mlp_deep,ZScore,remove,0,5,39268.30869395953
cpu_act,mlp_deep,ZScore,remove,0,6,219330.9941251718
cpu_act,mlp_deep,ZScore,remove,0,7,239533.30264195008
cpu_act,mlp_deep,ZScore,remove,0,8,150910.87244530374
cpu_act,mlp_deep,ZScore,remove,0,9,807621.7125021981
cpu_act,mlp_deep,ZScore,remove,1,0,68416.53699169584
cpu_act,mlp_deep,ZScore,remove,1,1,99925.08512982973
cpu_act,mlp_deep,ZScore,remove,1,2,474079.4275032502
cpu_act,mlp_deep,ZScore,remove,1,3,453735.5648817392
cpu_act,mlp_deep,ZScore,remove,1,4,292310.58945153165
cpu_act,mlp_deep,ZScore,remove,1,5,232323.25448086785
cpu_act,mlp_deep,ZScore,remove,1,6,408506.17794127663
cpu_act,mlp_deep,ZScore,remove,1,7,256282.08057330322
cpu_act,mlp_deep,ZScore,remove,1,8,689542.9169899734
cpu_act,mlp_deep,ZScore,remove,1,9,548653.1653749906
cpu_act,mlp_deep,ZScore,remove,2,0,726250.7209538625
cpu_act,mlp_deep,ZScore,remove,2,1,263305.4539532602
cpu_act,mlp_deep,ZScore,remove,2,2,503210.38124076626
cpu_act,mlp_deep,ZScore,remove,2,3,297239.41392383253
cpu_act,mlp_deep,ZScore,remove,2,4,338674.2917485451
cpu_act,mlp_deep,ZScore,remove,2,5,564690.4946209661
cpu_act,mlp_deep,ZScore,remove,2,6,167150.22188434913
cpu_act,mlp_deep,ZScore,remove,2,7,68983.4993672139
cpu_act,mlp_deep,ZScore,remove,2,8,237782.17654254165
cpu_act,mlp_deep,ZScore,remove,2,9,330201.60809628945
cpu_act,mlp_deep,ZScore,clip,0,0,12.397054908898902
cpu_act,mlp_deep,ZScore,clip,0,1,9.532982795323298
cpu_act,mlp_deep,ZScore,clip,0,2,9.558324448206971
cpu_act,mlp_deep,ZScore,clip,0,3,11.056901406083279
cpu_act,mlp_deep,ZScore,clip,0,4,9.98107993216602
cpu_act,mlp_deep,ZScore,clip,0,5,8.81508520953673
cpu_act,mlp_deep,ZScore,clip,0,6,9.314697623309302
cpu_act,mlp_deep,ZScore,clip,0,7,11.028256944289966
cpu_act,mlp_deep,ZScore,clip,0,8,9.108754494240063
cpu_act,mlp_deep,ZScore,clip,0,9,9.330502277289973
cpu_act,mlp_deep,ZScore,clip,1,0,9.275074743111006
cpu_act,mlp_deep,ZScore,clip,1,1,10.03143095586037
cpu_act,mlp_deep,ZScore,clip,1,2,10.15829762171299
cpu_act,mlp_deep,ZScore,clip,1,3,8.269578571826386
cpu_act,mlp_deep,ZScore,clip,1,4,10.930699359949863
cpu_act,mlp_deep,ZScore,clip,1,5,9.786456481264999
cpu_act,mlp_deep,ZScore,clip,1,6,9.097977300674913
cpu_act,mlp_deep,ZScore,clip,1,7,13.01937502601905
cpu_act,mlp_deep,ZScore,clip,1,8,10.934860136647945
cpu_act,mlp_deep,ZScore,clip,1,9,9.738343588471428
cpu_act,mlp_deep,ZScore,clip,2,0,10.82951679189298
cpu_act,mlp_deep,ZScore,clip,2,1,8.749642908136195
cpu_act,mlp_deep,ZScore,clip,2,2,9.65985199427832
cpu_act,mlp_deep,ZScore,clip,2,3,8.935686074755328
cpu_act,mlp_deep,ZScore,clip,2,4,9.243351916022053
cpu_act,mlp_deep,ZScore,clip,2,5,10.00274908005039
cpu_act,mlp_deep,ZScore,clip,2,6,8.261879460747817
cpu_act,mlp_deep,ZScore,clip,2,7,10.250372560122832
cpu_act,mlp_deep,ZScore,clip,2,8,15.151381634577811
cpu_act,mlp_deep,ZScore,clip,2,9,9.568442016010078
cpu_act,mlp_deep,Percentile,remove,0,0,1060067.2811200381
cpu_act,mlp_deep,Percentile,remove,0,1,546421.1555837524
cpu_act,mlp_deep,Percentile,remove,0,2,829323.5454546926
cpu_act,mlp_deep,Percentile,remove,0,3,585587.1715930597
cpu_act,mlp_deep,Percentile,remove,0,4,1260946.4918373274
cpu_act,mlp_deep,Percentile,remove,0,5,95248.70719834736
cpu_act,mlp_deep,Percentile,remove,0,6,427302.7492773589
cpu_act,mlp_deep,Percentile,remove,0,7,238282.88324858982
cpu_act,mlp_deep,Percentile,remove,0,8,419784.2573389909
cpu_act,mlp_deep,Percentile,remove,0,9,1371029.1999835945
cpu_act,mlp_deep,Percentile,remove,1,0,131420.2899305564
cpu_act,mlp_deep,Percentile,remove,1,1,306669.90398359526
cpu_act,mlp_deep,Percentile,remove,1,2,809254.6721699497
cpu_act,mlp_deep,Percentile,remove,1,3,702049.8689303658
cpu_act,mlp_deep,Percentile,remove,1,4,1041626.5168343947
cpu_act,mlp_deep,Percentile,remove,1,5,694631.0597147562
cpu_act,mlp_deep,Percentile,remove,1,6,961022.5715848341
cpu_act,mlp_deep,Percentile,remove,1,7,933577.540635759
cpu_act,mlp_deep,Percentile,remove,1,8,1041239.9658084635
cpu_act,mlp_deep,Percentile,remove,1,9,1180914.8317185591
cpu_act,mlp_deep,Percentile,remove,2,0,659569.9423601805
cpu_act,mlp_deep,Percentile,remove,2,1,918713.1660226048
cpu_act,mlp_deep,Percentile,remove,2,2,627844.309388218
cpu_act,mlp_deep,Percentile,remove,2,3,1000490.7765658381
cpu_act,mlp_deep,Percentile,remove,2,4,648112.6833287504
cpu_act,mlp_deep,Percentile,remove,2,5,1593974.5849867614
cpu_act,mlp_deep,Percentile,remove,2,6,395201.85012506385
cpu_act,mlp_deep,Percentile,remove,2,7,156431.6806025154
cpu_act,mlp_deep,Percentile,remove,2,8,591948.1116974253
cpu_act,mlp_deep,Percentile,remove,2,9,509779.91476150515
cpu_act,mlp_deep,Percentile,clip,0,0,36.967165343070924
cpu_act,mlp_deep,Percentile,clip,0,1,19.50373039230312
cpu_act,mlp_deep,Percentile,clip,0,2,18.383728853875933
cpu_act,mlp_deep,Percentile,clip,0,3,26.740393907660007
cpu_act,mlp_deep,Percentile,clip,0,4,11.825122080084707
cpu_act,mlp_deep,Percentile,clip,0,5,13.207704067476655
cpu_act,mlp_deep,Percentile,clip,0,6,12.235686592405806
cpu_act,mlp_deep,Percentile,clip,0,7,13.682729120944101
cpu_act,mlp_deep,Percentile,clip,0,8,17.056756509124135
cpu_act,mlp_deep,Percentile,clip,0,9,26.195570003178254
cpu_act,mlp_deep,Percentile,clip,1,0,14.473197980010212
cpu_act,mlp_deep,Percentile,clip,1,1,14.863017079935966
cpu_act,mlp_deep,Percentile,clip,1,2,21.76774936879179
cpu_act,mlp_deep,Percentile,clip,1,3,22.22898680968106
cpu_act,mlp_deep,Percentile,clip,1,4,14.729953017849489
cpu_act,mlp_deep,Percentile,clip,1,5,12.969954126802524
cpu_act,mlp_deep,Percentile,clip,1,6,26.19690335010352
cpu_act,mlp_deep,Percentile,clip,1,7,18.78379901213914
cpu_act,mlp_deep,Percentile,clip,1,8,18.74179817685446
cpu_act,mlp_deep,Percentile,clip,1,9,18.85096993199511
cpu_act,mlp_deep,Percentile,clip,2,0,11.768161234108836
cpu_act,mlp_deep,Percentile,clip,2,1,22.09959592887152
cpu_act,mlp_deep,Percentile,clip,2,2,12.493017787485162
cpu_act,mlp_deep,Percentile,clip,2,3,13.737332672912224
cpu_act,mlp_deep,Percentile,clip,2,4,29.691550166970597
cpu_act,mlp_deep,Percentile,clip,2,5,22.93518558348396
cpu_act,mlp_deep,Percentile,clip,2,6,16.059157973886375
cpu_act,mlp_deep,Percentile,clip,2,7,31.33413669541123
cpu_act,mlp_deep,Percentile,clip,2,8,15.98895139239739
cpu_act,mlp_deep,Percentile,clip,2,9,14.935650771763232
cpu_act,mlp_deep,IsolationForest,remove,0,0,42.1436105852039
cpu_act,mlp_deep,IsolationForest,remove,0,1,12.097554340268431
cpu_act,mlp_deep,IsolationForest,remove,0,2,11.15736066460974
cpu_act,mlp_deep,IsolationForest,remove,0,3,20.08550989291572
cpu_act,mlp_deep,IsolationForest,remove,0,4,10.765483520285596
cpu_act,mlp_deep,IsolationForest,remove,0,5,12.76447016192297
cpu_act,mlp_deep,IsolationForest,remove,0,6,9.465294861121961
cpu_act,mlp_deep,IsolationForest,remove,0,7,11.850721594271736
cpu_act,mlp_deep,IsolationForest,remove,0,8,10.611212630764648
cpu_act,mlp_deep,IsolationForest,remove,0,9,9.758542177102383
cpu_act,mlp_deep,IsolationForest,remove,1,0,9.755984475849761
cpu_act,mlp_deep,IsolationForest,remove,1,1,13.959382979175022
cpu_act,mlp_deep,IsolationForest,remove,1,2,18.30047785993148
cpu_act,mlp_deep,IsolationForest,remove,1,3,8.38196717284022
cpu_act,mlp_deep,IsolationForest,remove,1,4,13.892105287618444
cpu_act,mlp_deep,IsolationForest,remove,1,5,12.358755556632675
cpu_act,mlp_deep,IsolationForest,remove,1,6,11.787750988932029
cpu_act,mlp_deep,IsolationForest,remove,1,7,45.36588203084763
cpu_act,mlp_deep,IsolationForest,remove,1,8,9.51782304798401
cpu_act,mlp_deep,IsolationForest,remove,1,9,9.927218967872689
cpu_act,mlp_deep,IsolationForest,remove,2,0,10.743936202674977
cpu_act,mlp_deep,IsolationForest,remove,2,1,10.63539467367723
cpu_act,mlp_deep,IsolationForest,remove,2,2,12.92924558336136
cpu_act,mlp_deep,IsolationForest,remove,2,3,16.01873519253045
cpu_act,mlp_deep,IsolationForest,remove,2,4,13.20644921725228
cpu_act,mlp_deep,IsolationForest,remove,2,5,10.27599798342432
cpu_act,mlp_deep,IsolationForest,remove,2,6,8.794445649367663
cpu_act,mlp_deep,IsolationForest,remove,2,7,11.926017425771485
cpu_act,mlp_deep,IsolationForest,remove,2,8,18.946399505926504
cpu_act,mlp_deep,IsolationForest,remove,2,9,13.67205478387809
cpu_act,mlp_deep,LOF,remove,0,0,18.07110405945164
cpu_act,mlp_deep,LOF,remove,0,1,12.268389120642198
cpu_act,mlp_deep,LOF,remove,0,2,9.086109790390028
cpu_act,mlp_deep,LOF,remove,0,3,15.709951605403974
cpu_act,mlp_deep,LOF,remove,0,4,9.670350482306022
cpu_act,mlp_deep,LOF,remove,0,5,9.35073959173123
cpu_act,mlp_deep,LOF,remove,0,6,10.609594058601875
cpu_act,mlp_deep,LOF,remove,0,7,10.783855258709448
cpu_act,mlp_deep,LOF,remove,0,8,8.761046860771934
cpu_act,mlp_deep,LOF,remove,0,9,9.964685196318525
cpu_act,mlp_deep,LOF,remove,1,0,10.014723489164139
cpu_act,mlp_deep,LOF,remove,1,1,10.297932300171636
cpu_act,mlp_deep,LOF,remove,1,2,13.807988051366122
cpu_act,mlp_deep,LOF,remove,1,3,8.35922000130613
cpu_act,mlp_deep,LOF,remove,1,4,11.559726809827307
cpu_act,mlp_deep,LOF,remove,1,5,10.049122446172737
cpu_act,mlp_deep,LOF,remove,1,6,10.050522193722536
cpu_act,mlp_deep,LOF,remove,1,7,28.337356460459194
cpu_act,mlp_deep,LOF,remove,1,8,11.270683373865715
cpu_act,mlp_deep,LOF,remove,1,9,10.390441124200946
cpu_act,mlp_deep,LOF,remove,2,0,10.081383338656353
cpu_act,mlp_deep,LOF,remove,2,1,11.206324618778762
cpu_act,mlp_deep,LOF,remove,2,2,10.722995443618768
cpu_act,mlp_deep,LOF,remove,2,3,12.772166564453254
cpu_act,mlp_deep,LOF,remove,2,4,10.592346713038703
cpu_act,mlp_deep,LOF,remove,2,5,10.135052051493854
cpu_act,mlp_deep,LOF,remove,2,6,9.648899896197628
cpu_act,mlp_deep,LOF,remove,2,7,9.563499519564306
cpu_act,mlp_deep,LOF,remove,2,8,16.637975357425614
cpu_act,mlp_deep,LOF,remove,2,9,15.184455767086734
cpu_act,mlp_deep,Autoencoder,remove,0,0,15.792396725571626
cpu_act,mlp_deep,Autoencoder,remove,0,1,9.589039691022405
cpu_act,mlp_deep,Autoencoder,remove,0,2,8.308618366902046
cpu_act,mlp_deep,Autoencoder,remove,0,3,11.791310450193146
cpu_act,mlp_deep,Autoencoder,remove,0,4,11.171853061796735
cpu_act,mlp_deep,Autoencoder,remove,0,5,9.654659779341461
cpu_act,mlp_deep,Autoencoder,remove,0,6,10.944149686281445
cpu_act,mlp_deep,Autoencoder,remove,0,7,10.878204036030674
cpu_act,mlp_deep,Autoencoder,remove,0,8,9.199853474276857
cpu_act,mlp_deep,Autoencoder,remove,0,9,10.238401921435926
cpu_act,mlp_deep,Autoencoder,remove,1,0,9.93476674084343
cpu_act,mlp_deep,Autoencoder,remove,1,1,9.900585284203245
cpu_act,mlp_deep,Autoencoder,remove,1,2,12.452183162595247
cpu_act,mlp_deep,Autoencoder,remove,1,3,8.134265605743455
cpu_act,mlp_deep,Autoencoder,remove,1,4,13.357833533551549
cpu_act,mlp_deep,Autoencoder,remove,1,5,9.95813251173546
cpu_act,mlp_deep,Autoencoder,remove,1,6,9.380711263494062
cpu_act,mlp_deep,Autoencoder,remove,1,7,21.04246197460765
cpu_act,mlp_deep,Autoencoder,remove,1,8,9.790026025901017
cpu_act,mlp_deep,Autoencoder,remove,1,9,9.828310358022305
cpu_act,mlp_deep,Autoencoder,remove,2,0,11.9664904763438
cpu_act,mlp_deep,Autoencoder,remove,2,1,8.366513314268834
cpu_act,mlp_deep,Autoencoder,remove,2,2,12.148526116421218
cpu_act,mlp_deep,Autoencoder,remove,2,3,9.43579494669095
cpu_act,mlp_deep,Autoencoder,remove,2,4,10.077928083960542
cpu_act,mlp_deep,Autoencoder,remove,2,5,11.949568223913134
cpu_act,mlp_deep,Autoencoder,remove,2,6,8.444860713428913
cpu_act,mlp_deep,Autoencoder,remove,2,7,8.573912120283591
cpu_act,mlp_deep,Autoencoder,remove,2,8,17.985066356459456
cpu_act,mlp_deep,Autoencoder,remove,2,9,11.18689295409355
Bike_Sharing_Demand,mlp_deep,None,remove,0,0,7517.90151774724
Bike_Sharing_Demand,mlp_deep,None,remove,0,1,4651.819281738596
Bike_Sharing_Demand,mlp_deep,None,remove,0,2,6406.389192469118
Bike_Sharing_Demand,mlp_deep,None,remove,0,3,7451.154453379626
Bike_Sharing_Demand,mlp_deep,None,remove,0,4,6086.242633192971
Bike_Sharing_Demand,mlp_deep,None,remove,0,5,4236.977381429715
Bike_Sharing_Demand,mlp_deep,None,remove,0,6,6814.60108956823
Bike_Sharing_Demand,mlp_deep,None,remove,0,7,5764.071333334075
Bike_Sharing_Demand,mlp_deep,None,remove,0,8,5262.931313753319
Bike_Sharing_Demand,mlp_deep,None,remove,0,9,6295.337829520643
Bike_Sharing_Demand,mlp_deep,None,remove,1,0,6895.200632933718
Bike_Sharing_Demand,mlp_deep,None,remove,1,1,6932.048984462854
Bike_Sharing_Demand,mlp_deep,None,remove,1,2,5938.85265040999
Bike_Sharing_Demand,mlp_deep,None,remove,1,3,5769.6660291053495
Bike_Sharing_Demand,mlp_deep,None,remove,1,4,6300.815650276828
Bike_Sharing_Demand,mlp_deep,None,remove,1,5,6711.745977595996
Bike_Sharing_Demand,mlp_deep,None,remove,1,6,5849.817624268055
Bike_Sharing_Demand,mlp_deep,None,remove,1,7,5328.382523162529
Bike_Sharing_Demand,mlp_deep,None,remove,1,8,4197.348351926764
Bike_Sharing_Demand,mlp_deep,None,remove,1,9,6475.8929339057395
Bike_Sharing_Demand,mlp_deep,None,remove,2,0,4672.558094240039
Bike_Sharing_Demand,mlp_deep,None,remove,2,1,6619.834899534257
Bike_Sharing_Demand,mlp_deep,None,remove,2,2,6880.670824682387
Bike_Sharing_Demand,mlp_deep,None,remove,2,3,6037.288356205576
Bike_Sharing_Demand,mlp_deep,None,remove,2,4,6025.645598921375
Bike_Sharing_Demand,mlp_deep,None,remove,2,5,6280.985409631931
Bike_Sharing_Demand,mlp_deep,None,remove,2,6,5749.704887714218
Bike_Sharing_Demand,mlp_deep,None,remove,2,7,6315.250172869634
Bike_Sharing_Demand,mlp_deep,None,remove,2,8,6682.21070358197
Bike_Sharing_Demand,mlp_deep,None,remove,2,9,5872.993771899418
Bike_Sharing_Demand,mlp_deep,ZScore,remove,0,0,6825.091678120431
Bike_Sharing_Demand,mlp_deep,ZScore,remove,0,1,5414.811490233733
Bike_Sharing_Demand,mlp_deep,ZScore,remove,0,2,5923.737173495498
Bike_Sharing_Demand,mlp_deep,ZScore,remove,0,3,6669.176166863145
Bike_Sharing_Demand,mlp_deep,ZScore,remove,0,4,6173.444263734797
Bike_Sharing_Demand,mlp_deep,ZScore,remove,0,5,6381.98584951942
Bike_Sharing_Demand,mlp_deep,ZScore,remove,0,6,6329.275953550887
Bike_Sharing_Demand,mlp_deep,ZScore,remove,0,7,6220.417400074805
Bike_Sharing_Demand,mlp_deep,ZScore,remove,0,8,5806.467144454059
Bike_Sharing_Demand,mlp_deep,ZScore,remove,0,9,6547.013282081705
Bike_Sharing_Demand,mlp_deep,ZScore,remove,1,0,6898.496281508454
Bike_Sharing_Demand,mlp_deep,ZScore,remove,1,1,5690.736137824865
Bike_Sharing_Demand,mlp_deep,ZScore,remove,1,2,6514.45699283411
Bike_Sharing_Demand,mlp_deep,ZScore,remove,1,3,3638.0411699169704
Bike_Sharing_Demand,mlp_deep,ZScore,remove,1,4,4589.788198625123
Bike_Sharing_Demand,mlp_deep,ZScore,remove,1,5,6473.61929263391
Bike_Sharing_Demand,mlp_deep,ZScore,remove,1,6,5141.315944814985
Bike_Sharing_Demand,mlp_deep,ZScore,remove,1,7,3821.9131356522107
Bike_Sharing_Demand,mlp_deep,ZScore,remove,1,8,3577.050311750253
Bike_Sharing_Demand,mlp_deep,ZScore,remove,1,9,6243.25563505877
Bike_Sharing_Demand,mlp_deep,ZScore,remove,2,0,6428.757652747695
Bike_Sharing_Demand,mlp_deep,ZScore,remove,2,1,6685.855192331713
Bike_Sharing_Demand,mlp_deep,ZScore,remove,2,2,6152.701391042415
Bike_Sharing_Demand,mlp_deep,ZScore,remove,2,3,4836.7781256320595
Bike_Sharing_Demand,mlp_deep,ZScore,remove,2,4,6424.640478847152
Bike_Sharing_Demand,mlp_deep,ZScore,remove,2,5,6001.265444330375
Bike_Sharing_Demand,mlp_deep,ZScore,remove,2,6,6380.746364551804
Bike_Sharing_Demand,mlp_deep,ZScore,remove,2,7,5155.956694620686
Bike_Sharing_Demand,mlp_deep,ZScore,remove,2,8,6718.380015283005
Bike_Sharing_Demand,mlp_deep,ZScore,remove,2,9,5215.147029104964
Bike_Sharing_Demand,mlp_deep,ZScore,clip,0,0,7517.90151774724
Bike_Sharing_Demand,mlp_deep,ZScore,clip,0,1,4651.819281738594
Bike_Sharing_Demand,mlp_deep,ZScore,clip,0,2,6406.38919246912
Bike_Sharing_Demand,mlp_deep,ZScore,clip,0,3,7451.154453379625
Bike_Sharing_Demand,mlp_deep,ZScore,clip,0,4,6086.242633192971
Bike_Sharing_Demand,mlp_deep,ZScore,clip,0,5,4236.977381429716
Bike_Sharing_Demand,mlp_deep,ZScore,clip,0,6,6814.601089568229
Bike_Sharing_Demand,mlp_deep,ZScore,clip,0,7,5764.071333334075
Bike_Sharing_Demand,mlp_deep,ZScore,clip,0,8,5262.931313753319
Bike_Sharing_Demand,mlp_deep,ZScore,clip,0,9,6295.337829520645
Bike_Sharing_Demand,mlp_deep,ZScore,clip,1,0,6895.200632933718
Bike_Sharing_Demand,mlp_deep,ZScore,clip,1,1,6932.048984462855
Bike_Sharing_Demand,mlp_deep,ZScore,clip,1,2,5938.85265040999
Bike_Sharing_Demand,mlp_deep,ZScore,clip,1,3,5769.6660291053495
Bike_Sharing_Demand,mlp_deep,ZScore,clip,1,4,6300.815650276828
Bike_Sharing_Demand,mlp_deep,ZScore,clip,1,5,6711.745977595996
Bike_Sharing_Demand,mlp_deep,ZScore,clip,1,6,5849.8176242680565
Bike_Sharing_Demand,mlp_deep,ZScore,clip,1,7,5328.382523162527
Bike_Sharing_Demand,mlp_deep,ZScore,clip,1,8,4197.34835192676
Bike_Sharing_Demand,mlp_deep,ZScore,clip,1,9,6475.8929339057395
Bike_Sharing_Demand,mlp_deep,ZScore,clip,2,0,4672.558094240039
Bike_Sharing_Demand,mlp_deep,ZScore,clip,2,1,6619.834899534257
Bike_Sharing_Demand,mlp_deep,ZScore,clip,2,2,6880.670824682388
Bike_Sharing_Demand,mlp_deep,ZScore,clip,2,3,6037.288356205576
Bike_Sharing_Demand,mlp_deep,ZScore,clip,2,4,6025.645598921375
Bike_Sharing_Demand,mlp_deep,ZScore,clip,2,5,6280.985409631931
Bike_Sharing_Demand,mlp_deep,ZScore,clip,2,6,5749.704887714218
Bike_Sharing_Demand,mlp_deep,ZScore,clip,2,7,6315.250172869635
Bike_Sharing_Demand,mlp_deep,ZScore,clip,2,8,6682.210703581971
Bike_Sharing_Demand,mlp_deep,ZScore,clip,2,9,5872.993771899418
Bike_Sharing_Demand,mlp_deep,Percentile,remove,0,0,10430.998006241149
Bike_Sharing_Demand,mlp_deep,Percentile,remove,0,1,9242.259168263581
Bike_Sharing_Demand,mlp_deep,Percentile,remove,0,2,11136.272247934427
Bike_Sharing_Demand,mlp_deep,Percentile,remove,0,3,10468.528294550984
Bike_Sharing_Demand,mlp_deep,Percentile,remove,0,4,12052.053102839427
Bike_Sharing_Demand,mlp_deep,Percentile,remove,0,5,11409.623685394668
Bike_Sharing_Demand,mlp_deep,Percentile,remove,0,6,11228.238948396693
Bike_Sharing_Demand,mlp_deep,Percentile,remove,0,7,9706.71227615754
Bike_Sharing_Demand,mlp_deep,Percentile,remove,0,8,11020.68103850417
Bike_Sharing_Demand,mlp_deep,Percentile,remove,0,9,13728.618917494568
Bike_Sharing_Demand,mlp_deep,Percentile,remove,1,0,9994.832752907707
Bike_Sharing_Demand,mlp_deep,Percentile,remove,1,1,11690.667650477077
Bike_Sharing_Demand,mlp_deep,Percentile,remove,1,2,13480.201158635335
Bike_Sharing_Demand,mlp_deep,Percentile,remove,1,3,10334.588065657392
Bike_Sharing_Demand,mlp_deep,Percentile,remove,1,4,9909.417295418012
Bike_Sharing_Demand,mlp_deep,Percentile,remove,1,5,13324.094779514024
Bike_Sharing_Demand,mlp_deep,Percentile,remove,1,6,10298.012519239905
Bike_Sharing_Demand,mlp_deep,Percentile,remove,1,7,7839.792384698655
Bike_Sharing_Demand,mlp_deep,Percentile,remove,1,8,9589.893746480206
Bike_Sharing_Demand,mlp_deep,Percentile,remove,1,9,15323.975540400845
Bike_Sharing_Demand,mlp_deep,Percentile,remove,2,0,10203.75997578917
Bike_Sharing_Demand,mlp_deep,Percentile,remove,2,1,11816.804448045954
Bike_Sharing_Demand,mlp_deep,Percentile,remove,2,2,12544.095528277014
Bike_Sharing_Demand,mlp_deep,Percentile,remove,2,3,11216.971575670706
Bike_Sharing_Demand,mlp_deep,Percentile,remove,2,4,10292.895505687296
Bike_Sharing_Demand,mlp_deep,Percentile,remove,2,5,8160.440974868448
Bike_Sharing_Demand,mlp_deep,Percentile,remove,2,6,11497.094721081654
Bike_Sharing_Demand,mlp_deep,Percentile,remove,2,7,11303.977403247236
Bike_Sharing_Demand,mlp_deep,Percentile,remove,2,8,10956.616991629806
Bike_Sharing_Demand,mlp_deep,Percentile,remove,2,9,10378.994004454136
Bike_Sharing_Demand,mlp_deep,Percentile,clip,0,0,6034.462006435508
Bike_Sharing_Demand,mlp_deep,Percentile,clip,0,1,4060.4923224267486
Bike_Sharing_Demand,mlp_deep,Percentile,clip,0,2,5744.7845427912625
Bike_Sharing_Demand,mlp_deep,Percentile,clip,0,3,6642.536892749191
Bike_Sharing_Demand,mlp_deep,Percentile,clip,0,4,5279.423892812909
Bike_Sharing_Demand,mlp_deep,Percentile,clip,0,5,4902.429335401418
Bike_Sharing_Demand,mlp_deep,Percentile,clip,0,6,5961.338531164826
Bike_Sharing_Demand,mlp_deep,Percentile,clip,0,7,5375.307707921574
Bike_Sharing_Demand,mlp_deep,Percentile,clip,0,8,5173.731575369419
Bike_Sharing_Demand,mlp_deep,Percentile,clip,0,9,6099.369516485484
Bike_Sharing_Demand,mlp_deep,Percentile,clip,1,0,6072.235058911511
Bike_Sharing_Demand,mlp_deep,Percentile,clip,1,1,6346.55787359763
Bike_Sharing_Demand,mlp_deep,Percentile,clip,1,2,4475.182221476777
Bike_Sharing_Demand,mlp_deep,Percentile,clip,1,3,4603.379868426112
Bike_Sharing_Demand,mlp_deep,Percentile,clip,1,4,5249.579365939168
Bike_Sharing_Demand,mlp_deep,Percentile,clip,1,5,6047.855020879029
Bike_Sharing_Demand,mlp_deep,Percentile,clip,1,6,5122.174628543496
Bike_Sharing_Demand,mlp_deep,Percentile,clip,1,7,4922.187980382593
Bike_Sharing_Demand,mlp_deep,Percentile,clip,1,8,5312.475649501086
Bike_Sharing_Demand,mlp_deep,Percentile,clip,1,9,6417.859240353652
Bike_Sharing_Demand,mlp_deep,Percentile,clip,2,0,5253.886343960436
Bike_Sharing_Demand,mlp_deep,Percentile,clip,2,1,6157.038636840618
Bike_Sharing_Demand,mlp_deep,Percentile,clip,2,2,5913.994045916566
Bike_Sharing_Demand,mlp_deep,Percentile,clip,2,3,5346.490092408847
Bike_Sharing_Demand,mlp_deep,Percentile,clip,2,4,4946.449739112321
Bike_Sharing_Demand,mlp_deep,Percentile,clip,2,5,5203.839447319151
Bike_Sharing_Demand,mlp_deep,Percentile,clip,2,6,5484.188973487571
Bike_Sharing_Demand,mlp_deep,Percentile,clip,2,7,5175.943326476422
Bike_Sharing_Demand,mlp_deep,Percentile,clip,2,8,5489.672634650868
Bike_Sharing_Demand,mlp_deep,Percentile,clip,2,9,5869.903612669204
Bike_Sharing_Demand,mlp_deep,IsolationForest,remove,0,0,7820.060336013258
Bike_Sharing_Demand,mlp_deep,IsolationForest,remove,0,1,4529.381649354177
Bike_Sharing_Demand,mlp_deep,IsolationForest,remove,0,2,5988.356149046857
Bike_Sharing_Demand,mlp_deep,IsolationForest,remove,0,3,6754.791374664436
Bike_Sharing_Demand,mlp_deep,IsolationForest,remove,0,4,6517.587369437978
Bike_Sharing_Demand,mlp_deep,IsolationForest,remove,0,5,6387.314431819383
Bike_Sharing_Demand,mlp_deep,IsolationForest,remove,0,6,6814.177928407216
Bike_Sharing_Demand,mlp_deep,IsolationForest,remove,0,7,6527.09073859019
Bike_Sharing_Demand,mlp_deep,IsolationForest,remove,0,8,5902.544956185823
Bike_Sharing_Demand,mlp_deep,IsolationForest,remove,0,9,6184.043758877314
Bike_Sharing_Demand,mlp_deep,IsolationForest,remove,1,0,7791.532516201404
Bike_Sharing_Demand,mlp_deep,IsolationForest,remove,1,1,6480.083525108148
Bike_Sharing_Demand,mlp_deep,IsolationForest,remove,1,2,6223.180616877854
Bike_Sharing_Demand,mlp_deep,IsolationForest,remove,1,3,3577.7228208595093
Bike_Sharing_Demand,mlp_deep,IsolationForest,remove,1,4,6173.697900887088
Bike_Sharing_Demand,mlp_deep,IsolationForest,remove,1,5,7294.807547698431
Bike_Sharing_Demand,mlp_deep,IsolationForest,remove,1,6,6857.694852119774
Bike_Sharing_Demand,mlp_deep,IsolationForest,remove,1,7,5750.673347403826
Bike_Sharing_Demand,mlp_deep,IsolationForest,remove,1,8,5970.787512395085
Bike_Sharing_Demand,mlp_deep,IsolationForest,remove,1,9,122182.4012324557
Bike_Sharing_Demand,mlp_deep,IsolationForest,remove,2,0,5936.9337823042915
Bike_Sharing_Demand,mlp_deep,IsolationForest,remove,2,1,7485.808749541538
Bike_Sharing_Demand,mlp_deep,IsolationForest,remove,2,2,7034.184809671953
Bike_Sharing_Demand,mlp_deep,IsolationForest,remove,2,3,5979.770504913054
Bike_Sharing_Demand,mlp_deep,IsolationForest,remove,2,4,6458.166862534767
Bike_Sharing_Demand,mlp_deep,IsolationForest,remove,2,5,7645.253335890461
Bike_Sharing_Demand,mlp_deep,IsolationForest,remove,2,6,7091.277151581146
Bike_Sharing_Demand,mlp_deep,IsolationForest,remove,2,7,4476.722622856355
Bike_Sharing_Demand,mlp_deep,IsolationForest,remove,2,8,6897.688373671554
Bike_Sharing_Demand,mlp_deep,IsolationForest,remove,2,9,6725.464424196177
Bike_Sharing_Demand,mlp_deep,LOF,remove,0,0,6360.608223959127
Bike_Sharing_Demand,mlp_deep,LOF,remove,0,1,5688.195428872064
Bike_Sharing_Demand,mlp_deep,LOF,remove,0,2,4339.943678710711
Bike_Sharing_Demand,mlp_deep,LOF,remove,0,3,6899.602318251068
Bike_Sharing_Demand,mlp_deep,LOF,remove,0,4,6940.243443463454
Bike_Sharing_Demand,mlp_deep,LOF,remove,0,5,6201.547001732247
Bike_Sharing_Demand,mlp_deep,LOF,remove,0,6,7199.817879466846
Bike_Sharing_Demand,mlp_deep,LOF,remove,0,7,5829.420330750561
Bike_Sharing_Demand,mlp_deep,LOF,remove,0,8,5198.959382685188
Bike_Sharing_Demand,mlp_deep,LOF,remove,0,9,6577.640548313859
Bike_Sharing_Demand,mlp_deep,LOF,remove,1,0,6418.612028883702
Bike_Sharing_Demand,mlp_deep,LOF,remove,1,1,4947.943636458838
Bike_Sharing_Demand,mlp_deep,LOF,remove,1,2,6169.636956955198
Bike_Sharing_Demand,mlp_deep,LOF,remove,1,3,4271.016756700299
Bike_Sharing_Demand,mlp_deep,LOF,remove,1,4,6819.645525518595
Bike_Sharing_Demand,mlp_deep,LOF,remove,1,5,7288.5104340803355
Bike_Sharing_Demand,mlp_deep,LOF,remove,1,6,5059.763586344238
Bike_Sharing_Demand,mlp_deep,LOF,remove,1,7,4154.120308432055
Bike_Sharing_Demand,mlp_deep,LOF,remove,1,8,4289.347481101344
Bike_Sharing_Demand,mlp_deep,LOF,remove,1,9,6657.83035452337
Bike_Sharing_Demand,mlp_deep,LOF,remove,2,0,5661.6592178007595
Bike_Sharing_Demand,mlp_deep,LOF,remove,2,1,6057.892500850456
Bike_Sharing_Demand,mlp_deep,LOF,remove,2,2,6389.003909815121
Bike_Sharing_Demand,mlp_deep,LOF,remove,2,3,5573.288268512061
Bike_Sharing_Demand,mlp_deep,LOF,remove,2,4,6212.119935865613
Bike_Sharing_Demand,mlp_deep,LOF,remove,2,5,5695.267304831203
Bike_Sharing_Demand,mlp_deep,LOF,remove,2,6,6510.343911463153
Bike_Sharing_Demand,mlp_deep,LOF,remove,2,7,5173.001790215428
Bike_Sharing_Demand,mlp_deep,LOF,remove,2,8,6410.676868487561
Bike_Sharing_Demand,mlp_deep,LOF,remove,2,9,6103.203138679453
Bike_Sharing_Demand,mlp_deep,Autoencoder,remove,0,0,6902.680900636128
Bike_Sharing_Demand,mlp_deep,Autoencoder,remove,0,1,2553.0362834473594
Bike_Sharing_Demand,mlp_deep,Autoencoder,remove,0,2,6334.257449664924
Bike_Sharing_Demand,mlp_deep,Autoencoder,remove,0,3,6724.433004100113
Bike_Sharing_Demand,mlp_deep,Autoencoder,remove,0,4,6588.208094108579
Bike_Sharing_Demand,mlp_deep,Autoencoder,remove,0,5,6252.079088661431
Bike_Sharing_Demand,mlp_deep,Autoencoder,remove,0,6,6360.274883540726
Bike_Sharing_Demand,mlp_deep,Autoencoder,remove,0,7,6297.304243413323
Bike_Sharing_Demand,mlp_deep,Autoencoder,remove,0,8,4635.791446581903
Bike_Sharing_Demand,mlp_deep,Autoencoder,remove,0,9,6780.230576889826
Bike_Sharing_Demand,mlp_deep,Autoencoder,remove,1,0,6569.248914296244
Bike_Sharing_Demand,mlp_deep,Autoencoder,remove,1,1,5673.883042438868
Bike_Sharing_Demand,mlp_deep,Autoencoder,remove,1,2,5078.984135986184
Bike_Sharing_Demand,mlp_deep,Autoencoder,remove,1,3,4135.810079400664
Bike_Sharing_Demand,mlp_deep,Autoencoder,remove,1,4,6065.503822727036
Bike_Sharing_Demand,mlp_deep,Autoencoder,remove,1,5,6890.196947834347
Bike_Sharing_Demand,mlp_deep,Autoencoder,remove,1,6,5445.965320648034
Bike_Sharing_Demand,mlp_deep,Autoencoder,remove,1,7,5549.419387783245
Bike_Sharing_Demand,mlp_deep,Autoencoder,remove,1,8,6122.926701867273
Bike_Sharing_Demand,mlp_deep,Autoencoder,remove,1,9,6727.872228160791
Bike_Sharing_Demand,mlp_deep,Autoencoder,remove,2,0,5668.053445023908
Bike_Sharing_Demand,mlp_deep,Autoencoder,remove,2,1,5706.739951651626
Bike_Sharing_Demand,mlp_deep,Autoencoder,remove,2,2,5308.285746433792
Bike_Sharing_Demand,mlp_deep,Autoencoder,remove,2,3,4925.380528385353
Bike_Sharing_Demand,mlp_deep,Autoencoder,remove,2,4,6515.499753848539
Bike_Sharing_Demand,mlp_deep,Autoencoder,remove,2,5,5677.359118655176
Bike_Sharing_Demand,mlp_deep,Autoencoder,remove,2,6,5703.026237832704
Bike_Sharing_Demand,mlp_deep,Autoencoder,remove,2,7,5732.190180633604
Bike_Sharing_Demand,mlp_deep,Autoencoder,remove,2,8,6109.578280489037
Bike_Sharing_Demand,mlp_deep,Autoencoder,remove,2,9,5914.454949016741
abalone,mlp_deep,None,remove,0,0,20.199745460462896
abalone,mlp_deep,None,remove,0,1,34.54316945174173
abalone,mlp_deep,None,remove,0,2,26.041645757533665
abalone,mlp_deep,None,remove,0,3,23.424094320974064
abalone,mlp_deep,None,remove,0,4,20.472455993160146
abalone,mlp_deep,None,remove,0,5,15.219119594528282
abalone,mlp_deep,None,remove,0,6,25.194008506689105
abalone,mlp_deep,None,remove,0,7,36.08056657986076
abalone,mlp_deep,None,remove,0,8,25.556607925614582
abalone,mlp_deep,None,remove,0,9,37.660788431544184
abalone,mlp_deep,None,remove,1,0,21.243750164498408
abalone,mlp_deep,None,remove,1,1,22.743245907322756
abalone,mlp_deep,None,remove,1,2,24.96356245982209
abalone,mlp_deep,None,remove,1,3,22.119657473130655
abalone,mlp_deep,None,remove,1,4,22.94801236233219
abalone,mlp_deep,None,remove,1,5,17.03370654294833
abalone,mlp_deep,None,remove,1,6,23.204846824771387
abalone,mlp_deep,None,remove,1,7,35.204439595065914
abalone,mlp_deep,None,remove,1,8,29.571625929362796
abalone,mlp_deep,None,remove,1,9,15.922935359186612
abalone,mlp_deep,None,remove,2,0,28.36772038839803
abalone,mlp_deep,None,remove,2,1,27.90661543200928
abalone,mlp_deep,None,remove,2,2,31.79119431323576
abalone,mlp_deep,None,remove,2,3,25.068777799441616
abalone,mlp_deep,None,remove,2,4,20.484321738018455
abalone,mlp_deep,None,remove,2,5,27.83364057998019
abalone,mlp_deep,None,remove,2,6,21.612551971823162
abalone,mlp_deep,None,remove,2,7,35.53957627607297
abalone,mlp_deep,None,remove,2,8,21.542514723392348
abalone,mlp_deep,None,remove,2,9,22.08390207083664
abalone,mlp_deep,ZScore,remove,0,0,40.89053581559794
abalone,mlp_deep,ZScore,remove,0,1,50.24406958360245
abalone,mlp_deep,ZScore,remove,0,2,28.442212049698366
abalone,mlp_deep,ZScore,remove,0,3,23.47908471695699
abalone,mlp_deep,ZScore,remove,0,4,24.14510478730277
abalone,mlp_deep,ZScore,remove,0,5,18.61015480274073
abalone,mlp_deep,ZScore,remove,0,6,18.562256794373234
abalone,mlp_deep,ZScore,remove,0,7,24.774363087622927
abalone,mlp_deep,ZScore,remove,0,8,22.278138120499516
abalone,mlp_deep,ZScore,remove,0,9,31.96789407969912
abalone,mlp_deep,ZScore,remove,1,0,18.826544291771445
abalone,mlp_deep,ZScore,remove,1,1,23.24892458518109
abalone,mlp_deep,ZScore,remove,1,2,19.691353129209322
abalone,mlp_deep,ZScore,remove,1,3,21.44831361003941
abalone,mlp_deep,ZScore,remove,1,4,24.405394897845632
abalone,mlp_deep,ZScore,remove,1,5,17.714928308267552
abalone,mlp_deep,ZScore,remove,1,6,21.59238569589913
abalone,mlp_deep,ZScore,remove,1,7,25.99428604091407
abalone,mlp_deep,ZScore,remove,1,8,21.502892835447337
abalone,mlp_deep,ZScore,remove,1,9,22.309309761744558
abalone,mlp_deep,ZScore,remove,2,0,28.13033422761207
abalone,mlp_deep,ZScore,remove,2,1,19.412337037467637
abalone,mlp_deep,ZScore,remove,2,2,33.26973867618534
abalone,mlp_deep,ZScore,remove,2,3,25.561371688027442
abalone,mlp_deep,ZScore,remove,2,4,19.577989676365593
abalone,mlp_deep,ZScore,remove,2,5,24.388134256833904
abalone,mlp_deep,ZScore,remove,2,6,20.867943705207885
abalone,mlp_deep,ZScore,remove,2,7,22.32930767453556
abalone,mlp_deep,ZScore,remove,2,8,19.728839424842832
abalone,mlp_deep,ZScore,remove,2,9,20.3588661623204
abalone,mlp_deep,ZScore,clip,0,0,20.7147093505814
abalone,mlp_deep,ZScore,clip,0,1,25.968911528424655
abalone,mlp_deep,ZScore,clip,0,2,27.673420486726492
abalone,mlp_deep,ZScore,clip,0,3,23.14268973381216
abalone,mlp_deep,ZScore,clip,0,4,21.79171037400514
abalone,mlp_deep,ZScore,clip,0,5,14.303903617637753
abalone,mlp_deep,ZScore,clip,0,6,23.819737255788777
abalone,mlp_deep,ZScore,clip,0,7,30.286186563943154
abalone,mlp_deep,ZScore,clip,0,8,22.444549016312234
abalone,mlp_deep,ZScore,clip,0,9,31.061036802671953
abalone,mlp_deep,ZScore,clip,1,0,21.294930940435094
abalone,mlp_deep,ZScore,clip,1,1,22.727438128815482
abalone,mlp_deep,ZScore,clip,1,2,21.488826679087005
abalone,mlp_deep,ZScore,clip,1,3,22.03068559950107
abalone,mlp_deep,ZScore,clip,1,4,22.10341355144281
abalone,mlp_deep,ZScore,clip,1,5,17.012610863231128
abalone,mlp_deep,ZScore,clip,1,6,31.910304150844997
abalone,mlp_deep,ZScore,clip,1,7,33.72963897533125
abalone,mlp_deep,ZScore,clip,1,8,28.59827593221072
abalone,mlp_deep,ZScore,clip,1,9,15.72435484828787
abalone,mlp_deep,ZScore,clip,2,0,28.445963949031256
abalone,mlp_deep,ZScore,clip,2,1,22.521092799298764
abalone,mlp_deep,ZScore,clip,2,2,33.632516607513196
abalone,mlp_deep,ZScore,clip,2,3,24.619969597308458
abalone,mlp_deep,ZScore,clip,2,4,17.988158918879286
abalone,mlp_deep,ZScore,clip,2,5,26.9259313016438
abalone,mlp_deep,ZScore,clip,2,6,21.814532932869156
abalone,mlp_deep,ZScore,clip,2,7,33.91300338462671
abalone,mlp_deep,ZScore,clip,2,8,23.88113646883037
abalone,mlp_deep,ZScore,clip,2,9,22.602206117718268
abalone,mlp_deep,Percentile,remove,0,0,19.693710608070752
abalone,mlp_deep,Percentile,remove,0,1,24.202649871586136
abalone,mlp_deep,Percentile,remove,0,2,26.109409340635175
abalone,mlp_deep,Percentile,remove,0,3,24.981255763816304
abalone,mlp_deep,Percentile,remove,0,4,23.60677129741883
abalone,mlp_deep,Percentile,remove,0,5,17.055996557914188
abalone,mlp_deep,Percentile,remove,0,6,21.642323559116758
abalone,mlp_deep,Percentile,remove,0,7,36.005476975320754
abalone,mlp_deep,Percentile,remove,0,8,21.147641094659864
abalone,mlp_deep,Percentile,remove,0,9,21.515124174951843
abalone,mlp_deep,Percentile,remove,1,0,25.347034848433285
abalone,mlp_deep,Percentile,remove,1,1,34.739771800774896
abalone,mlp_deep,Percentile,remove,1,2,21.130391245176746
abalone,mlp_deep,Percentile,remove,1,3,17.36691380799127
abalone,mlp_deep,Percentile,remove,1,4,34.68655406451907
abalone,mlp_deep,Percentile,remove,1,5,18.207657532855926
abalone,mlp_deep,Percentile,remove,1,6,30.91037818586166
abalone,mlp_deep,Percentile,remove,1,7,35.89754029334353
abalone,mlp_deep,Percentile,remove,1,8,23.386820429213422
abalone,mlp_deep,Percentile,remove,1,9,20.96302487493703
abalone,mlp_deep,Percentile,remove,2,0,25.59882688103053
abalone,mlp_deep,Percentile,remove,2,1,15.293406403650218
abalone,mlp_deep,Percentile,remove,2,2,29.312650334574847
abalone,mlp_deep,Percentile,remove,2,3,34.44972940633949
abalone,mlp_deep,Percentile,remove,2,4,15.886225286088399
abalone,mlp_deep,Percentile,remove,2,5,27.48594495998656
abalone,mlp_deep,Percentile,remove,2,6,26.827344728631363
abalone,mlp_deep,Percentile,remove,2,7,26.962097602348496
abalone,mlp_deep,Percentile,remove,2,8,17.31489489828845
abalone,mlp_deep,Percentile,remove,2,9,41.77896010155018
abalone,mlp_deep,Percentile,clip,0,0,25.192253638612222
abalone,mlp_deep,Percentile,clip,0,1,38.05878551432441
abalone,mlp_deep,Percentile,clip,0,2,31.125883539307488
abalone,mlp_deep,Percentile,clip,0,3,17.93615178249954
abalone,mlp_deep,Percentile,clip,0,4,21.357439122664896
abalone,mlp_deep,Percentile,clip,0,5,12.801739959728053
abalone,mlp_deep,Percentile,clip,0,6,24.000305758978723
abalone,mlp_deep,Percentile,clip,0,7,31.579094106860502
abalone,mlp_deep,Percentile,clip,0,8,21.131836487129046
abalone,mlp_deep,Percentile,clip,0,9,26.79978397772272
abalone,mlp_deep,Percentile,clip,1,0,20.369296811513465
abalone,mlp_deep,Percentile,clip,1,1,21.180528177264875
abalone,mlp_deep,Percentile,clip,1,2,20.78500471718943
abalone,mlp_deep,Percentile,clip,1,3,21.971199959332377
abalone,mlp_deep,Percentile,clip,1,4,21.80695219367734
abalone,mlp_deep,Percentile,clip,1,5,14.193653426923525
abalone,mlp_deep,Percentile,clip,1,6,24.620656605133707
abalone,mlp_deep,Percentile,clip,1,7,30.898805766076208
abalone,mlp_deep,Percentile,clip,1,8,23.599699219110267
abalone,mlp_deep,Percentile,clip,1,9,13.845026983664829
abalone,mlp_deep,Percentile,clip,2,0,16.475270234403638
abalone,mlp_deep,Percentile,clip,2,1,25.853773988526434
abalone,mlp_deep,Percentile,clip,2,2,33.21243935626382
abalone,mlp_deep,Percentile,clip,2,3,22.32741002118753
abalone,mlp_deep,Percentile,clip,2,4,20.119435886077213
abalone,mlp_deep,Percentile,clip,2,5,24.175159455904
abalone,mlp_deep,Percentile,clip,2,6,19.264883625294438
abalone,mlp_deep,Percentile,clip,2,7,26.267763563234237
abalone,mlp_deep,Percentile,clip,2,8,20.025775750205533
abalone,mlp_deep,Percentile,clip,2,9,24.477051940557267
abalone,mlp_deep,IsolationForest,remove,0,0,35.78158895576346
abalone,mlp_deep,IsolationForest,remove,0,1,23.25432982182431
abalone,mlp_deep,IsolationForest,remove,0,2,39.93479082871493
abalone,mlp_deep,IsolationForest,remove,0,3,18.91235435268684
abalone,mlp_deep,IsolationForest,remove,0,4,20.256854252566967
abalone,mlp_deep,IsolationForest,remove,0,5,22.263382531806357
abalone,mlp_deep,IsolationForest,remove,0,6,26.62297930581633
abalone,mlp_deep,IsolationForest,remove,0,7,35.46996866032515
abalone,mlp_deep,IsolationForest,remove,0,8,19.474368201310437
abalone,mlp_deep,IsolationForest,remove,0,9,28.966609843224543
abalone,mlp_deep,IsolationForest,remove,1,0,25.02659919167532
abalone,mlp_deep,IsolationForest,remove,1,1,37.48832293678072
abalone,mlp_deep,IsolationForest,remove,1,2,20.4564318195108
abalone,mlp_deep,IsolationForest,remove,1,3,20.504177806815658
abalone,mlp_deep,IsolationForest,remove,1,4,26.15136506576446
abalone,mlp_deep,IsolationForest,remove,1,5,17.144068549431836
abalone,mlp_deep,IsolationForest,remove,1,6,19.635422255869063
abalone,mlp_deep,IsolationForest,remove,1,7,31.131373936019262
abalone,mlp_deep,IsolationForest,remove,1,8,24.74837649568666
abalone,mlp_deep,IsolationForest,remove,1,9,14.655865630100802
abalone,mlp_deep,IsolationForest,remove,2,0,22.834245708403554
abalone,mlp_deep,IsolationForest,remove,2,1,14.961763873282072
abalone,mlp_deep,IsolationForest,remove,2,2,26.202272691959685
abalone,mlp_deep,IsolationForest,remove,2,3,29.604630505462286
abalone,mlp_deep,IsolationForest,remove,2,4,19.736639912438115
abalone,mlp_deep,IsolationForest,remove,2,5,26.66906948890541
abalone,mlp_deep,IsolationForest,remove,2,6,19.41355172285157
abalone,mlp_deep,IsolationForest,remove,2,7,19.35824348097359
abalone,mlp_deep,IsolationForest,remove,2,8,20.64630653268681
abalone,mlp_deep,IsolationForest,remove,2,9,21.233799479449576
abalone,mlp_deep,LOF,remove,0,0,22.311966712730932
abalone,mlp_deep,LOF,remove,0,1,35.92861328669824
abalone,mlp_deep,LOF,remove,0,2,34.969079686790934
abalone,mlp_deep,LOF,remove,0,3,24.56849051460905
abalone,mlp_deep,LOF,remove,0,4,20.560439049475576
abalone,mlp_deep,LOF,remove,0,5,28.43971597925536
abalone,mlp_deep,LOF,remove,0,6,18.571480762654296
abalone,mlp_deep,LOF,remove,0,7,27.97458661619531
abalone,mlp_deep,LOF,remove,0,8,23.723326088733
abalone,mlp_deep,LOF,remove,0,9,26.568217498837043
abalone,mlp_deep,LOF,remove,1,0,20.786384234804334
abalone,mlp_deep,LOF,remove,1,1,23.768697775992063
abalone,mlp_deep,LOF,remove,1,2,24.182752102885978
abalone,mlp_deep,LOF,remove,1,3,37.03173180342923
abalone,mlp_deep,LOF,remove,1,4,28.825107353200483
abalone,mlp_deep,LOF,remove,1,5,15.179198149789432
abalone,mlp_deep,LOF,remove,1,6,25.633742946161153
abalone,mlp_deep,LOF,remove,1,7,30.163957540156048
abalone,mlp_deep,LOF,remove,1,8,22.578001967160176
abalone,mlp_deep,LOF,remove,1,9,15.8861693383702
abalone,mlp_deep,LOF,remove,2,0,23.785006791909
abalone,mlp_deep,LOF,remove,2,1,13.93974502715586
abalone,mlp_deep,LOF,remove,2,2,25.29519157349212
abalone,mlp_deep,LOF,remove,2,3,26.31785473167086
abalone,mlp_deep,LOF,remove,2,4,23.292650129456575
abalone,mlp_deep,LOF,remove,2,5,27.54759197541498
abalone,mlp_deep,LOF,remove,2,6,30.410321264548518
abalone,mlp_deep,LOF,remove,2,7,20.261085832556482
abalone,mlp_deep,LOF,remove,2,8,21.58586810635631
abalone,mlp_deep,LOF,remove,2,9,21.33367141567916
abalone,mlp_deep,Autoencoder,remove,0,0,23.85601157648073
abalone,mlp_deep,Autoencoder,remove,0,1,28.773209186654416
abalone,mlp_deep,Autoencoder,remove,0,2,26.390902878803026
abalone,mlp_deep,Autoencoder,remove,0,3,22.990403028284206
abalone,mlp_deep,Autoencoder,remove,0,4,19.51028101917418
abalone,mlp_deep,Autoencoder,remove,0,5,19.985099845719173
abalone,mlp_deep,Autoencoder,remove,0,6,20.397463915836425
abalone,mlp_deep,Autoencoder,remove,0,7,25.248206581065794
abalone,mlp_deep,Autoencoder,remove,0,8,25.69494371588769
abalone,mlp_deep,Autoencoder,remove,0,9,29.584654625120763
abalone,mlp_deep,Autoencoder,remove,1,0,30.287732128153422
abalone,mlp_deep,Autoencoder,remove,1,1,26.183439066657957
abalone,mlp_deep,Autoencoder,remove,1,2,20.740105147494653
abalone,mlp_deep,Autoencoder,remove,1,3,21.929577263162873
abalone,mlp_deep,Autoencoder,remove,1,4,26.604716934726763
abalone,mlp_deep,Autoencoder,remove,1,5,16.397569732313993
abalone,mlp_deep,Autoencoder,remove,1,6,24.330002984332456
abalone,mlp_deep,Autoencoder,remove,1,7,27.339910176061675
abalone,mlp_deep,Autoencoder,remove,1,8,25.744601242934234
abalone,mlp_deep,Autoencoder,remove,1,9,16.32676273485555
abalone,mlp_deep,Autoencoder,remove,2,0,34.85415457441546
abalone,mlp_deep,Autoencoder,remove,2,1,18.796380270441606
abalone,mlp_deep,Autoencoder,remove,2,2,28.128048790147993
abalone,mlp_deep,Autoencoder,remove,2,3,31.272742431544387
abalone,mlp_deep,Autoencoder,remove,2,4,20.984311006525854
abalone,mlp_deep,Autoencoder,remove,2,5,22.686087036340474
abalone,mlp_deep,Autoencoder,remove,2,6,21.482627952092724
abalone,mlp_deep,Autoencoder,remove,2,7,23.12740010694964
abalone,mlp_deep,Autoencoder,remove,2,8,17.553337087913967
abalone,mlp_deep,Autoencoder,remove,2,9,20.33451205896468
wine_quality,mlp_deep,None,remove,0,0,0.4580106215968192
wine_quality,mlp_deep,None,remove,0,1,0.5330409109787669
wine_quality,mlp_deep,None,remove,0,2,0.47638696037774514
wine_quality,mlp_deep,None,remove,0,3,0.5424817171110906
wine_quality,mlp_deep,None,remove,0,4,0.46357452743067346
wine_quality,mlp_deep,None,remove,0,5,0.5031903491161435
wine_quality,mlp_deep,None,remove,0,6,0.4575857000287132
wine_quality,mlp_deep,None,remove,0,7,0.45439916388222995
wine_quality,mlp_deep,None,remove,0,8,0.5010029097246764
wine_quality,mlp_deep,None,remove,0,9,0.4288774175214268
wine_quality,mlp_deep,None,remove,1,0,0.483720001529161
wine_quality,mlp_deep,None,remove,1,1,0.536395796648224
wine_quality,mlp_deep,None,remove,1,2,0.4421128579948891
wine_quality,mlp_deep,None,remove,1,3,0.44474952002391877
wine_quality,mlp_deep,None,remove,1,4,0.4327140284997336
wine_quality,mlp_deep,None,remove,1,5,0.572719803557977
wine_quality,mlp_deep,None,remove,1,6,0.4862459931838278
wine_quality,mlp_deep,None,remove,1,7,0.5072034249186327
wine_quality,mlp_deep,None,remove,1,8,0.48605489312046873
wine_quality,mlp_deep,None,remove,1,9,0.44537895850062503
wine_quality,mlp_deep,None,remove,2,0,0.45415758212900964
wine_quality,mlp_deep,None,remove,2,1,0.4758343547097017
wine_quality,mlp_deep,None,remove,2,2,0.4729857509878453
wine_quality,mlp_deep,None,remove,2,3,0.46990921041631367
wine_quality,mlp_deep,None,remove,2,4,0.5050904856527908
wine_quality,mlp_deep,None,remove,2,5,0.5083887178059017
wine_quality,mlp_deep,None,remove,2,6,0.44298266911735923
wine_quality,mlp_deep,None,remove,2,7,0.5297173192738083
wine_quality,mlp_deep,None,remove,2,8,0.4145560681029317
wine_quality,mlp_deep,None,remove,2,9,0.5014399783907658
wine_quality,mlp_deep,ZScore,remove,0,0,0.4794317358972381
wine_quality,mlp_deep,ZScore,remove,0,1,0.5850488766663542
wine_quality,mlp_deep,ZScore,remove,0,2,0.5782604605368766
wine_quality,mlp_deep,ZScore,remove,0,3,0.858133102444874
wine_quality,mlp_deep,ZScore,remove,0,4,0.5721683898419629
wine_quality,mlp_deep,ZScore,remove,0,5,0.5574619551382406
wine_quality,mlp_deep,ZScore,remove,0,6,0.45269797623027164
wine_quality,mlp_deep,ZScore,remove,0,7,0.5319530389359132
wine_quality,mlp_deep,ZScore,remove,0,8,0.5233236697772262
wine_quality,mlp_deep,ZScore,remove,0,9,0.521796590122021
wine_quality,mlp_deep,ZScore,remove,1,0,0.9271413473282174
wine_quality,mlp_deep,ZScore,remove,1,1,0.554689687776152
wine_quality,mlp_deep,ZScore,remove,1,2,0.5437490468201243
wine_quality,mlp_deep,ZScore,remove,1,3,0.45990004145710184
wine_quality,mlp_deep,ZScore,remove,1,4,0.7538652964641155
wine_quality,mlp_deep,ZScore,remove,1,5,0.9059426111952605
wine_quality,mlp_deep,ZScore,remove,1,6,0.6429322730985287
wine_quality,mlp_deep,ZScore,remove,1,7,0.5923688274177029
wine_quality,mlp_deep,ZScore,remove,1,8,0.7099549899359366
wine_quality,mlp_deep,ZScore,remove,1,9,0.45934154551237333
wine_quality,mlp_deep,ZScore,remove,2,0,0.5135172452886068
wine_quality,mlp_deep,ZScore,remove,2,1,0.5249292728223633
wine_quality,mlp_deep,ZScore,remove,2,2,0.5802869415623135
wine_quality,mlp_deep,ZScore,remove,2,3,0.7006181995352825
wine_quality,mlp_deep,ZScore,remove,2,4,0.5189672205404209
wine_quality,mlp_deep,ZScore,remove,2,5,0.7365870469344856
wine_quality,mlp_deep,ZScore,remove,2,6,0.6231136042222227
wine_quality,mlp_deep,ZScore,remove,2,7,0.9843489753372752
wine_quality,mlp_deep,ZScore,remove,2,8,0.4817615548789017
wine_quality,mlp_deep,ZScore,remove,2,9,0.5709454271840085
wine_quality,mlp_deep,ZScore,clip,0,0,0.44548701755097453
wine_quality,mlp_deep,ZScore,clip,0,1,0.5266000212894094
wine_quality,mlp_deep,ZScore,clip,0,2,0.47724097327278514
wine_quality,mlp_deep,ZScore,clip,0,3,0.5492050130317412
wine_quality,mlp_deep,ZScore,clip,0,4,0.4236962595963434
wine_quality,mlp_deep,ZScore,clip,0,5,0.5180914431470488
wine_quality,mlp_deep,ZScore,clip,0,6,0.4524977228731038
wine_quality,mlp_deep,ZScore,clip,0,7,0.45040805974838266
wine_quality,mlp_deep,ZScore,clip,0,8,0.5048531101216286
wine_quality,mlp_deep,ZScore,clip,0,9,0.45598419064410967
wine_quality,mlp_deep,ZScore,clip,1,0,0.46479892871609024
wine_quality,mlp_deep,ZScore,clip,1,1,0.5289909620869364
wine_quality,mlp_deep,ZScore,clip,1,2,0.445658823781083
wine_quality,mlp_deep,ZScore,clip,1,3,0.4451828023250683
wine_quality,mlp_deep,ZScore,clip,1,4,0.4512600348448172
wine_quality,mlp_deep,ZScore,clip,1,5,0.5777643957552037
wine_quality,mlp_deep,ZScore,clip,1,6,0.4876626352532968
wine_quality,mlp_deep,ZScore,clip,1,7,0.4887433619154942
wine_quality,mlp_deep,ZScore,clip,1,8,0.49769025807108347
wine_quality,mlp_deep,ZScore,clip,1,9,0.4474738149365822
wine_quality,mlp_deep,ZScore,clip,2,0,0.483925077835304
wine_quality,mlp_deep,ZScore,clip,2,1,0.47778095044999525
wine_quality,mlp_deep,ZScore,clip,2,2,0.4796984514857735
wine_quality,mlp_deep,ZScore,clip,2,3,0.4860173696522337
wine_quality,mlp_deep,ZScore,clip,2,4,0.4854167373692005
wine_quality,mlp_deep,ZScore,clip,2,5,0.5094248267211324
wine_quality,mlp_deep,ZScore,clip,2,6,0.46542183667433024
wine_quality,mlp_deep,ZScore,clip,2,7,0.5242189916696509
wine_quality,mlp_deep,ZScore,clip,2,8,0.41442653874103524
wine_quality,mlp_deep,ZScore,clip,2,9,0.5056715318399163
wine_quality,mlp_deep,Percentile,remove,0,0,1.4594150349446158
wine_quality,mlp_deep,Percentile,remove,0,1,1.5029688993527526
wine_quality,mlp_deep,Percentile,remove,0,2,1.6865934082086282
wine_quality,mlp_deep,Percentile,remove,0,3,2.5776040414281445
wine_quality,mlp_deep,Percentile,remove,0,4,1.9651013099885613
wine_quality,mlp_deep,Percentile,remove,0,5,1.0977425370880758
wine_quality,mlp_deep,Percentile,remove,0,6,0.8524360988300497
wine_quality,mlp_deep,Percentile,remove,0,7,1.1156966101538326
wine_quality,mlp_deep,Percentile,remove,0,8,2.7164421698835852
wine_quality,mlp_deep,Percentile,remove,0,9,0.8459607180634259
wine_quality,mlp_deep,Percentile,remove,1,0,3.5858709565555693
wine_quality,mlp_deep,Percentile,remove,1,1,1.2675842451983383
wine_quality,mlp_deep,Percentile,remove,1,2,1.5433751636618174
wine_quality,mlp_deep,Percentile,remove,1,3,0.7225160036573869
wine_quality,mlp_deep,Percentile,remove,1,4,2.9174069568743275
wine_quality,mlp_deep,Percentile,remove,1,5,1.892177492324739
wine_quality,mlp_deep,Percentile,remove,1,6,3.0468172285914537
wine_quality,mlp_deep,Percentile,remove,1,7,0.9750950598221835
wine_quality,mlp_deep,Percentile,remove,1,8,2.8060021801745854
wine_quality,mlp_deep,Percentile,remove,1,9,0.908425383598773
wine_quality,mlp_deep,Percentile,remove,2,0,0.978050615624694
wine_quality,mlp_deep,Percentile,remove,2,1,1.9195707117751715
wine_quality,mlp_deep,Percentile,remove,2,2,1.2409211490120085
wine_quality,mlp_deep,Percentile,remove,2,3,1.9389234064055247
wine_quality,mlp_deep,Percentile,remove,2,4,0.8850543538148558
wine_quality,mlp_deep,Percentile,remove,2,5,2.705318946760016
wine_quality,mlp_deep,Percentile,remove,2,6,1.604301208574096
wine_quality,mlp_deep,Percentile,remove,2,7,2.2969131537880845
wine_quality,mlp_deep,Percentile,remove,2,8,1.3981131234231747
wine_quality,mlp_deep,Percentile,remove,2,9,0.9420200143702848
wine_quality,mlp_deep,Percentile,clip,0,0,0.430863457675619
wine_quality,mlp_deep,Percentile,clip,0,1,0.5278970001953999
wine_quality,mlp_deep,Percentile,clip,0,2,0.4647628833139346
wine_quality,mlp_deep,Percentile,clip,0,3,0.5492042076532923
wine_quality,mlp_deep,Percentile,clip,0,4,0.44662148769082843
wine_quality,mlp_deep,Percentile,clip,0,5,0.537615905207664
wine_quality,mlp_deep,Percentile,clip,0,6,0.4591877967489968
wine_quality,mlp_deep,Percentile,clip,0,7,0.46188249190636066
wine_quality,mlp_deep,Percentile,clip,0,8,0.5141742623130385
wine_quality,mlp_deep,Percentile,clip,0,9,0.44430942225941256
wine_quality,mlp_deep,Percentile,clip,1,0,0.45419502894161556
wine_quality,mlp_deep,Percentile,clip,1,1,0.5141625268002306
wine_quality,mlp_deep,Percentile,clip,1,2,0.45742010803454314
wine_quality,mlp_deep,Percentile,clip,1,3,0.460823830712676
wine_quality,mlp_deep,Percentile,clip,1,4,0.46751679216830877
wine_quality,mlp_deep,Percentile,clip,1,5,0.5729363986100471
wine_quality,mlp_deep,Percentile,clip,1,6,0.49377665080724376
wine_quality,mlp_deep,Percentile,clip,1,7,0.49464808223149287
wine_quality,mlp_deep,Percentile,clip,1,8,0.5077423826757345
wine_quality,mlp_deep,Percentile,clip,1,9,0.45636339669943793
wine_quality,mlp_deep,Percentile,clip,2,0,0.4781849964967476
wine_quality,mlp_deep,Percentile,clip,2,1,0.47668266974584483
wine_quality,mlp_deep,Percentile,clip,2,2,0.481465018682733
wine_quality,mlp_deep,Percentile,clip,2,3,0.49481507460381735
wine_quality,mlp_deep,Percentile,clip,2,4,0.4702509021336198
wine_quality,mlp_deep,Percentile,clip,2,5,0.5163172433780979
wine_quality,mlp_deep,Percentile,clip,2,6,0.4533453120765819
wine_quality,mlp_deep,Percentile,clip,2,7,0.5310087914762674
wine_quality,mlp_deep,Percentile,clip,2,8,0.41605878553372977
wine_quality,mlp_deep,Percentile,clip,2,9,0.4864053924104407
wine_quality,mlp_deep,IsolationForest,remove,0,0,0.48384311335167635
wine_quality,mlp_deep,IsolationForest,remove,0,1,0.5681642105865451
wine_quality,mlp_deep,IsolationForest,remove,0,2,0.529838827272875
wine_quality,mlp_deep,IsolationForest,remove,0,3,0.611335040778106
wine_quality,mlp_deep,IsolationForest,remove,0,4,0.48814222261140305
wine_quality,mlp_deep,IsolationForest,remove,0,5,0.5004968835819305
wine_quality,mlp_deep,IsolationForest,remove,0,6,0.4624907799426566
wine_quality,mlp_deep,IsolationForest,remove,0,7,0.5570959708958915
wine_quality,mlp_deep,IsolationForest,remove,0,8,0.5513487524216448
wine_quality,mlp_deep,IsolationForest,remove,0,9,0.496096826346792
wine_quality,mlp_deep,IsolationForest,remove,1,0,0.5597737496517454
wine_quality,mlp_deep,IsolationForest,remove,1,1,0.5118767921084325
wine_quality,mlp_deep,IsolationForest,remove,1,2,0.5249741127262018
wine_quality,mlp_deep,IsolationForest,remove,1,3,0.4876060342304893
wine_quality,mlp_deep,IsolationForest,remove,1,4,0.5166101223646515
wine_quality,mlp_deep,IsolationForest,remove,1,5,0.6101532788907053
wine_quality,mlp_deep,IsolationForest,remove,1,6,0.7252611221803803
wine_quality,mlp_deep,IsolationForest,remove,1,7,0.5769100380783022
wine_quality,mlp_deep,IsolationForest,remove,1,8,0.5115617370363648
wine_quality,mlp_deep,IsolationForest,remove,1,9,0.4962474193533009
wine_quality,mlp_deep,IsolationForest,remove,2,0,0.48644621154286394
wine_quality,mlp_deep,IsolationForest,remove,2,1,0.5163991822118074
wine_quality,mlp_deep,IsolationForest,remove,2,2,0.5225535079408827
wine_quality,mlp_deep,IsolationForest,remove,2,3,0.521557479634846
wine_quality,mlp_deep,IsolationForest,remove,2,4,0.49920728763910177
wine_quality,mlp_deep,IsolationForest,remove,2,5,0.5461504638013139
wine_quality,mlp_deep,IsolationForest,remove,2,6,0.5213357894869755
wine_quality,mlp_deep,IsolationForest,remove,2,7,0.5811106546443102
wine_quality,mlp_deep,IsolationForest,remove,2,8,0.43509118188687723
wine_quality,mlp_deep,IsolationForest,remove,2,9,0.5247641580686466
wine_quality,mlp_deep,LOF,remove,0,0,0.47210305525162377
wine_quality,mlp_deep,LOF,remove,0,1,0.5618305978313133
wine_quality,mlp_deep,LOF,remove,0,2,0.493694101883859
wine_quality,mlp_deep,LOF,remove,0,3,0.5379265847259103
wine_quality,mlp_deep,LOF,remove,0,4,0.44335535462406434
wine_quality,mlp_deep,LOF,remove,0,5,0.5056018814615223
wine_quality,mlp_deep,LOF,remove,0,6,0.4601496911209106
wine_quality,mlp_deep,LOF,remove,0,7,0.4673558315879846
wine_quality,mlp_deep,LOF,remove,0,8,0.48788972699057
wine_quality,mlp_deep,LOF,remove,0,9,0.4531644532784706
wine_quality,mlp_deep,LOF,remove,1,0,0.4817634208830788
wine_quality,mlp_deep,LOF,remove,1,1,0.5218335161332415
wine_quality,mlp_deep,LOF,remove,1,2,0.472097020557326
wine_quality,mlp_deep,LOF,remove,1,3,0.44064250062079124
wine_quality,mlp_deep,LOF,remove,1,4,0.4655260541337667
wine_quality,mlp_deep,LOF,remove,1,5,0.579102614923902
wine_quality,mlp_deep,LOF,remove,1,6,0.482281318990298
wine_quality,mlp_deep,LOF,remove,1,7,0.5356132502906288
wine_quality,mlp_deep,LOF,remove,1,8,0.476312807479121
wine_quality,mlp_deep,LOF,remove,1,9,0.43975799193142545
wine_quality,mlp_deep,LOF,remove,2,0,0.4632154611590276
wine_quality,mlp_deep,LOF,remove,2,1,0.47492995425571843
wine_quality,mlp_deep,LOF,remove,2,2,0.49379049046433465
wine_quality,mlp_deep,LOF,remove,2,3,0.5032096993264626
wine_quality,mlp_deep,LOF,remove,2,4,0.5080569655656004
wine_quality,mlp_deep,LOF,remove,2,5,0.51021067530015
wine_quality,mlp_deep,LOF,remove,2,6,0.48728013508570966
wine_quality,mlp_deep,LOF,remove,2,7,0.554868049396616
wine_quality,mlp_deep,LOF,remove,2,8,0.4739759511532254
wine_quality,mlp_deep,LOF,remove,2,9,0.5606066317826713
wine_quality,mlp_deep,Autoencoder,remove,0,0,0.47405609636785695
wine_quality,mlp_deep,Autoencoder,remove,0,1,0.5167455348300765
wine_quality,mlp_deep,Autoencoder,remove,0,2,0.5149625276409016
wine_quality,mlp_deep,Autoencoder,remove,0,3,0.5463092672743941
wine_quality,mlp_deep,Autoencoder,remove,0,4,0.43298637548465546
wine_quality,mlp_deep,Autoencoder,remove,0,5,0.5189114020743537
wine_quality,mlp_deep,Autoencoder,remove,0,6,0.4505056323979407
wine_quality,mlp_deep,Autoencoder,remove,0,7,0.4547985203849594
wine_quality,mlp_deep,Autoencoder,remove,0,8,0.4989084351286485
wine_quality,mlp_deep,Autoencoder,remove,0,9,0.4407788834156629
wine_quality,mlp_deep,Autoencoder,remove,1,0,0.49028063454416215
wine_quality,mlp_deep,Autoencoder,remove,1,1,0.5213218845038574
wine_quality,mlp_deep,Autoencoder,remove,1,2,0.45424106448968105
wine_quality,mlp_deep,Autoencoder,remove,1,3,0.4430498186400978
wine_quality,mlp_deep,Autoencoder,remove,1,4,0.4618209330778882
wine_quality,mlp_deep,Autoencoder,remove,1,5,0.6044447967165533
wine_quality,mlp_deep,Autoencoder,remove,1,6,0.5022615983420112
wine_quality,mlp_deep,Autoencoder,remove,1,7,0.5237931915198347
wine_quality,mlp_deep,Autoencoder,remove,1,8,0.4878565002615841
wine_quality,mlp_deep,Autoencoder,remove,1,9,0.4413776704456468
wine_quality,mlp_deep,Autoencoder,remove,2,0,0.461647413843685
wine_quality,mlp_deep,Autoencoder,remove,2,1,0.4985356906223355
wine_quality,mlp_deep,Autoencoder,remove,2,2,0.4926761306822976
wine_quality,mlp_deep,Autoencoder,remove,2,3,0.5087418345938391
wine_quality,mlp_deep,Autoencoder,remove,2,4,0.49948808779854575
wine_quality,mlp_deep,Autoencoder,remove,2,5,0.4902859295433511
wine_quality,mlp_deep,Autoencoder,remove,2,6,0.46551734643305526
wine_quality,mlp_deep,Autoencoder,remove,2,7,0.528989959876842
wine_quality,mlp_deep,Autoencoder,remove,2,8,0.42565761920430234
wine_quality,mlp_deep,Autoencoder,remove,2,9,0.5288590453221417
