dataset,model,detector,treatment,run,fold,score
connect-4,randomforest,LOF,remove,0,0,0.793709528214616
connect-4,randomforest,LOF,remove,0,1,0.8066604995374653
connect-4,randomforest,LOF,remove,0,2,0.8163737280296022
connect-4,randomforest,LOF,remove,0,3,0.8094357076780758
connect-4,randomforest,LOF,remove,0,4,0.7987974098057354
connect-4,randomforest,LOF,remove,0,5,0.8043478260869565
connect-4,randomforest,LOF,remove,0,6,0.8012953967152441
connect-4,randomforest,LOF,remove,0,7,0.7934304880869766
connect-4,randomforest,LOF,remove,0,8,0.7957436965070552
connect-4,randomforest,LOF,remove,0,9,0.8045338885033542
connect-4,randomforest,LOF,remove,1,0,0.8006475485661425
connect-4,randomforest,LOF,remove,1,1,0.7990286771507863
connect-4,randomforest,LOF,remove,1,2,0.7985661424606846
connect-4,randomforest,LOF,remove,1,3,0.7999537465309898
connect-4,randomforest,LOF,remove,1,4,0.8045790934320074
connect-4,randomforest,LOF,remove,1,5,0.8043478260869565
connect-4,randomforest,LOF,remove,1,6,0.797825584085126
connect-4,randomforest,LOF,remove,1,7,0.8140180430256766
connect-4,randomforest,LOF,remove,1,8,0.8029146426092991
connect-4,randomforest,LOF,remove,1,9,0.8033772842933148
connect-4,randomforest,LOF,remove,2,0,0.809204440333025
connect-4,randomforest,LOF,remove,2,1,0.8031914893617021
connect-4,randomforest,LOF,remove,2,2,0.7960222016651248
connect-4,randomforest,LOF,remove,2,3,0.7932469935245143
connect-4,randomforest,LOF,remove,2,4,0.8156799259944496
connect-4,randomforest,LOF,remove,2,5,0.7969472710453284
connect-4,randomforest,LOF,remove,2,6,0.8006014341892205
connect-4,randomforest,LOF,remove,2,7,0.804765209345362
connect-4,randomforest,LOF,remove,2,8,0.8075410594494564
connect-4,randomforest,LOF,remove,2,9,0.7966689798750868
connect-4,randomforest,Autoencoder,remove,0,0,0.7930157261794635
connect-4,randomforest,Autoencoder,remove,0,1,0.8087419056429233
connect-4,randomforest,Autoencoder,remove,0,2,0.8159111933395005
connect-4,randomforest,Autoencoder,remove,0,3,0.807123034227567
connect-4,randomforest,Autoencoder,remove,0,4,0.7941720629047179
connect-4,randomforest,Autoencoder,remove,0,5,0.8085106382978723
connect-4,randomforest,Autoencoder,remove,0,6,0.8001387925052047
connect-4,randomforest,Autoencoder,remove,0,7,0.7904233171408744
connect-4,randomforest,Autoencoder,remove,0,8,0.7934304880869766
connect-4,randomforest,Autoencoder,remove,0,9,0.8040712468193384
connect-4,randomforest,Autoencoder,remove,1,0,0.8029602220166513
connect-4,randomforest,Autoencoder,remove,1,1,0.7987974098057354
connect-4,randomforest,Autoencoder,remove,1,2,0.8020351526364478
connect-4,randomforest,Autoencoder,remove,1,3,0.7994912118408881
connect-4,randomforest,Autoencoder,remove,1,4,0.8059666975023126
connect-4,randomforest,Autoencoder,remove,1,5,0.7969472710453284
connect-4,randomforest,Autoencoder,remove,1,6,0.7999074716631969
connect-4,randomforest,Autoencoder,remove,1,7,0.8098542678695351
connect-4,randomforest,Autoencoder,remove,1,8,0.8040712468193384
connect-4,randomforest,Autoencoder,remove,1,9,0.8012953967152441
connect-4,randomforest,Autoencoder,remove,2,0,0.8101295097132285
connect-4,randomforest,Autoencoder,remove,2,1,0.8027289546716003
connect-4,randomforest,Autoencoder,remove,2,2,0.7913968547641073
connect-4,randomforest,Autoencoder,remove,2,3,0.8041165587419057
connect-4,randomforest,Autoencoder,remove,2,4,0.8163737280296022
connect-4,randomforest,Autoencoder,remove,2,5,0.7918593894542091
connect-4,randomforest,Autoencoder,remove,2,6,0.7999074716631969
connect-4,randomforest,Autoencoder,remove,2,7,0.8080037011334721
connect-4,randomforest,Autoencoder,remove,2,8,0.8091603053435115
connect-4,randomforest,Autoencoder,remove,2,9,0.7943557714550081
credit-g,randomforest,None,remove,0,0,0.625
credit-g,randomforest,None,remove,0,1,0.6875
credit-g,randomforest,None,remove,0,2,0.765625
credit-g,randomforest,None,remove,0,3,0.625
credit-g,randomforest,None,remove,0,4,0.78125
credit-g,randomforest,None,remove,0,5,0.609375
credit-g,randomforest,None,remove,0,6,0.6875
credit-g,randomforest,None,remove,0,7,0.78125
credit-g,randomforest,None,remove,0,8,0.65625
credit-g,randomforest,None,remove,0,9,0.671875
credit-g,randomforest,None,remove,1,0,0.703125
credit-g,randomforest,None,remove,1,1,0.6875
credit-g,randomforest,None,remove,1,2,0.75
credit-g,randomforest,None,remove,1,3,0.765625
credit-g,randomforest,None,remove,1,4,0.609375
credit-g,randomforest,None,remove,1,5,0.78125
credit-g,randomforest,None,remove,1,6,0.671875
credit-g,randomforest,None,remove,1,7,0.75
credit-g,randomforest,None,remove,1,8,0.734375
credit-g,randomforest,None,remove,1,9,0.484375
credit-g,randomforest,None,remove,2,0,0.765625
credit-g,randomforest,None,remove,2,1,0.5
credit-g,randomforest,None,remove,2,2,0.640625
credit-g,randomforest,None,remove,2,3,0.75
credit-g,randomforest,None,remove,2,4,0.796875
credit-g,randomforest,None,remove,2,5,0.609375
credit-g,randomforest,None,remove,2,6,0.765625
credit-g,randomforest,None,remove,2,7,0.765625
credit-g,randomforest,None,remove,2,8,0.828125
credit-g,randomforest,None,remove,2,9,0.671875
credit-g,randomforest,ZScore,remove,0,0,0.65625
credit-g,randomforest,ZScore,remove,0,1,0.734375
credit-g,randomforest,ZScore,remove,0,2,0.78125
credit-g,randomforest,ZScore,remove,0,3,0.640625
credit-g,randomforest,ZScore,remove,0,4,0.734375
credit-g,randomforest,ZScore,remove,0,5,0.671875
credit-g,randomforest,ZScore,remove,0,6,0.703125
credit-g,randomforest,ZScore,remove,0,7,0.75
credit-g,randomforest,ZScore,remove,0,8,0.625
credit-g,randomforest,ZScore,remove,0,9,0.65625
credit-g,randomforest,ZScore,remove,1,0,0.71875
credit-g,randomforest,ZScore,remove,1,1,0.671875
credit-g,randomforest,ZScore,remove,1,2,0.703125
credit-g,randomforest,ZScore,remove,1,3,0.75
credit-g,randomforest,ZScore,remove,1,4,0.6875
credit-g,randomforest,ZScore,remove,1,5,0.796875
credit-g,randomforest,ZScore,remove,1,6,0.65625
credit-g,randomforest,ZScore,remove,1,7,0.65625
credit-g,randomforest,ZScore,remove,1,8,0.6875
credit-g,randomforest,ZScore,remove,1,9,0.6875
credit-g,randomforest,ZScore,remove,2,0,0.734375
credit-g,randomforest,ZScore,remove,2,1,0.5
credit-g,randomforest,ZScore,remove,2,2,0.609375
credit-g,randomforest,ZScore,remove,2,3,0.734375
credit-g,randomforest,ZScore,remove,2,4,0.78125
credit-g,randomforest,ZScore,remove,2,5,0.640625
credit-g,randomforest,ZScore,remove,2,6,0.78125
credit-g,randomforest,ZScore,remove,2,7,0.71875
credit-g,randomforest,ZScore,remove,2,8,0.75
credit-g,randomforest,ZScore,remove,2,9,0.671875
credit-g,randomforest,ZScore,clip,0,0,0.625
credit-g,randomforest,ZScore,clip,0,1,0.6875
credit-g,randomforest,ZScore,clip,0,2,0.78125
credit-g,randomforest,ZScore,clip,0,3,0.625
credit-g,randomforest,ZScore,clip,0,4,0.765625
credit-g,randomforest,ZScore,clip,0,5,0.609375
credit-g,randomforest,ZScore,clip,0,6,0.6875
credit-g,randomforest,ZScore,clip,0,7,0.78125
credit-g,randomforest,ZScore,clip,0,8,0.65625
credit-g,randomforest,ZScore,clip,0,9,0.671875
credit-g,randomforest,ZScore,clip,1,0,0.703125
credit-g,randomforest,ZScore,clip,1,1,0.6875
credit-g,randomforest,ZScore,clip,1,2,0.75
credit-g,randomforest,ZScore,clip,1,3,0.765625
credit-g,randomforest,ZScore,clip,1,4,0.609375
credit-g,randomforest,ZScore,clip,1,5,0.78125
credit-g,randomforest,ZScore,clip,1,6,0.671875
credit-g,randomforest,ZScore,clip,1,7,0.75
credit-g,randomforest,ZScore,clip,1,8,0.734375
credit-g,randomforest,ZScore,clip,1,9,0.484375
credit-g,randomforest,ZScore,clip,2,0,0.765625
credit-g,randomforest,ZScore,clip,2,1,0.5
credit-g,randomforest,ZScore,clip,2,2,0.640625
credit-g,randomforest,ZScore,clip,2,3,0.734375
credit-g,randomforest,ZScore,clip,2,4,0.796875
credit-g,randomforest,ZScore,clip,2,5,0.609375
credit-g,randomforest,ZScore,clip,2,6,0.765625
credit-g,randomforest,ZScore,clip,2,7,0.765625
credit-g,randomforest,ZScore,clip,2,8,0.828125
credit-g,randomforest,ZScore,clip,2,9,0.671875
credit-g,randomforest,Percentile,remove,0,0,0.578125
credit-g,randomforest,Percentile,remove,0,1,0.6875
credit-g,randomforest,Percentile,remove,0,2,0.796875
credit-g,randomforest,Percentile,remove,0,3,0.609375
credit-g,randomforest,Percentile,remove,0,4,0.671875
credit-g,randomforest,Percentile,remove,0,5,0.6875
credit-g,randomforest,Percentile,remove,0,6,0.71875
credit-g,randomforest,Percentile,remove,0,7,0.703125
credit-g,randomforest,Percentile,remove,0,8,0.703125
credit-g,randomforest,Percentile,remove,0,9,0.703125
credit-g,randomforest,Percentile,remove,1,0,0.6875
credit-g,randomforest,Percentile,remove,1,1,0.71875
credit-g,randomforest,Percentile,remove,1,2,0.6875
credit-g,randomforest,Percentile,remove,1,3,0.734375
credit-g,randomforest,Percentile,remove,1,4,0.59375
credit-g,randomforest,Percentile,remove,1,5,0.859375
credit-g,randomforest,Percentile,remove,1,6,0.6875
credit-g,randomforest,Percentile,remove,1,7,0.734375
credit-g,randomforest,Percentile,remove,1,8,0.609375
credit-g,randomforest,Percentile,remove,1,9,0.5
credit-g,randomforest,Percentile,remove,2,0,0.703125
credit-g,randomforest,Percentile,remove,2,1,0.59375
credit-g,randomforest,Percentile,remove,2,2,0.640625
credit-g,randomforest,Percentile,remove,2,3,0.703125
credit-g,randomforest,Percentile,remove,2,4,0.734375
credit-g,randomforest,Percentile,remove,2,5,0.671875
credit-g,randomforest,Percentile,remove,2,6,0.78125
credit-g,randomforest,Percentile,remove,2,7,0.6875
credit-g,randomforest,Percentile,remove,2,8,0.78125
credit-g,randomforest,Percentile,remove,2,9,0.65625
credit-g,randomforest,Percentile,clip,0,0,0.6875
credit-g,randomforest,Percentile,clip,0,1,0.71875
credit-g,randomforest,Percentile,clip,0,2,0.734375
credit-g,randomforest,Percentile,clip,0,3,0.671875
credit-g,randomforest,Percentile,clip,0,4,0.71875
credit-g,randomforest,Percentile,clip,0,5,0.640625
credit-g,randomforest,Percentile,clip,0,6,0.75
credit-g,randomforest,Percentile,clip,0,7,0.6875
credit-g,randomforest,Percentile,clip,0,8,0.671875
credit-g,randomforest,Percentile,clip,0,9,0.625
credit-g,randomforest,Percentile,clip,1,0,0.71875
credit-g,randomforest,Percentile,clip,1,1,0.65625
credit-g,randomforest,Percentile,clip,1,2,0.671875
credit-g,randomforest,Percentile,clip,1,3,0.78125
credit-g,randomforest,Percentile,clip,1,4,0.671875
credit-g,randomforest,Percentile,clip,1,5,0.84375
credit-g,randomforest,Percentile,clip,1,6,0.6875
credit-g,randomforest,Percentile,clip,1,7,0.734375
credit-g,randomforest,Percentile,clip,1,8,0.6875
credit-g,randomforest,Percentile,clip,1,9,0.5625
credit-g,randomforest,Percentile,clip,2,0,0.734375
credit-g,randomforest,Percentile,clip,2,1,0.515625
credit-g,randomforest,Percentile,clip,2,2,0.671875
credit-g,randomforest,Percentile,clip,2,3,0.75
credit-g,randomforest,Percentile,clip,2,4,0.78125
credit-g,randomforest,Percentile,clip,2,5,0.671875
credit-g,randomforest,Percentile,clip,2,6,0.78125
credit-g,randomforest,Percentile,clip,2,7,0.71875
credit-g,randomforest,Percentile,clip,2,8,0.78125
credit-g,randomforest,Percentile,clip,2,9,0.65625
credit-g,randomforest,IsolationForest,remove,0,0,0.6875
credit-g,randomforest,IsolationForest,remove,0,1,0.71875
credit-g,randomforest,IsolationForest,remove,0,2,0.671875
credit-g,randomforest,IsolationForest,remove,0,3,0.609375
credit-g,randomforest,IsolationForest,remove,0,4,0.703125
credit-g,randomforest,IsolationForest,remove,0,5,0.6875
credit-g,randomforest,IsolationForest,remove,0,6,0.65625
credit-g,randomforest,IsolationForest,remove,0,7,0.703125
credit-g,randomforest,IsolationForest,remove,0,8,0.703125
credit-g,randomforest,IsolationForest,remove,0,9,0.71875
credit-g,randomforest,IsolationForest,remove,1,0,0.703125
credit-g,randomforest,IsolationForest,remove,1,1,0.6875
credit-g,randomforest,IsolationForest,remove,1,2,0.640625
credit-g,randomforest,IsolationForest,remove,1,3,0.796875
credit-g,randomforest,IsolationForest,remove,1,4,0.6875
credit-g,randomforest,IsolationForest,remove,1,5,0.8125
credit-g,randomforest,IsolationForest,remove,1,6,0.671875
credit-g,randomforest,IsolationForest,remove,1,7,0.734375
credit-g,randomforest,IsolationForest,remove,1,8,0.6875
credit-g,randomforest,IsolationForest,remove,1,9,0.5625
credit-g,randomforest,IsolationForest,remove,2,0,0.75
credit-g,randomforest,IsolationForest,remove,2,1,0.578125
credit-g,randomforest,IsolationForest,remove,2,2,0.65625
credit-g,randomforest,IsolationForest,remove,2,3,0.703125
credit-g,randomforest,IsolationForest,remove,2,4,0.765625
credit-g,randomforest,IsolationForest,remove,2,5,0.640625
credit-g,randomforest,IsolationForest,remove,2,6,0.796875
credit-g,randomforest,IsolationForest,remove,2,7,0.734375
credit-g,randomforest,IsolationForest,remove,2,8,0.703125
credit-g,randomforest,IsolationForest,remove,2,9,0.6875
credit-g,randomforest,LOF,remove,0,0,0.65625
credit-g,randomforest,LOF,remove,0,1,0.78125
credit-g,randomforest,LOF,remove,0,2,0.734375
credit-g,randomforest,LOF,remove,0,3,0.6875
credit-g,randomforest,LOF,remove,0,4,0.734375
credit-g,randomforest,LOF,remove,0,5,0.671875
credit-g,randomforest,LOF,remove,0,6,0.71875
credit-g,randomforest,LOF,remove,0,7,0.75
credit-g,randomforest,LOF,remove,0,8,0.671875
credit-g,randomforest,LOF,remove,0,9,0.640625
credit-g,randomforest,LOF,remove,1,0,0.703125
credit-g,randomforest,LOF,remove,1,1,0.6875
credit-g,randomforest,LOF,remove,1,2,0.703125
credit-g,randomforest,LOF,remove,1,3,0.703125
credit-g,randomforest,LOF,remove,1,4,0.65625
credit-g,randomforest,LOF,remove,1,5,0.78125
credit-g,randomforest,LOF,remove,1,6,0.671875
credit-g,randomforest,LOF,remove,1,7,0.71875
credit-g,randomforest,LOF,remove,1,8,0.703125
credit-g,randomforest,LOF,remove,1,9,0.5
credit-g,randomforest,LOF,remove,2,0,0.734375
credit-g,randomforest,LOF,remove,2,1,0.46875
credit-g,randomforest,LOF,remove,2,2,0.625
credit-g,randomforest,LOF,remove,2,3,0.75
credit-g,randomforest,LOF,remove,2,4,0.78125
credit-g,randomforest,LOF,remove,2,5,0.59375
credit-g,randomforest,LOF,remove,2,6,0.8125
credit-g,randomforest,LOF,remove,2,7,0.75
credit-g,randomforest,LOF,remove,2,8,0.71875
credit-g,randomforest,LOF,remove,2,9,0.703125
credit-g,randomforest,Autoencoder,remove,0,0,0.671875
credit-g,randomforest,Autoencoder,remove,0,1,0.71875
credit-g,randomforest,Autoencoder,remove,0,2,0.734375
credit-g,randomforest,Autoencoder,remove,0,3,0.640625
credit-g,randomforest,Autoencoder,remove,0,4,0.765625
credit-g,randomforest,Autoencoder,remove,0,5,0.75
credit-g,randomforest,Autoencoder,remove,0,6,0.71875
credit-g,randomforest,Autoencoder,remove,0,7,0.71875
credit-g,randomforest,Autoencoder,remove,0,8,0.6875
credit-g,randomforest,Autoencoder,remove,0,9,0.65625
credit-g,randomforest,Autoencoder,remove,1,0,0.71875
credit-g,randomforest,Autoencoder,remove,1,1,0.65625
credit-g,randomforest,Autoencoder,remove,1,2,0.734375
credit-g,randomforest,Autoencoder,remove,1,3,0.6875
credit-g,randomforest,Autoencoder,remove,1,4,0.65625
credit-g,randomforest,Autoencoder,remove,1,5,0.859375
credit-g,randomforest,Autoencoder,remove,1,6,0.734375
credit-g,randomforest,Autoencoder,remove,1,7,0.671875
credit-g,randomforest,Autoencoder,remove,1,8,0.71875
credit-g,randomforest,Autoencoder,remove,1,9,0.625
credit-g,randomforest,Autoencoder,remove,2,0,0.765625
credit-g,randomforest,Autoencoder,remove,2,1,0.5
credit-g,randomforest,Autoencoder,remove,2,2,0.671875
credit-g,randomforest,Autoencoder,remove,2,3,0.78125
credit-g,randomforest,Autoencoder,remove,2,4,0.734375
credit-g,randomforest,Autoencoder,remove,2,5,0.640625
credit-g,randomforest,Autoencoder,remove,2,6,0.78125
credit-g,randomforest,Autoencoder,remove,2,7,0.734375
credit-g,randomforest,Autoencoder,remove,2,8,0.75
credit-g,randomforest,Autoencoder,remove,2,9,0.625
elevators,mlp,None,remove,0,0,0.015036477513340142
elevators,mlp,None,remove,0,1,0.001189885834565657
elevators,mlp,None,remove,0,2,0.0012143097854882105
elevators,mlp,None,remove,0,3,0.0005385478526303775
elevators,mlp,None,remove,0,4,0.002219433898863374
elevators,mlp,None,remove,0,5,0.0021124826335885576
elevators,mlp,None,remove,0,6,0.0008121560733635283
elevators,mlp,None,remove,0,7,0.0014354708659558536
elevators,mlp,None,remove,0,8,0.0009328522528881955
elevators,mlp,None,remove,0,9,0.001004576992096395
elevators,mlp,None,remove,1,0,0.0005794029980788612
elevators,mlp,None,remove,1,1,0.0013013203888610069
elevators,mlp,None,remove,1,2,0.0012483622044773344
elevators,mlp,None,remove,1,3,0.0008125287047057235
elevators,mlp,None,remove,1,4,0.009985521756169539
elevators,mlp,None,remove,1,5,0.0015233984484581465
elevators,mlp,None,remove,1,6,0.0009410982617922193
elevators,mlp,None,remove,1,7,0.0012971873813153272
elevators,mlp,None,remove,1,8,0.0011305638285197216
elevators,mlp,None,remove,1,9,0.0011971743349599815
elevators,mlp,None,remove,2,0,0.001363444737586988
elevators,mlp,None,remove,2,1,0.0013573983656202356
elevators,mlp,None,remove,2,2,0.0031509091423937074
elevators,mlp,None,remove,2,3,0.0008555829264855858
elevators,mlp,None,remove,2,4,0.0027629945412883513
elevators,mlp,None,remove,2,5,0.0013229615237599925
elevators,mlp,None,remove,2,6,0.0008776868998608947
elevators,mlp,None,remove,2,7,0.012811771857079605
elevators,mlp,None,remove,2,8,0.0006992406691714035
elevators,mlp,None,remove,2,9,0.0017481811173945695
elevators,mlp,ZScore,remove,0,0,0.0019681460262122004
elevators,mlp,ZScore,remove,0,1,0.0018686743494649705
elevators,mlp,ZScore,remove,0,2,0.0015411604607376771
elevators,mlp,ZScore,remove,0,3,0.0017347899553965867
elevators,mlp,ZScore,remove,0,4,0.0019256313847497686
elevators,mlp,ZScore,remove,0,5,0.0018275093837691405
elevators,mlp,ZScore,remove,0,6,0.002616572205971672
elevators,mlp,ZScore,remove,0,7,0.0021550751322275364
elevators,mlp,ZScore,remove,0,8,0.0015945213884084191
elevators,mlp,ZScore,remove,0,9,0.0018352888537094532
elevators,mlp,ZScore,remove,1,0,0.0014886580750187674
elevators,mlp,ZScore,remove,1,1,0.0022390636184217967
elevators,mlp,ZScore,remove,1,2,0.0018816781703119836
elevators,mlp,ZScore,remove,1,3,0.001203030453705645
elevators,mlp,ZScore,remove,1,4,0.0013143664220795375
elevators,mlp,ZScore,remove,1,5,0.004890410365048804
elevators,mlp,ZScore,remove,1,6,0.001467860966852808
elevators,mlp,ZScore,remove,1,7,0.002203701574001933
elevators,mlp,ZScore,remove,1,8,0.0018399880831579962
elevators,mlp,ZScore,remove,1,9,0.0026269080877088153
elevators,mlp,ZScore,remove,2,0,0.002898803752669033
elevators,mlp,ZScore,remove,2,1,0.0020823403116238303
elevators,mlp,ZScore,remove,2,2,0.0014279811003691594
elevators,mlp,ZScore,remove,2,3,0.002417664544120094
elevators,mlp,ZScore,remove,2,4,0.0020448115365113645
elevators,mlp,ZScore,remove,2,5,0.002097564377402074
elevators,mlp,ZScore,remove,2,6,0.0017065809461751166
elevators,mlp,ZScore,remove,2,7,0.001696314658042267
elevators,mlp,ZScore,remove,2,8,0.0013588743486121
elevators,mlp,ZScore,remove,2,9,0.003140285928103582
elevators,mlp,ZScore,clip,0,0,0.009320192349618376
elevators,mlp,ZScore,clip,0,1,0.0008642788011738437
elevators,mlp,ZScore,clip,0,2,0.001281617949477978
elevators,mlp,ZScore,clip,0,3,0.001085805942936722
elevators,mlp,ZScore,clip,0,4,0.001738111579072124
elevators,mlp,ZScore,clip,0,5,0.002228673662329133
elevators,mlp,ZScore,clip,0,6,0.0010765942538313938
elevators,mlp,ZScore,clip,0,7,0.0013702681225903034
elevators,mlp,ZScore,clip,0,8,0.0006034780319663514
elevators,mlp,ZScore,clip,0,9,0.000982851620685432
elevators,mlp,ZScore,clip,1,0,0.0009175143707581147
elevators,mlp,ZScore,clip,1,1,0.001592065608553383
elevators,mlp,ZScore,clip,1,2,0.0012381506789501545
elevators,mlp,ZScore,clip,1,3,0.00149515512236131
elevators,mlp,ZScore,clip,1,4,0.01183124979122938
elevators,mlp,ZScore,clip,1,5,0.00299743655667548
elevators,mlp,ZScore,clip,1,6,0.0009770333836821063
elevators,mlp,ZScore,clip,1,7,0.031437276987602354
elevators,mlp,ZScore,clip,1,8,0.0011400030085915403
elevators,mlp,ZScore,clip,1,9,0.0013079277320288219
elevators,mlp,ZScore,clip,2,0,0.0012404829759206034
elevators,mlp,ZScore,clip,2,1,0.0013160237153632159
elevators,mlp,ZScore,clip,2,2,0.0004848498603757458
elevators,mlp,ZScore,clip,2,3,0.0011921074115620372
elevators,mlp,ZScore,clip,2,4,0.001157254047916039
elevators,mlp,ZScore,clip,2,5,0.001345336024162949
elevators,mlp,ZScore,clip,2,6,0.001206946472241697
elevators,mlp,ZScore,clip,2,7,0.0035925167267736044
elevators,mlp,ZScore,clip,2,8,0.0012504909565522596
elevators,mlp,ZScore,clip,2,9,0.00169237340765135
elevators,mlp,Percentile,remove,0,0,0.005466136701760941
elevators,mlp,Percentile,remove,0,1,0.004780242150496681
elevators,mlp,Percentile,remove,0,2,0.005231500268791088
elevators,mlp,Percentile,remove,0,3,0.004098078385642095
elevators,mlp,Percentile,remove,0,4,0.006811298963333461
elevators,mlp,Percentile,remove,0,5,0.007234724150113365
elevators,mlp,Percentile,remove,0,6,0.006529421903621233
elevators,mlp,Percentile,remove,0,7,0.007878812023269078
elevators,mlp,Percentile,remove,0,8,0.004923691225644309
elevators,mlp,Percentile,remove,0,9,0.005361538808561221
elevators,mlp,Percentile,remove,1,0,0.006530635799931996
elevators,mlp,Percentile,remove,1,1,0.007392311441582072
elevators,mlp,Percentile,remove,1,2,0.005851911470993248
elevators,mlp,Percentile,remove,1,3,0.003957830555858175
elevators,mlp,Percentile,remove,1,4,0.003267487257693
elevators,mlp,Percentile,remove,1,5,0.01099138361304364
elevators,mlp,Percentile,remove,1,6,0.0033180924612642507
elevators,mlp,Percentile,remove,1,7,0.005354810667910741
elevators,mlp,Percentile,remove,1,8,0.003791794240385395
elevators,mlp,Percentile,remove,1,9,0.00614590700494669
elevators,mlp,Percentile,remove,2,0,0.0065662595959567775
elevators,mlp,Percentile,remove,2,1,0.005960349349713007
elevators,mlp,Percentile,remove,2,2,0.003809696560790747
elevators,mlp,Percentile,remove,2,3,0.007471205569203363
elevators,mlp,Percentile,remove,2,4,0.00519437216620842
elevators,mlp,Percentile,remove,2,5,0.007106152656990799
elevators,mlp,Percentile,remove,2,6,0.004875354219993252
elevators,mlp,Percentile,remove,2,7,0.0034493381627914107
elevators,mlp,Percentile,remove,2,8,0.00417693943113939
elevators,mlp,Percentile,remove,2,9,0.006758497887597831
elevators,mlp,Percentile,clip,0,0,0.0008722174543609106
elevators,mlp,Percentile,clip,0,1,0.000758188173086114
elevators,mlp,Percentile,clip,0,2,0.0010420004288387691
elevators,mlp,Percentile,clip,0,3,0.0007418692043562172
elevators,mlp,Percentile,clip,0,4,0.0010274334678018586
elevators,mlp,Percentile,clip,0,5,0.0011518309067046087
elevators,mlp,Percentile,clip,0,6,0.0005852733872312514
elevators,mlp,Percentile,clip,0,7,0.0011847289826884694
elevators,mlp,Percentile,clip,0,8,0.0010024175065914502
elevators,mlp,Percentile,clip,0,9,0.0006100616330145895
elevators,mlp,Percentile,clip,1,0,0.0009661716792936652
elevators,mlp,Percentile,clip,1,1,0.0009190124447681316
elevators,mlp,Percentile,clip,1,2,0.0010342242408710944
elevators,mlp,Percentile,clip,1,3,0.0005781763484962109
elevators,mlp,Percentile,clip,1,4,0.0007080013572461298
elevators,mlp,Percentile,clip,1,5,0.001119545108847572
elevators,mlp,Percentile,clip,1,6,0.000750089618376706
elevators,mlp,Percentile,clip,1,7,0.0008769812654920244
elevators,mlp,Percentile,clip,1,8,0.0008007162221955998
elevators,mlp,Percentile,clip,1,9,0.001014985328949073
elevators,mlp,Percentile,clip,2,0,0.0012323772813645454
elevators,mlp,Percentile,clip,2,1,0.0012045960410811485
elevators,mlp,Percentile,clip,2,2,0.0007637238055692555
elevators,mlp,Percentile,clip,2,3,0.001010139209900327
elevators,mlp,Percentile,clip,2,4,0.0010151216785119945
elevators,mlp,Percentile,clip,2,5,0.0011880549853293888
elevators,mlp,Percentile,clip,2,6,0.001041895780949006
elevators,mlp,Percentile,clip,2,7,0.0006286489214092913
elevators,mlp,Percentile,clip,2,8,0.0007080050781304082
elevators,mlp,Percentile,clip,2,9,0.0013233496787543408
elevators,mlp,IsolationForest,remove,0,0,0.0099140950565398
elevators,mlp,IsolationForest,remove,0,1,0.0010312408731914862
elevators,mlp,IsolationForest,remove,0,2,0.0013239627902190986
elevators,mlp,IsolationForest,remove,0,3,0.0011280875049703063
elevators,mlp,IsolationForest,remove,0,4,0.001454574409284725
elevators,mlp,IsolationForest,remove,0,5,0.0013048772598227224
elevators,mlp,IsolationForest,remove,0,6,0.0009128146865313712
elevators,mlp,IsolationForest,remove,0,7,0.001648251297346701
elevators,mlp,IsolationForest,remove,0,8,0.0013455705302629583
elevators,mlp,IsolationForest,remove,0,9,0.0006862406107257519
elevators,mlp,IsolationForest,remove,1,0,0.001191078557996978
elevators,mlp,IsolationForest,remove,1,1,0.0007726370257283302
elevators,mlp,IsolationForest,remove,1,2,0.0013180262684801193
elevators,mlp,IsolationForest,remove,1,3,0.001062146914697826
elevators,mlp,IsolationForest,remove,1,4,0.0008653707857377576
elevators,mlp,IsolationForest,remove,1,5,0.08238576809016808
elevators,mlp,IsolationForest,remove,1,6,0.0012571213876512231
elevators,mlp,IsolationForest,remove,1,7,0.0014135703529512484
elevators,mlp,IsolationForest,remove,1,8,0.0010248358077609983
elevators,mlp,IsolationForest,remove,1,9,0.0015167025058760546
elevators,mlp,IsolationForest,remove,2,0,0.0015746997838267055
elevators,mlp,IsolationForest,remove,2,1,0.0015616731030160015
elevators,mlp,IsolationForest,remove,2,2,0.0020689663821778243
elevators,mlp,IsolationForest,remove,2,3,0.0014075102375156483
elevators,mlp,IsolationForest,remove,2,4,0.0014025193275327274
elevators,mlp,IsolationForest,remove,2,5,0.0014829633972404464
elevators,mlp,IsolationForest,remove,2,6,0.0016521601619796462
elevators,mlp,IsolationForest,remove,2,7,0.0015639214691047381
elevators,mlp,IsolationForest,remove,2,8,0.0005384157476464364
elevators,mlp,IsolationForest,remove,2,9,0.0017942704887607512
elevators,mlp,LOF,remove,0,0,0.004699638361515866
elevators,mlp,LOF,remove,0,1,0.0014624453997580179
elevators,mlp,LOF,remove,0,2,0.0012997841076279972
elevators,mlp,LOF,remove,0,3,0.0011256336707885794
elevators,mlp,LOF,remove,0,4,0.0014483700939914657
elevators,mlp,LOF,remove,0,5,0.0028867645127403706
elevators,mlp,LOF,remove,0,6,0.0016234298616850545
elevators,mlp,LOF,remove,0,7,0.0011161684737320023
elevators,mlp,LOF,remove,0,8,0.000814503258002307
elevators,mlp,LOF,remove,0,9,0.0022375061728548036
elevators,mlp,LOF,remove,1,0,0.0008593639237010401
elevators,mlp,LOF,remove,1,1,0.001728155316131486
elevators,mlp,LOF,remove,1,2,0.0013491990576871818
elevators,mlp,LOF,remove,1,3,0.00294190378384638
elevators,mlp,LOF,remove,1,4,0.0016407659838437532
elevators,mlp,LOF,remove,1,5,0.001564931895121435
elevators,mlp,LOF,remove,1,6,0.0013159913515187575
elevators,mlp,LOF,remove,1,7,0.006923902002909954
elevators,mlp,LOF,remove,1,8,0.001626164427145905
elevators,mlp,LOF,remove,1,9,0.0013841811564170978
elevators,mlp,LOF,remove,2,0,0.0015210365612249158
elevators,mlp,LOF,remove,2,1,0.001385019824268429
elevators,mlp,LOF,remove,2,2,0.0008642314966552328
elevators,mlp,LOF,remove,2,3,0.0007729195971453306
elevators,mlp,LOF,remove,2,4,0.0020545452188728513
elevators,mlp,LOF,remove,2,5,0.0016500734264156985
elevators,mlp,LOF,remove,2,6,0.0008220380452976065
elevators,mlp,LOF,remove,2,7,0.0009678549064643355
elevators,mlp,LOF,remove,2,8,0.0013604113240726823
elevators,mlp,LOF,remove,2,9,0.0024846916642651752
elevators,mlp,Autoencoder,remove,0,0,0.010140358054408822
elevators,mlp,Autoencoder,remove,0,1,0.0009026684676665633
elevators,mlp,Autoencoder,remove,0,2,0.0012052604399630945
elevators,mlp,Autoencoder,remove,0,3,0.0009936173608312135
elevators,mlp,Autoencoder,remove,0,4,0.0006836708054562966
elevators,mlp,Autoencoder,remove,0,5,0.0017148813416802975
elevators,mlp,Autoencoder,remove,0,6,0.0008233233087784011
elevators,mlp,Autoencoder,remove,0,7,0.0015848381612665395
elevators,mlp,Autoencoder,remove,0,8,0.000936124520403469
elevators,mlp,Autoencoder,remove,0,9,0.001153675146178649
elevators,mlp,Autoencoder,remove,1,0,0.0007106066695171146
elevators,mlp,Autoencoder,remove,1,1,0.001283035456622467
elevators,mlp,Autoencoder,remove,1,2,0.0013175026353641221
elevators,mlp,Autoencoder,remove,1,3,0.0020728448677678197
elevators,mlp,Autoencoder,remove,1,4,0.0010453548453854497
elevators,mlp,Autoencoder,remove,1,5,0.0024819770358245775
elevators,mlp,Autoencoder,remove,1,6,0.001014234322370781
elevators,mlp,Autoencoder,remove,1,7,0.001299240594326948
elevators,mlp,Autoencoder,remove,1,8,0.0012002899718028296
elevators,mlp,Autoencoder,remove,1,9,0.0013578642871687554
elevators,mlp,Autoencoder,remove,2,0,0.0015032357662135122
elevators,mlp,Autoencoder,remove,2,1,0.0013580835283745975
elevators,mlp,Autoencoder,remove,2,2,0.0017575860925873397
elevators,mlp,Autoencoder,remove,2,3,0.001183423994006455
elevators,mlp,Autoencoder,remove,2,4,0.0016977021069293826
elevators,mlp,Autoencoder,remove,2,5,0.001406583100997804
elevators,mlp,Autoencoder,remove,2,6,0.0008695866645110507
elevators,mlp,Autoencoder,remove,2,7,0.008267353500978862
elevators,mlp,Autoencoder,remove,2,8,0.0009258511567920253
elevators,mlp,Autoencoder,remove,2,9,0.0019350518705684506
elevators,xgboost,None,remove,0,0,5.782746260301654e-06
elevators,xgboost,None,remove,0,1,5.170967117681145e-06
elevators,xgboost,None,remove,0,2,5.424614819026367e-06
elevators,xgboost,None,remove,0,3,5.164467716613688e-06
elevators,xgboost,None,remove,0,4,6.000276683362097e-06
elevators,xgboost,None,remove,0,5,6.0369432386612025e-06
elevators,xgboost,None,remove,0,6,6.142175410220932e-06
elevators,xgboost,None,remove,0,7,6.318385749642096e-06
elevators,xgboost,None,remove,0,8,5.610549268997822e-06
elevators,xgboost,None,remove,0,9,5.979543936757469e-06
elevators,xgboost,None,remove,1,0,5.372513691857744e-06
elevators,xgboost,None,remove,1,1,5.942152625549894e-06
elevators,xgboost,None,remove,1,2,6.1762832557502454e-06
elevators,xgboost,None,remove,1,3,5.595776860457368e-06
elevators,xgboost,None,remove,1,4,5.633787283929331e-06
elevators,xgboost,None,remove,1,5,5.2732411177813825e-06
elevators,xgboost,None,remove,1,6,5.7004801368270275e-06
elevators,xgboost,None,remove,1,7,5.826209189602078e-06
elevators,xgboost,None,remove,1,8,5.4673272328657835e-06
elevators,xgboost,None,remove,1,9,5.581045416083667e-06
elevators,xgboost,None,remove,2,0,5.7792628950956305e-06
elevators,xgboost,None,remove,2,1,5.688254221605329e-06
elevators,xgboost,None,remove,2,2,5.0512951427406615e-06
elevators,xgboost,None,remove,2,3,5.861375886268633e-06
elevators,xgboost,None,remove,2,4,5.240317959043006e-06
elevators,xgboost,None,remove,2,5,6.3513702311002455e-06
elevators,xgboost,None,remove,2,6,6.0179233582647036e-06
elevators,xgboost,None,remove,2,7,5.488039160705569e-06
elevators,xgboost,None,remove,2,8,5.5799912807165675e-06
elevators,xgboost,None,remove,2,9,6.534954654342297e-06
elevators,xgboost,ZScore,remove,0,0,8.668539336201954e-06
elevators,xgboost,ZScore,remove,0,1,7.3477219980714976e-06
elevators,xgboost,ZScore,remove,0,2,6.922463120782939e-06
elevators,xgboost,ZScore,remove,0,3,7.75383900735225e-06
elevators,xgboost,ZScore,remove,0,4,7.704089383468994e-06
elevators,xgboost,ZScore,remove,0,5,6.63794974056834e-06
elevators,xgboost,ZScore,remove,0,6,6.879915424570069e-06
elevators,xgboost,ZScore,remove,0,7,9.367298719911251e-06
elevators,xgboost,ZScore,remove,0,8,7.456390362475007e-06
elevators,xgboost,ZScore,remove,0,9,9.221101049210668e-06
elevators,xgboost,ZScore,remove,1,0,8.491755029846411e-06
elevators,xgboost,ZScore,remove,1,1,8.511212287333974e-06
elevators,xgboost,ZScore,remove,1,2,9.517088597662946e-06
elevators,xgboost,ZScore,remove,1,3,6.964666053222123e-06
elevators,xgboost,ZScore,remove,1,4,7.976129328778577e-06
elevators,xgboost,ZScore,remove,1,5,8.285837281822396e-06
elevators,xgboost,ZScore,remove,1,6,7.160996424335422e-06
elevators,xgboost,ZScore,remove,1,7,7.827510408936607e-06
elevators,xgboost,ZScore,remove,1,8,6.774365593933767e-06
elevators,xgboost,ZScore,remove,1,9,7.024661476214002e-06
elevators,xgboost,ZScore,remove,2,0,7.750385699938847e-06
elevators,xgboost,ZScore,remove,2,1,8.810115061048256e-06
elevators,xgboost,ZScore,remove,2,2,6.882111622022063e-06
elevators,xgboost,ZScore,remove,2,3,8.484482183691257e-06
elevators,xgboost,ZScore,remove,2,4,8.817236087545439e-06
elevators,xgboost,ZScore,remove,2,5,7.578765255680257e-06
elevators,xgboost,ZScore,remove,2,6,7.86895127522374e-06
elevators,xgboost,ZScore,remove,2,7,6.570698083063444e-06
elevators,xgboost,ZScore,remove,2,8,8.38612907605771e-06
elevators,xgboost,ZScore,remove,2,9,8.317717199952183e-06
elevators,xgboost,ZScore,clip,0,0,6.294610296405016e-06
elevators,xgboost,ZScore,clip,0,1,5.537712769500793e-06
elevators,xgboost,ZScore,clip,0,2,5.655984562168976e-06
elevators,xgboost,ZScore,clip,0,3,5.912273639577921e-06
elevators,xgboost,ZScore,clip,0,4,6.5219892781258156e-06
elevators,xgboost,ZScore,clip,0,5,5.837655871536803e-06
elevators,xgboost,ZScore,clip,0,6,6.1480380070611335e-06
elevators,xgboost,ZScore,clip,0,7,6.784468781227564e-06
elevators,xgboost,ZScore,clip,0,8,6.363531695377508e-06
elevators,xgboost,ZScore,clip,0,9,6.743251685801345e-06
elevators,xgboost,ZScore,clip,1,0,6.4748882337636904e-06
elevators,xgboost,ZScore,clip,1,1,6.326030650472319e-06
elevators,xgboost,ZScore,clip,1,2,6.855181906745046e-06
elevators,xgboost,ZScore,clip,1,3,6.022763976461164e-06
elevators,xgboost,ZScore,clip,1,4,5.974351913956403e-06
elevators,xgboost,ZScore,clip,1,5,5.782383115727023e-06
elevators,xgboost,ZScore,clip,1,6,5.820693482939366e-06
elevators,xgboost,ZScore,clip,1,7,6.091828109226486e-06
elevators,xgboost,ZScore,clip,1,8,5.620735539512732e-06
elevators,xgboost,ZScore,clip,1,9,5.495348773761809e-06
elevators,xgboost,ZScore,clip,2,0,6.3832933783480906e-06
elevators,xgboost,ZScore,clip,2,1,6.570511439360268e-06
elevators,xgboost,ZScore,clip,2,2,5.121498069813855e-06
elevators,xgboost,ZScore,clip,2,3,6.341786142392936e-06
elevators,xgboost,ZScore,clip,2,4,5.93586309346731e-06
elevators,xgboost,ZScore,clip,2,5,6.588319302144202e-06
elevators,xgboost,ZScore,clip,2,6,6.236849213100721e-06
elevators,xgboost,ZScore,clip,2,7,5.733411274276042e-06
elevators,xgboost,ZScore,clip,2,8,6.209545125797827e-06
elevators,xgboost,ZScore,clip,2,9,6.472756593766004e-06
elevators,xgboost,Percentile,remove,0,0,1.5480066615808763e-05
elevators,xgboost,Percentile,remove,0,1,1.4702421594498254e-05
elevators,xgboost,Percentile,remove,0,2,1.4281485032847217e-05
elevators,xgboost,Percentile,remove,0,3,1.4331544897033089e-05
elevators,xgboost,Percentile,remove,0,4,1.3586412830620448e-05
elevators,xgboost,Percentile,remove,0,5,1.2848728852866659e-05
elevators,xgboost,Percentile,remove,0,6,1.4038659914698985e-05
elevators,xgboost,Percentile,remove,0,7,1.4425194044574262e-05
elevators,xgboost,Percentile,remove,0,8,1.2187748275637679e-05
elevators,xgboost,Percentile,remove,0,9,1.9244089384647884e-05
elevators,xgboost,Percentile,remove,1,0,1.4344826147752177e-05
elevators,xgboost,Percentile,remove,1,1,1.678815442274645e-05
elevators,xgboost,Percentile,remove,1,2,1.632341293889114e-05
elevators,xgboost,Percentile,remove,1,3,1.3426888969381338e-05
elevators,xgboost,Percentile,remove,1,4,1.5731702122889098e-05
elevators,xgboost,Percentile,remove,1,5,1.4895971106201806e-05
elevators,xgboost,Percentile,remove,1,6,1.3215899217099983e-05
elevators,xgboost,Percentile,remove,1,7,1.5060202553815695e-05
elevators,xgboost,Percentile,remove,1,8,1.318612787188699e-05
elevators,xgboost,Percentile,remove,1,9,1.2963833824725303e-05
elevators,xgboost,Percentile,remove,2,0,1.3474676200841621e-05
elevators,xgboost,Percentile,remove,2,1,1.4148541486588282e-05
elevators,xgboost,Percentile,remove,2,2,1.4258038131510768e-05
elevators,xgboost,Percentile,remove,2,3,1.5132494957725955e-05
elevators,xgboost,Percentile,remove,2,4,1.4555124685219833e-05
elevators,xgboost,Percentile,remove,2,5,1.5979335877726935e-05
elevators,xgboost,Percentile,remove,2,6,1.5470858180132323e-05
elevators,xgboost,Percentile,remove,2,7,1.1554013956082094e-05
elevators,xgboost,Percentile,remove,2,8,1.5402738906463633e-05
elevators,xgboost,Percentile,remove,2,9,1.6495939781946464e-05
elevators,xgboost,Percentile,clip,0,0,8.491865417064714e-06
elevators,xgboost,Percentile,clip,0,1,7.825905352496306e-06
elevators,xgboost,Percentile,clip,0,2,8.39222141693755e-06
elevators,xgboost,Percentile,clip,0,3,8.855088947370105e-06
elevators,xgboost,Percentile,clip,0,4,7.746699801164182e-06
elevators,xgboost,Percentile,clip,0,5,7.613286378564008e-06
elevators,xgboost,Percentile,clip,0,6,7.495254107565622e-06
elevators,xgboost,Percentile,clip,0,7,9.931375967386403e-06
elevators,xgboost,Percentile,clip,0,8,7.931174305569968e-06
elevators,xgboost,Percentile,clip,0,9,8.631079492706531e-06
elevators,xgboost,Percentile,clip,1,0,9.623444432148087e-06
elevators,xgboost,Percentile,clip,1,1,8.643432847251765e-06
elevators,xgboost,Percentile,clip,1,2,9.334936689638652e-06
elevators,xgboost,Percentile,clip,1,3,7.453361264559451e-06
elevators,xgboost,Percentile,clip,1,4,8.389575833387199e-06
elevators,xgboost,Percentile,clip,1,5,8.46970338278362e-06
elevators,xgboost,Percentile,clip,1,6,8.090325677524197e-06
elevators,xgboost,Percentile,clip,1,7,7.983722996697812e-06
elevators,xgboost,Percentile,clip,1,8,7.73658241124635e-06
elevators,xgboost,Percentile,clip,1,9,7.896478845274466e-06
elevators,xgboost,Percentile,clip,2,0,7.374510370049476e-06
elevators,xgboost,Percentile,clip,2,1,8.048596234551292e-06
elevators,xgboost,Percentile,clip,2,2,6.575691268095293e-06
elevators,xgboost,Percentile,clip,2,3,8.307440483094519e-06
elevators,xgboost,Percentile,clip,2,4,8.5931940008067e-06
elevators,xgboost,Percentile,clip,2,5,9.418940363900916e-06
elevators,xgboost,Percentile,clip,2,6,8.128055524995144e-06
elevators,xgboost,Percentile,clip,2,7,7.352931891360925e-06
elevators,xgboost,Percentile,clip,2,8,9.683032939408005e-06
elevators,xgboost,Percentile,clip,2,9,8.100975060638022e-06
elevators,xgboost,IsolationForest,remove,0,0,7.3899032102631195e-06
elevators,xgboost,IsolationForest,remove,0,1,7.767386919287503e-06
elevators,xgboost,IsolationForest,remove,0,2,7.4635780699032064e-06
elevators,xgboost,IsolationForest,remove,0,3,7.838740448267201e-06
elevators,xgboost,IsolationForest,remove,0,4,6.971645710140283e-06
elevators,xgboost,IsolationForest,remove,0,5,6.645159186730174e-06
elevators,xgboost,IsolationForest,remove,0,6,7.374535847653022e-06
elevators,xgboost,IsolationForest,remove,0,7,7.951286269022908e-06
elevators,xgboost,IsolationForest,remove,0,8,8.261368056961737e-06
elevators,xgboost,IsolationForest,remove,0,9,8.742537329845125e-06
elevators,xgboost,IsolationForest,remove,1,0,8.278011150197381e-06
elevators,xgboost,IsolationForest,remove,1,1,8.102068984493237e-06
elevators,xgboost,IsolationForest,remove,1,2,8.762618413036383e-06
elevators,xgboost,IsolationForest,remove,1,3,6.915630640093632e-06
elevators,xgboost,IsolationForest,remove,1,4,8.377761520071709e-06
elevators,xgboost,IsolationForest,remove,1,5,7.846697829062014e-06
elevators,xgboost,IsolationForest,remove,1,6,7.096350741060357e-06
elevators,xgboost,IsolationForest,remove,1,7,7.4368935809901535e-06
elevators,xgboost,IsolationForest,remove,1,8,7.093642365394356e-06
elevators,xgboost,IsolationForest,remove,1,9,6.8014121141902355e-06
elevators,xgboost,IsolationForest,remove,2,0,7.8769129002525e-06
elevators,xgboost,IsolationForest,remove,2,1,7.862332472014851e-06
elevators,xgboost,IsolationForest,remove,2,2,7.0607532236555735e-06
elevators,xgboost,IsolationForest,remove,2,3,8.330172120188633e-06
elevators,xgboost,IsolationForest,remove,2,4,7.739430003665015e-06
elevators,xgboost,IsolationForest,remove,2,5,7.37021482200793e-06
elevators,xgboost,IsolationForest,remove,2,6,7.324257260697889e-06
elevators,xgboost,IsolationForest,remove,2,7,6.559794784324885e-06
elevators,xgboost,IsolationForest,remove,2,8,1.0046684903095628e-05
elevators,xgboost,IsolationForest,remove,2,9,7.374316610038821e-06
elevators,xgboost,LOF,remove,0,0,5.786891379948596e-06
elevators,xgboost,LOF,remove,0,1,5.328274139118173e-06
elevators,xgboost,LOF,remove,0,2,5.766900997520989e-06
elevators,xgboost,LOF,remove,0,3,5.289822539795564e-06
elevators,xgboost,LOF,remove,0,4,6.3405741532349446e-06
elevators,xgboost,LOF,remove,0,5,6.2149579473335495e-06
elevators,xgboost,LOF,remove,0,6,5.874289780706538e-06
elevators,xgboost,LOF,remove,0,7,6.852862367710875e-06
elevators,xgboost,LOF,remove,0,8,6.075810568734401e-06
elevators,xgboost,LOF,remove,0,9,5.742754190122735e-06
elevators,xgboost,LOF,remove,1,0,6.124405106212725e-06
elevators,xgboost,LOF,remove,1,1,6.138848441058415e-06
elevators,xgboost,LOF,remove,1,2,6.87872368750417e-06
elevators,xgboost,LOF,remove,1,3,6.111142927519189e-06
elevators,xgboost,LOF,remove,1,4,5.284161481695985e-06
elevators,xgboost,LOF,remove,1,5,5.671894039461825e-06
elevators,xgboost,LOF,remove,1,6,5.502135603804238e-06
elevators,xgboost,LOF,remove,1,7,6.166465492144671e-06
elevators,xgboost,LOF,remove,1,8,5.450386795561729e-06
elevators,xgboost,LOF,remove,1,9,5.836151146177218e-06
elevators,xgboost,LOF,remove,2,0,5.813661033652229e-06
elevators,xgboost,LOF,remove,2,1,5.907490655418805e-06
elevators,xgboost,LOF,remove,2,2,5.308489026665864e-06
elevators,xgboost,LOF,remove,2,3,6.145260989128398e-06
elevators,xgboost,LOF,remove,2,4,5.726681493691484e-06
elevators,xgboost,LOF,remove,2,5,5.777142137599908e-06
elevators,xgboost,LOF,remove,2,6,5.9872370103067244e-06
elevators,xgboost,LOF,remove,2,7,6.674833790044594e-06
elevators,xgboost,LOF,remove,2,8,5.566586264628473e-06
elevators,xgboost,LOF,remove,2,9,6.444970879987634e-06
elevators,xgboost,Autoencoder,remove,0,0,5.792225163954915e-06
elevators,xgboost,Autoencoder,remove,0,1,5.264119793122028e-06
elevators,xgboost,Autoencoder,remove,0,2,5.6239007448813156e-06
elevators,xgboost,Autoencoder,remove,0,3,5.515278786501092e-06
elevators,xgboost,Autoencoder,remove,0,4,6.2989116298523605e-06
elevators,xgboost,Autoencoder,remove,0,5,5.571059320850356e-06
elevators,xgboost,Autoencoder,remove,0,6,5.721413003405516e-06
elevators,xgboost,Autoencoder,remove,0,7,6.5267523893978445e-06
elevators,xgboost,Autoencoder,remove,0,8,5.685892083029677e-06
elevators,xgboost,Autoencoder,remove,0,9,5.644122803116835e-06
elevators,xgboost,Autoencoder,remove,1,0,5.713458636827824e-06
elevators,xgboost,Autoencoder,remove,1,1,6.2222062881282555e-06
elevators,xgboost,Autoencoder,remove,1,2,6.429682855315139e-06
elevators,xgboost,Autoencoder,remove,1,3,5.9701311606169875e-06
elevators,xgboost,Autoencoder,remove,1,4,5.3180591113475185e-06
elevators,xgboost,Autoencoder,remove,1,5,5.396520676038859e-06
elevators,xgboost,Autoencoder,remove,1,6,6.1092203156363115e-06
elevators,xgboost,Autoencoder,remove,1,7,6.140478744384406e-06
elevators,xgboost,Autoencoder,remove,1,8,5.4836644175658685e-06
elevators,xgboost,Autoencoder,remove,1,9,5.635823322910981e-06
elevators,xgboost,Autoencoder,remove,2,0,5.9829851706843284e-06
elevators,xgboost,Autoencoder,remove,2,1,6.223021264024704e-06
elevators,xgboost,Autoencoder,remove,2,2,4.733604548488882e-06
elevators,xgboost,Autoencoder,remove,2,3,5.903932453188698e-06
elevators,xgboost,Autoencoder,remove,2,4,5.160722396325143e-06
elevators,xgboost,Autoencoder,remove,2,5,5.67054620297417e-06
elevators,xgboost,Autoencoder,remove,2,6,5.977218114905241e-06
elevators,xgboost,Autoencoder,remove,2,7,5.7119586849205064e-06
elevators,xgboost,Autoencoder,remove,2,8,5.792735128838699e-06
elevators,xgboost,Autoencoder,remove,2,9,6.4371085181896925e-06
elevators,randomforest,None,remove,0,0,8.26010639698965e-06
elevators,randomforest,None,remove,0,1,6.7729970837253015e-06
elevators,randomforest,None,remove,0,2,7.470545625587959e-06
elevators,randomforest,None,remove,0,3,7.899810451977402e-06
elevators,randomforest,None,remove,0,4,7.447979284369109e-06
elevators,randomforest,None,remove,0,5,7.915063182674197e-06
elevators,randomforest,None,remove,0,6,7.622450941619584e-06
elevators,randomforest,None,remove,0,7,9.479585028248583e-06
elevators,randomforest,None,remove,0,8,7.953725894538607e-06
elevators,randomforest,None,remove,0,9,8.149478060263654e-06
elevators,randomforest,None,remove,1,0,7.70354929444967e-06
elevators,randomforest,None,remove,1,1,8.019456632173094e-06
elevators,randomforest,None,remove,1,2,7.89977158984007e-06
elevators,randomforest,None,remove,1,3,7.729482956685501e-06
elevators,randomforest,None,remove,1,4,7.20011459510358e-06
elevators,randomforest,None,remove,1,5,7.61331939736347e-06
elevators,randomforest,None,remove,1,6,7.709364689265538e-06
elevators,randomforest,None,remove,1,7,9.134203295668549e-06
elevators,randomforest,None,remove,1,8,7.54927184557439e-06
elevators,randomforest,None,remove,1,9,7.566168455743876e-06
elevators,randomforest,None,remove,2,0,8.058217591721538e-06
elevators,randomforest,None,remove,2,1,9.294077986829728e-06
elevators,randomforest,None,remove,2,2,7.320173941674505e-06
elevators,randomforest,None,remove,2,3,7.466530037664778e-06
elevators,randomforest,None,remove,2,4,7.484035499058377e-06
elevators,randomforest,None,remove,2,5,8.574411299435031e-06
elevators,randomforest,None,remove,2,6,8.271245574387949e-06
elevators,randomforest,None,remove,2,7,8.240095480225992e-06
elevators,randomforest,None,remove,2,8,7.2563153483992435e-06
elevators,randomforest,None,remove,2,9,8.56322768361582e-06
elevators,randomforest,ZScore,remove,0,0,1.0811718250235182e-05
elevators,randomforest,ZScore,remove,0,1,9.462444684854186e-06
elevators,randomforest,ZScore,remove,0,2,9.213335841956726e-06
elevators,randomforest,ZScore,remove,0,3,1.0610451318267418e-05
elevators,randomforest,ZScore,remove,0,4,9.41218775894538e-06
elevators,randomforest,ZScore,remove,0,5,9.181621845574385e-06
elevators,randomforest,ZScore,remove,0,6,8.95794378531073e-06
elevators,randomforest,ZScore,remove,0,7,1.1456800941619585e-05
elevators,randomforest,ZScore,remove,0,8,9.480541431261769e-06
elevators,randomforest,ZScore,remove,0,9,1.1447115065913368e-05
elevators,randomforest,ZScore,remove,1,0,1.0787450611476952e-05
elevators,randomforest,ZScore,remove,1,1,1.1190412605832546e-05
elevators,randomforest,ZScore,remove,1,2,1.0528500846660388e-05
elevators,randomforest,ZScore,remove,1,3,9.232731920903951e-06
elevators,randomforest,ZScore,remove,1,4,9.448206308851225e-06
elevators,randomforest,ZScore,remove,1,5,1.0155831826741999e-05
elevators,randomforest,ZScore,remove,1,6,9.115091054613934e-06
elevators,randomforest,ZScore,remove,1,7,1.125556694915254e-05
elevators,randomforest,ZScore,remove,1,8,9.254327118644065e-06
elevators,randomforest,ZScore,remove,1,9,9.260601224105453e-06
elevators,randomforest,ZScore,remove,2,0,9.824146472248346e-06
elevators,randomforest,ZScore,remove,2,1,1.2245135653809971e-05
elevators,randomforest,ZScore,remove,2,2,8.754058889934144e-06
elevators,randomforest,ZScore,remove,2,3,1.0602714971751408e-05
elevators,randomforest,ZScore,remove,2,4,1.0186992467043315e-05
elevators,randomforest,ZScore,remove,2,5,9.710972787193973e-06
elevators,randomforest,ZScore,remove,2,6,1.0304216854990582e-05
elevators,randomforest,ZScore,remove,2,7,9.011696892655366e-06
elevators,randomforest,ZScore,remove,2,8,1.0286084934086627e-05
elevators,randomforest,ZScore,remove,2,9,1.0516967043314501e-05
elevators,randomforest,ZScore,clip,0,0,8.837496519285041e-06
elevators,randomforest,ZScore,clip,0,1,6.851526716839133e-06
elevators,randomforest,ZScore,clip,0,2,7.804518908748824e-06
elevators,randomforest,ZScore,clip,0,3,8.530645009416197e-06
elevators,randomforest,ZScore,clip,0,4,7.792588794726927e-06
elevators,randomforest,ZScore,clip,0,5,8.160781261770243e-06
elevators,randomforest,ZScore,clip,0,6,7.854699246704328e-06
elevators,randomforest,ZScore,clip,0,7,9.72135969868173e-06
elevators,randomforest,ZScore,clip,0,8,8.396201129943506e-06
elevators,randomforest,ZScore,clip,0,9,8.742414500941619e-06
elevators,randomforest,ZScore,clip,1,0,8.406871589840075e-06
elevators,randomforest,ZScore,clip,1,1,8.201935371589838e-06
elevators,randomforest,ZScore,clip,1,2,8.289505738476008e-06
elevators,randomforest,ZScore,clip,1,3,7.949537476459511e-06
elevators,randomforest,ZScore,clip,1,4,7.351800470809795e-06
elevators,randomforest,ZScore,clip,1,5,7.858118267419966e-06
elevators,randomforest,ZScore,clip,1,6,8.052245951035783e-06
elevators,randomforest,ZScore,clip,1,7,9.40921572504708e-06
elevators,randomforest,ZScore,clip,1,8,7.876571092278721e-06
elevators,randomforest,ZScore,clip,1,9,7.471288794726926e-06
elevators,randomforest,ZScore,clip,2,0,8.363466603951079e-06
elevators,randomforest,ZScore,clip,2,1,1.0056327187206022e-05
elevators,randomforest,ZScore,clip,2,2,7.396274412041392e-06
elevators,randomforest,ZScore,clip,2,3,7.68448389830508e-06
elevators,randomforest,ZScore,clip,2,4,8.262927306967985e-06
elevators,randomforest,ZScore,clip,2,5,8.718854613935971e-06
elevators,randomforest,ZScore,clip,2,6,8.480060263653487e-06
elevators,randomforest,ZScore,clip,2,7,8.150366384180793e-06
elevators,randomforest,ZScore,clip,2,8,7.998971657250465e-06
elevators,randomforest,ZScore,clip,2,9,8.643934557438793e-06
elevators,randomforest,Percentile,remove,0,0,1.7671093414863597e-05
elevators,randomforest,Percentile,remove,0,1,1.6033746942615233e-05
elevators,randomforest,Percentile,remove,0,2,1.606987412982126e-05
elevators,randomforest,Percentile,remove,0,3,1.699631421845574e-05
elevators,randomforest,Percentile,remove,0,4,1.4982656120527296e-05
elevators,randomforest,Percentile,remove,0,5,1.4140813370998109e-05
elevators,randomforest,Percentile,remove,0,6,1.616754058380414e-05
elevators,randomforest,Percentile,remove,0,7,1.7101413088512244e-05
elevators,randomforest,Percentile,remove,0,8,1.4051146610169495e-05
elevators,randomforest,Percentile,remove,0,9,2.003090442561205e-05
elevators,randomforest,Percentile,remove,1,0,1.5728334336782688e-05
elevators,randomforest,Percentile,remove,1,1,1.7805511100658513e-05
elevators,randomforest,Percentile,remove,1,2,1.7385654656632178e-05
elevators,randomforest,Percentile,remove,1,3,1.556310602636534e-05
elevators,randomforest,Percentile,remove,1,4,1.7503687947269303e-05
elevators,randomforest,Percentile,remove,1,5,1.7102384180790967e-05
elevators,randomforest,Percentile,remove,1,6,1.4811484180790958e-05
elevators,randomforest,Percentile,remove,1,7,1.7440370809792843e-05
elevators,randomforest,Percentile,remove,1,8,1.4343806967984937e-05
elevators,randomforest,Percentile,remove,1,9,1.6466350847457618e-05
elevators,randomforest,Percentile,remove,2,0,1.595939303857008e-05
elevators,randomforest,Percentile,remove,2,1,1.6619801787394163e-05
elevators,randomforest,Percentile,remove,2,2,1.548908786453433e-05
elevators,randomforest,Percentile,remove,2,3,1.63601627118644e-05
elevators,randomforest,Percentile,remove,2,4,1.6728801129943505e-05
elevators,randomforest,Percentile,remove,2,5,1.756862128060264e-05
elevators,randomforest,Percentile,remove,2,6,1.6758013841807913e-05
elevators,randomforest,Percentile,remove,2,7,1.3824207532956681e-05
elevators,randomforest,Percentile,remove,2,8,1.6465475988700568e-05
elevators,randomforest,Percentile,remove,2,9,1.7282474105461394e-05
elevators,randomforest,Percentile,clip,0,0,1.0893197083725308e-05
elevators,randomforest,Percentile,clip,0,1,8.90985315145813e-06
elevators,randomforest,Percentile,clip,0,2,9.96454948259642e-06
elevators,randomforest,Percentile,clip,0,3,1.1508394161958573e-05
elevators,randomforest,Percentile,clip,0,4,8.919662900188322e-06
elevators,randomforest,Percentile,clip,0,5,9.616689830508468e-06
elevators,randomforest,Percentile,clip,0,6,9.30878728813559e-06
elevators,randomforest,Percentile,clip,0,7,1.1545555838041429e-05
elevators,randomforest,Percentile,clip,0,8,9.753370621468929e-06
elevators,randomforest,Percentile,clip,0,9,1.1214804425612052e-05
elevators,randomforest,Percentile,clip,1,0,1.1231694543744125e-05
elevators,randomforest,Percentile,clip,1,1,1.0355294731890874e-05
elevators,randomforest,Percentile,clip,1,2,1.1166231796801503e-05
elevators,randomforest,Percentile,clip,1,3,9.278270244821092e-06
elevators,randomforest,Percentile,clip,1,4,9.76075790960452e-06
elevators,randomforest,Percentile,clip,1,5,1.0623612052730698e-05
elevators,randomforest,Percentile,clip,1,6,9.44243154425612e-06
elevators,randomforest,Percentile,clip,1,7,1.0772810451977401e-05
elevators,randomforest,Percentile,clip,1,8,1.0030675517890776e-05
elevators,randomforest,Percentile,clip,1,9,8.81095903954802e-06
elevators,randomforest,Percentile,clip,2,0,1.0316945249294445e-05
elevators,randomforest,Percentile,clip,2,1,1.076466745061148e-05
elevators,randomforest,Percentile,clip,2,2,9.062868955785511e-06
elevators,randomforest,Percentile,clip,2,3,9.918140583804139e-06
elevators,randomforest,Percentile,clip,2,4,1.0632158568738229e-05
elevators,randomforest,Percentile,clip,2,5,1.0857929096045199e-05
elevators,randomforest,Percentile,clip,2,6,1.0248087758945389e-05
elevators,randomforest,Percentile,clip,2,7,9.195787758945385e-06
elevators,randomforest,Percentile,clip,2,8,1.1486019303201502e-05
elevators,randomforest,Percentile,clip,2,9,1.038106252354049e-05
elevators,randomforest,IsolationForest,remove,0,0,9.99830752587018e-06
elevators,randomforest,IsolationForest,remove,0,1,9.07758570084666e-06
elevators,randomforest,IsolationForest,remove,0,2,1.0130400752587026e-05
elevators,randomforest,IsolationForest,remove,0,3,1.0315839171374774e-05
elevators,randomforest,IsolationForest,remove,0,4,8.7523329566855e-06
elevators,randomforest,IsolationForest,remove,0,5,8.860641713747648e-06
elevators,randomforest,IsolationForest,remove,0,6,9.301354519774009e-06
elevators,randomforest,IsolationForest,remove,0,7,1.0843589642184564e-05
elevators,randomforest,IsolationForest,remove,0,8,1.015130743879473e-05
elevators,randomforest,IsolationForest,remove,0,9,1.1032745103578153e-05
elevators,randomforest,IsolationForest,remove,1,0,1.0644841110065856e-05
elevators,randomforest,IsolationForest,remove,1,1,1.0501903104421451e-05
elevators,randomforest,IsolationForest,remove,1,2,1.07144115710254e-05
elevators,randomforest,IsolationForest,remove,1,3,9.67154934086629e-06
elevators,randomforest,IsolationForest,remove,1,4,9.551512335216576e-06
elevators,randomforest,IsolationForest,remove,1,5,1.0130613370998122e-05
elevators,randomforest,IsolationForest,remove,1,6,9.351650753295672e-06
elevators,randomforest,IsolationForest,remove,1,7,1.0523025329566858e-05
elevators,randomforest,IsolationForest,remove,1,8,9.629622504708102e-06
elevators,randomforest,IsolationForest,remove,1,9,9.587872128060262e-06
elevators,randomforest,IsolationForest,remove,2,0,9.62601392285983e-06
elevators,randomforest,IsolationForest,remove,2,1,1.1759053339604896e-05
elevators,randomforest,IsolationForest,remove,2,2,9.030411100658515e-06
elevators,randomforest,IsolationForest,remove,2,3,1.0308673917137478e-05
elevators,randomforest,IsolationForest,remove,2,4,9.677649435028254e-06
elevators,randomforest,IsolationForest,remove,2,5,1.045598239171375e-05
elevators,randomforest,IsolationForest,remove,2,6,1.0294337099811683e-05
elevators,randomforest,IsolationForest,remove,2,7,9.042704425612057e-06
elevators,randomforest,IsolationForest,remove,2,8,1.2481202354048974e-05
elevators,randomforest,IsolationForest,remove,2,9,9.778667984934087e-06
elevators,randomforest,LOF,remove,0,0,8.130347036688616e-06
elevators,randomforest,LOF,remove,0,1,6.724313922859826e-06
elevators,randomforest,LOF,remove,0,2,7.3792101599247394e-06
elevators,randomforest,LOF,remove,0,3,7.900327118644068e-06
elevators,randomforest,LOF,remove,0,4,7.304831826741993e-06
elevators,randomforest,LOF,remove,0,5,7.939235969868169e-06
elevators,randomforest,LOF,remove,0,6,7.600108757062146e-06
elevators,randomforest,LOF,remove,0,7,9.442078813559319e-06
elevators,randomforest,LOF,remove,0,8,8.021134651600755e-06
elevators,randomforest,LOF,remove,0,9,8.181723822975519e-06
elevators,randomforest,LOF,remove,1,0,7.613756914393228e-06
elevators,randomforest,LOF,remove,1,1,7.953345625587956e-06
elevators,randomforest,LOF,remove,1,2,7.848965945437437e-06
elevators,randomforest,LOF,remove,1,3,7.788436252354048e-06
elevators,randomforest,LOF,remove,1,4,6.924577777777778e-06
elevators,randomforest,LOF,remove,1,5,7.851004613935974e-06
elevators,randomforest,LOF,remove,1,6,7.602960451977402e-06
elevators,randomforest,LOF,remove,1,7,9.335081544256117e-06
elevators,randomforest,LOF,remove,1,8,7.674595856873824e-06
elevators,randomforest,LOF,remove,1,9,7.691108757062143e-06
elevators,randomforest,LOF,remove,2,0,8.002731608654747e-06
elevators,randomforest,LOF,remove,2,1,9.457350423330198e-06
elevators,randomforest,LOF,remove,2,2,7.157596801505172e-06
elevators,randomforest,LOF,remove,2,3,7.457857815442557e-06
elevators,randomforest,LOF,remove,2,4,7.4913256120527286e-06
elevators,randomforest,LOF,remove,2,5,8.405845103578155e-06
elevators,randomforest,LOF,remove,2,6,8.1652950094162e-06
elevators,randomforest,LOF,remove,2,7,8.279887099811679e-06
elevators,randomforest,LOF,remove,2,8,7.0649038606402975e-06
elevators,randomforest,LOF,remove,2,9,8.567086158192095e-06
elevators,randomforest,Autoencoder,remove,0,0,8.238263405456253e-06
elevators,randomforest,Autoencoder,remove,0,1,6.614399247412978e-06
elevators,randomforest,Autoencoder,remove,0,2,7.330138570084669e-06
elevators,randomforest,Autoencoder,remove,0,3,7.827997080979286e-06
elevators,randomforest,Autoencoder,remove,0,4,7.395457156308847e-06
elevators,randomforest,Autoencoder,remove,0,5,8.0992774952919e-06
elevators,randomforest,Autoencoder,remove,0,6,7.788317043314496e-06
elevators,randomforest,Autoencoder,remove,0,7,9.397323069679848e-06
elevators,randomforest,Autoencoder,remove,0,8,8.024334369114878e-06
elevators,randomforest,Autoencoder,remove,0,9,8.141697645951034e-06
elevators,randomforest,Autoencoder,remove,1,0,7.835846190028223e-06
elevators,randomforest,Autoencoder,remove,1,1,8.433837817497645e-06
elevators,randomforest,Autoencoder,remove,1,2,7.679791909689556e-06
elevators,randomforest,Autoencoder,remove,1,3,8.105501318267422e-06
elevators,randomforest,Autoencoder,remove,1,4,7.196717890772129e-06
elevators,randomforest,Autoencoder,remove,1,5,7.7317511299435e-06
elevators,randomforest,Autoencoder,remove,1,6,7.808690677966102e-06
elevators,randomforest,Autoencoder,remove,1,7,9.369905461393595e-06
elevators,randomforest,Autoencoder,remove,1,8,7.504577777777777e-06
elevators,randomforest,Autoencoder,remove,1,9,7.626994915254235e-06
elevators,randomforest,Autoencoder,remove,2,0,8.178340639698962e-06
elevators,randomforest,Autoencoder,remove,2,1,9.188551081843842e-06
elevators,randomforest,Autoencoder,remove,2,2,7.207931702728125e-06
elevators,randomforest,Autoencoder,remove,2,3,7.688983050847453e-06
elevators,randomforest,Autoencoder,remove,2,4,7.605673917137474e-06
elevators,randomforest,Autoencoder,remove,2,5,8.723338418079097e-06
elevators,randomforest,Autoencoder,remove,2,6,8.706593879472696e-06
elevators,randomforest,Autoencoder,remove,2,7,8.102851506591338e-06
elevators,randomforest,Autoencoder,remove,2,8,7.2098444444444406e-06
elevators,randomforest,Autoencoder,remove,2,9,8.778184463276838e-06
eucalyptus,mlp,None,remove,0,0,0.5106382978723404
eucalyptus,mlp,None,remove,0,1,0.40425531914893614
eucalyptus,mlp,None,remove,0,2,0.6170212765957447
eucalyptus,mlp,None,remove,0,3,0.5531914893617021
eucalyptus,mlp,None,remove,0,4,0.5957446808510638
eucalyptus,mlp,None,remove,0,5,0.46808510638297873
eucalyptus,mlp,None,remove,0,6,0.574468085106383
eucalyptus,mlp,None,remove,0,7,0.48936170212765956
eucalyptus,mlp,None,remove,0,8,0.5957446808510638
eucalyptus,mlp,None,remove,0,9,0.5319148936170213
eucalyptus,mlp,None,remove,1,0,0.46808510638297873
eucalyptus,mlp,None,remove,1,1,0.5531914893617021
eucalyptus,mlp,None,remove,1,2,0.44680851063829785
eucalyptus,mlp,None,remove,1,3,0.5957446808510638
eucalyptus,mlp,None,remove,1,4,0.6382978723404256
eucalyptus,mlp,None,remove,1,5,0.6808510638297872
eucalyptus,mlp,None,remove,1,6,0.5531914893617021
eucalyptus,mlp,None,remove,1,7,0.46808510638297873
eucalyptus,mlp,None,remove,1,8,0.6808510638297872
eucalyptus,mlp,None,remove,1,9,0.5106382978723404
eucalyptus,mlp,None,remove,2,0,0.5957446808510638
eucalyptus,mlp,None,remove,2,1,0.6170212765957447
eucalyptus,mlp,None,remove,2,2,0.425531914893617
eucalyptus,mlp,None,remove,2,3,0.574468085106383
eucalyptus,mlp,None,remove,2,4,0.5106382978723404
eucalyptus,mlp,None,remove,2,5,0.5957446808510638
eucalyptus,mlp,None,remove,2,6,0.48936170212765956
eucalyptus,mlp,None,remove,2,7,0.5531914893617021
eucalyptus,mlp,None,remove,2,8,0.5957446808510638
eucalyptus,mlp,None,remove,2,9,0.44680851063829785
eucalyptus,mlp,ZScore,remove,0,0,0.5106382978723404
eucalyptus,mlp,ZScore,remove,0,1,0.40425531914893614
eucalyptus,mlp,ZScore,remove,0,2,0.6170212765957447
eucalyptus,mlp,ZScore,remove,0,3,0.5531914893617021
eucalyptus,mlp,ZScore,remove,0,4,0.5957446808510638
eucalyptus,mlp,ZScore,remove,0,5,0.46808510638297873
eucalyptus,mlp,ZScore,remove,0,6,0.574468085106383
eucalyptus,mlp,ZScore,remove,0,7,0.48936170212765956
eucalyptus,mlp,ZScore,remove,0,8,0.5957446808510638
eucalyptus,mlp,ZScore,remove,0,9,0.5319148936170213
eucalyptus,mlp,ZScore,remove,1,0,0.46808510638297873
eucalyptus,mlp,ZScore,remove,1,1,0.5531914893617021
eucalyptus,mlp,ZScore,remove,1,2,0.44680851063829785
eucalyptus,mlp,ZScore,remove,1,3,0.5957446808510638
eucalyptus,mlp,ZScore,remove,1,4,0.6382978723404256
eucalyptus,mlp,ZScore,remove,1,5,0.6808510638297872
eucalyptus,mlp,ZScore,remove,1,6,0.5531914893617021
eucalyptus,mlp,ZScore,remove,1,7,0.46808510638297873
eucalyptus,mlp,ZScore,remove,1,8,0.6808510638297872
eucalyptus,mlp,ZScore,remove,1,9,0.5106382978723404
eucalyptus,mlp,ZScore,remove,2,0,0.5957446808510638
eucalyptus,mlp,ZScore,remove,2,1,0.6170212765957447
eucalyptus,mlp,ZScore,remove,2,2,0.425531914893617
eucalyptus,mlp,ZScore,remove,2,3,0.574468085106383
eucalyptus,mlp,ZScore,remove,2,4,0.5106382978723404
eucalyptus,mlp,ZScore,remove,2,5,0.5957446808510638
eucalyptus,mlp,ZScore,remove,2,6,0.48936170212765956
eucalyptus,mlp,ZScore,remove,2,7,0.5531914893617021
eucalyptus,mlp,ZScore,remove,2,8,0.5957446808510638
eucalyptus,mlp,ZScore,remove,2,9,0.44680851063829785
eucalyptus,mlp,ZScore,clip,0,0,0.5106382978723404
eucalyptus,mlp,ZScore,clip,0,1,0.40425531914893614
eucalyptus,mlp,ZScore,clip,0,2,0.6170212765957447
eucalyptus,mlp,ZScore,clip,0,3,0.5531914893617021
eucalyptus,mlp,ZScore,clip,0,4,0.5957446808510638
eucalyptus,mlp,ZScore,clip,0,5,0.46808510638297873
eucalyptus,mlp,ZScore,clip,0,6,0.574468085106383
eucalyptus,mlp,ZScore,clip,0,7,0.48936170212765956
eucalyptus,mlp,ZScore,clip,0,8,0.5957446808510638
eucalyptus,mlp,ZScore,clip,0,9,0.5319148936170213
eucalyptus,mlp,ZScore,clip,1,0,0.46808510638297873
eucalyptus,mlp,ZScore,clip,1,1,0.5531914893617021
eucalyptus,mlp,ZScore,clip,1,2,0.44680851063829785
eucalyptus,mlp,ZScore,clip,1,3,0.5957446808510638
eucalyptus,mlp,ZScore,clip,1,4,0.6382978723404256
eucalyptus,mlp,ZScore,clip,1,5,0.6808510638297872
eucalyptus,mlp,ZScore,clip,1,6,0.5531914893617021
eucalyptus,mlp,ZScore,clip,1,7,0.46808510638297873
eucalyptus,mlp,ZScore,clip,1,8,0.6808510638297872
eucalyptus,mlp,ZScore,clip,1,9,0.5106382978723404
eucalyptus,mlp,ZScore,clip,2,0,0.5957446808510638
eucalyptus,mlp,ZScore,clip,2,1,0.6170212765957447
eucalyptus,mlp,ZScore,clip,2,2,0.425531914893617
eucalyptus,mlp,ZScore,clip,2,3,0.574468085106383
eucalyptus,mlp,ZScore,clip,2,4,0.5106382978723404
eucalyptus,mlp,ZScore,clip,2,5,0.5957446808510638
eucalyptus,mlp,ZScore,clip,2,6,0.48936170212765956
eucalyptus,mlp,ZScore,clip,2,7,0.5531914893617021
eucalyptus,mlp,ZScore,clip,2,8,0.5957446808510638
eucalyptus,mlp,ZScore,clip,2,9,0.44680851063829785
eucalyptus,mlp,Percentile,remove,0,0,0.5106382978723404
eucalyptus,mlp,Percentile,remove,0,1,0.48936170212765956
eucalyptus,mlp,Percentile,remove,0,2,0.5319148936170213
eucalyptus,mlp,Percentile,remove,0,3,0.48936170212765956
eucalyptus,mlp,Percentile,remove,0,4,0.5106382978723404
eucalyptus,mlp,Percentile,remove,0,5,0.3404255319148936
eucalyptus,mlp,Percentile,remove,0,6,0.40425531914893614
eucalyptus,mlp,Percentile,remove,0,7,0.48936170212765956
eucalyptus,mlp,Percentile,remove,0,8,0.574468085106383
eucalyptus,mlp,Percentile,remove,0,9,0.425531914893617
eucalyptus,mlp,Percentile,remove,1,0,0.44680851063829785
eucalyptus,mlp,Percentile,remove,1,1,0.44680851063829785
eucalyptus,mlp,Percentile,remove,1,2,0.40425531914893614
eucalyptus,mlp,Percentile,remove,1,3,0.5319148936170213
eucalyptus,mlp,Percentile,remove,1,4,0.5319148936170213
eucalyptus,mlp,Percentile,remove,1,5,0.6170212765957447
eucalyptus,mlp,Percentile,remove,1,6,0.574468085106383
eucalyptus,mlp,Percentile,remove,1,7,0.3617021276595745
eucalyptus,mlp,Percentile,remove,1,8,0.5319148936170213
eucalyptus,mlp,Percentile,remove,1,9,0.5106382978723404
eucalyptus,mlp,Percentile,remove,2,0,0.46808510638297873
eucalyptus,mlp,Percentile,remove,2,1,0.5319148936170213
eucalyptus,mlp,Percentile,remove,2,2,0.425531914893617
eucalyptus,mlp,Percentile,remove,2,3,0.5106382978723404
eucalyptus,mlp,Percentile,remove,2,4,0.44680851063829785
eucalyptus,mlp,Percentile,remove,2,5,0.5106382978723404
eucalyptus,mlp,Percentile,remove,2,6,0.44680851063829785
eucalyptus,mlp,Percentile,remove,2,7,0.574468085106383
eucalyptus,mlp,Percentile,remove,2,8,0.5319148936170213
eucalyptus,mlp,Percentile,remove,2,9,0.425531914893617
eucalyptus,mlp,Percentile,clip,0,0,0.5106382978723404
eucalyptus,mlp,Percentile,clip,0,1,0.40425531914893614
eucalyptus,mlp,Percentile,clip,0,2,0.6170212765957447
eucalyptus,mlp,Percentile,clip,0,3,0.5531914893617021
eucalyptus,mlp,Percentile,clip,0,4,0.6382978723404256
eucalyptus,mlp,Percentile,clip,0,5,0.48936170212765956
eucalyptus,mlp,Percentile,clip,0,6,0.5531914893617021
eucalyptus,mlp,Percentile,clip,0,7,0.46808510638297873
eucalyptus,mlp,Percentile,clip,0,8,0.5957446808510638
eucalyptus,mlp,Percentile,clip,0,9,0.5319148936170213
eucalyptus,mlp,Percentile,clip,1,0,0.48936170212765956
eucalyptus,mlp,Percentile,clip,1,1,0.574468085106383
eucalyptus,mlp,Percentile,clip,1,2,0.44680851063829785
eucalyptus,mlp,Percentile,clip,1,3,0.5957446808510638
eucalyptus,mlp,Percentile,clip,1,4,0.6595744680851063
eucalyptus,mlp,Percentile,clip,1,5,0.6595744680851063
eucalyptus,mlp,Percentile,clip,1,6,0.5531914893617021
eucalyptus,mlp,Percentile,clip,1,7,0.48936170212765956
eucalyptus,mlp,Percentile,clip,1,8,0.7021276595744681
eucalyptus,mlp,Percentile,clip,1,9,0.5531914893617021
eucalyptus,mlp,Percentile,clip,2,0,0.574468085106383
eucalyptus,mlp,Percentile,clip,2,1,0.5957446808510638
eucalyptus,mlp,Percentile,clip,2,2,0.48936170212765956
eucalyptus,mlp,Percentile,clip,2,3,0.6170212765957447
eucalyptus,mlp,Percentile,clip,2,4,0.5319148936170213
eucalyptus,mlp,Percentile,clip,2,5,0.5531914893617021
eucalyptus,mlp,Percentile,clip,2,6,0.46808510638297873
eucalyptus,mlp,Percentile,clip,2,7,0.574468085106383
eucalyptus,mlp,Percentile,clip,2,8,0.6382978723404256
eucalyptus,mlp,Percentile,clip,2,9,0.425531914893617
eucalyptus,mlp,IsolationForest,remove,0,0,0.425531914893617
eucalyptus,mlp,IsolationForest,remove,0,1,0.425531914893617
eucalyptus,mlp,IsolationForest,remove,0,2,0.574468085106383
eucalyptus,mlp,IsolationForest,remove,0,3,0.46808510638297873
eucalyptus,mlp,IsolationForest,remove,0,4,0.574468085106383
eucalyptus,mlp,IsolationForest,remove,0,5,0.5319148936170213
eucalyptus,mlp,IsolationForest,remove,0,6,0.574468085106383
eucalyptus,mlp,IsolationForest,remove,0,7,0.574468085106383
eucalyptus,mlp,IsolationForest,remove,0,8,0.5531914893617021
eucalyptus,mlp,IsolationForest,remove,0,9,0.48936170212765956
eucalyptus,mlp,IsolationForest,remove,1,0,0.44680851063829785
eucalyptus,mlp,IsolationForest,remove,1,1,0.44680851063829785
eucalyptus,mlp,IsolationForest,remove,1,2,0.44680851063829785
eucalyptus,mlp,IsolationForest,remove,1,3,0.48936170212765956
eucalyptus,mlp,IsolationForest,remove,1,4,0.6808510638297872
eucalyptus,mlp,IsolationForest,remove,1,5,0.5957446808510638
eucalyptus,mlp,IsolationForest,remove,1,6,0.6170212765957447
eucalyptus,mlp,IsolationForest,remove,1,7,0.5319148936170213
eucalyptus,mlp,IsolationForest,remove,1,8,0.6595744680851063
eucalyptus,mlp,IsolationForest,remove,1,9,0.48936170212765956
eucalyptus,mlp,IsolationForest,remove,2,0,0.5106382978723404
eucalyptus,mlp,IsolationForest,remove,2,1,0.6595744680851063
eucalyptus,mlp,IsolationForest,remove,2,2,0.44680851063829785
eucalyptus,mlp,IsolationForest,remove,2,3,0.5957446808510638
eucalyptus,mlp,IsolationForest,remove,2,4,0.5106382978723404
eucalyptus,mlp,IsolationForest,remove,2,5,0.6382978723404256
eucalyptus,mlp,IsolationForest,remove,2,6,0.46808510638297873
eucalyptus,mlp,IsolationForest,remove,2,7,0.5957446808510638
eucalyptus,mlp,IsolationForest,remove,2,8,0.5957446808510638
eucalyptus,mlp,IsolationForest,remove,2,9,0.5106382978723404
eucalyptus,mlp,LOF,remove,0,0,0.46808510638297873
eucalyptus,mlp,LOF,remove,0,1,0.46808510638297873
eucalyptus,mlp,LOF,remove,0,2,0.5319148936170213
eucalyptus,mlp,LOF,remove,0,3,0.48936170212765956
eucalyptus,mlp,LOF,remove,0,4,0.6170212765957447
eucalyptus,mlp,LOF,remove,0,5,0.48936170212765956
eucalyptus,mlp,LOF,remove,0,6,0.574468085106383
eucalyptus,mlp,LOF,remove,0,7,0.48936170212765956
eucalyptus,mlp,LOF,remove,0,8,0.6170212765957447
eucalyptus,mlp,LOF,remove,0,9,0.5319148936170213
eucalyptus,mlp,LOF,remove,1,0,0.574468085106383
eucalyptus,mlp,LOF,remove,1,1,0.5106382978723404
eucalyptus,mlp,LOF,remove,1,2,0.46808510638297873
eucalyptus,mlp,LOF,remove,1,3,0.48936170212765956
eucalyptus,mlp,LOF,remove,1,4,0.574468085106383
eucalyptus,mlp,LOF,remove,1,5,0.574468085106383
eucalyptus,mlp,LOF,remove,1,6,0.5531914893617021
eucalyptus,mlp,LOF,remove,1,7,0.5106382978723404
eucalyptus,mlp,LOF,remove,1,8,0.6170212765957447
eucalyptus,mlp,LOF,remove,1,9,0.40425531914893614
eucalyptus,mlp,LOF,remove,2,0,0.5531914893617021
eucalyptus,mlp,LOF,remove,2,1,0.48936170212765956
eucalyptus,mlp,LOF,remove,2,2,0.40425531914893614
eucalyptus,mlp,LOF,remove,2,3,0.5319148936170213
eucalyptus,mlp,LOF,remove,2,4,0.5531914893617021
eucalyptus,mlp,LOF,remove,2,5,0.7021276595744681
eucalyptus,mlp,LOF,remove,2,6,0.44680851063829785
eucalyptus,mlp,LOF,remove,2,7,0.574468085106383
eucalyptus,mlp,LOF,remove,2,8,0.5957446808510638
eucalyptus,mlp,LOF,remove,2,9,0.5106382978723404
eucalyptus,mlp,Autoencoder,remove,0,0,0.425531914893617
eucalyptus,mlp,Autoencoder,remove,0,1,0.46808510638297873
eucalyptus,mlp,Autoencoder,remove,0,2,0.5319148936170213
eucalyptus,mlp,Autoencoder,remove,0,3,0.5531914893617021
eucalyptus,mlp,Autoencoder,remove,0,4,0.5106382978723404
eucalyptus,mlp,Autoencoder,remove,0,5,0.5106382978723404
eucalyptus,mlp,Autoencoder,remove,0,6,0.5957446808510638
eucalyptus,mlp,Autoencoder,remove,0,7,0.5106382978723404
eucalyptus,mlp,Autoencoder,remove,0,8,0.5957446808510638
eucalyptus,mlp,Autoencoder,remove,0,9,0.5319148936170213
eucalyptus,mlp,Autoencoder,remove,1,0,0.574468085106383
eucalyptus,mlp,Autoencoder,remove,1,1,0.40425531914893614
eucalyptus,mlp,Autoencoder,remove,1,2,0.46808510638297873
eucalyptus,mlp,Autoencoder,remove,1,3,0.48936170212765956
eucalyptus,mlp,Autoencoder,remove,1,4,0.6595744680851063
eucalyptus,mlp,Autoencoder,remove,1,5,0.5957446808510638
eucalyptus,mlp,Autoencoder,remove,1,6,0.5319148936170213
eucalyptus,mlp,Autoencoder,remove,1,7,0.5531914893617021
eucalyptus,mlp,Autoencoder,remove,1,8,0.6595744680851063
eucalyptus,mlp,Autoencoder,remove,1,9,0.5106382978723404
eucalyptus,mlp,Autoencoder,remove,2,0,0.5319148936170213
eucalyptus,mlp,Autoencoder,remove,2,1,0.574468085106383
eucalyptus,mlp,Autoencoder,remove,2,2,0.44680851063829785
eucalyptus,mlp,Autoencoder,remove,2,3,0.6595744680851063
eucalyptus,mlp,Autoencoder,remove,2,4,0.5106382978723404
eucalyptus,mlp,Autoencoder,remove,2,5,0.6595744680851063
eucalyptus,mlp,Autoencoder,remove,2,6,0.425531914893617
eucalyptus,mlp,Autoencoder,remove,2,7,0.574468085106383
eucalyptus,mlp,Autoencoder,remove,2,8,0.6382978723404256
eucalyptus,mlp,Autoencoder,remove,2,9,0.48936170212765956
eucalyptus,xgboost,None,remove,0,0,0.5531914893617021
eucalyptus,xgboost,None,remove,0,1,0.5531914893617021
eucalyptus,xgboost,None,remove,0,2,0.6595744680851063
eucalyptus,xgboost,None,remove,0,3,0.46808510638297873
eucalyptus,xgboost,None,remove,0,4,0.5957446808510638
eucalyptus,xgboost,None,remove,0,5,0.5531914893617021
eucalyptus,xgboost,None,remove,0,6,0.6595744680851063
eucalyptus,xgboost,None,remove,0,7,0.6170212765957447
eucalyptus,xgboost,None,remove,0,8,0.7446808510638298
eucalyptus,xgboost,None,remove,0,9,0.574468085106383
eucalyptus,xgboost,None,remove,1,0,0.44680851063829785
eucalyptus,xgboost,None,remove,1,1,0.48936170212765956
eucalyptus,xgboost,None,remove,1,2,0.5319148936170213
eucalyptus,xgboost,None,remove,1,3,0.5319148936170213
eucalyptus,xgboost,None,remove,1,4,0.6808510638297872
eucalyptus,xgboost,None,remove,1,5,0.6170212765957447
eucalyptus,xgboost,None,remove,1,6,0.574468085106383
eucalyptus,xgboost,None,remove,1,7,0.48936170212765956
eucalyptus,xgboost,None,remove,1,8,0.723404255319149
eucalyptus,xgboost,None,remove,1,9,0.5957446808510638
eucalyptus,xgboost,None,remove,2,0,0.6382978723404256
eucalyptus,xgboost,None,remove,2,1,0.48936170212765956
eucalyptus,xgboost,None,remove,2,2,0.5106382978723404
eucalyptus,xgboost,None,remove,2,3,0.6170212765957447
eucalyptus,xgboost,None,remove,2,4,0.5319148936170213
eucalyptus,xgboost,None,remove,2,5,0.6382978723404256
eucalyptus,xgboost,None,remove,2,6,0.5957446808510638
eucalyptus,xgboost,None,remove,2,7,0.6382978723404256
eucalyptus,xgboost,None,remove,2,8,0.6170212765957447
eucalyptus,xgboost,None,remove,2,9,0.425531914893617
eucalyptus,xgboost,ZScore,remove,0,0,0.5531914893617021
eucalyptus,xgboost,ZScore,remove,0,1,0.5531914893617021
eucalyptus,xgboost,ZScore,remove,0,2,0.6595744680851063
eucalyptus,xgboost,ZScore,remove,0,3,0.46808510638297873
eucalyptus,xgboost,ZScore,remove,0,4,0.5957446808510638
eucalyptus,xgboost,ZScore,remove,0,5,0.5531914893617021
eucalyptus,xgboost,ZScore,remove,0,6,0.6595744680851063
eucalyptus,xgboost,ZScore,remove,0,7,0.6170212765957447
eucalyptus,xgboost,ZScore,remove,0,8,0.7446808510638298
eucalyptus,xgboost,ZScore,remove,0,9,0.574468085106383
eucalyptus,xgboost,ZScore,remove,1,0,0.44680851063829785
eucalyptus,xgboost,ZScore,remove,1,1,0.48936170212765956
eucalyptus,xgboost,ZScore,remove,1,2,0.5319148936170213
eucalyptus,xgboost,ZScore,remove,1,3,0.5319148936170213
eucalyptus,xgboost,ZScore,remove,1,4,0.6808510638297872
eucalyptus,xgboost,ZScore,remove,1,5,0.6170212765957447
eucalyptus,xgboost,ZScore,remove,1,6,0.574468085106383
eucalyptus,xgboost,ZScore,remove,1,7,0.48936170212765956
eucalyptus,xgboost,ZScore,remove,1,8,0.723404255319149
eucalyptus,xgboost,ZScore,remove,1,9,0.5957446808510638
eucalyptus,xgboost,ZScore,remove,2,0,0.6382978723404256
eucalyptus,xgboost,ZScore,remove,2,1,0.48936170212765956
eucalyptus,xgboost,ZScore,remove,2,2,0.5106382978723404
eucalyptus,xgboost,ZScore,remove,2,3,0.6170212765957447
eucalyptus,xgboost,ZScore,remove,2,4,0.5319148936170213
eucalyptus,xgboost,ZScore,remove,2,5,0.6382978723404256
eucalyptus,xgboost,ZScore,remove,2,6,0.5957446808510638
eucalyptus,xgboost,ZScore,remove,2,7,0.6382978723404256
eucalyptus,xgboost,ZScore,remove,2,8,0.6170212765957447
eucalyptus,xgboost,ZScore,remove,2,9,0.425531914893617
eucalyptus,xgboost,ZScore,clip,0,0,0.5531914893617021
eucalyptus,xgboost,ZScore,clip,0,1,0.5531914893617021
eucalyptus,xgboost,ZScore,clip,0,2,0.6595744680851063
eucalyptus,xgboost,ZScore,clip,0,3,0.46808510638297873
eucalyptus,xgboost,ZScore,clip,0,4,0.5957446808510638
eucalyptus,xgboost,ZScore,clip,0,5,0.5531914893617021
eucalyptus,xgboost,ZScore,clip,0,6,0.6595744680851063
eucalyptus,xgboost,ZScore,clip,0,7,0.6170212765957447
eucalyptus,xgboost,ZScore,clip,0,8,0.7446808510638298
eucalyptus,xgboost,ZScore,clip,0,9,0.574468085106383
eucalyptus,xgboost,ZScore,clip,1,0,0.44680851063829785
eucalyptus,xgboost,ZScore,clip,1,1,0.48936170212765956
eucalyptus,xgboost,ZScore,clip,1,2,0.5319148936170213
eucalyptus,xgboost,ZScore,clip,1,3,0.5319148936170213
eucalyptus,xgboost,ZScore,clip,1,4,0.6808510638297872
eucalyptus,xgboost,ZScore,clip,1,5,0.6170212765957447
eucalyptus,xgboost,ZScore,clip,1,6,0.574468085106383
eucalyptus,xgboost,ZScore,clip,1,7,0.48936170212765956
eucalyptus,xgboost,ZScore,clip,1,8,0.723404255319149
eucalyptus,xgboost,ZScore,clip,1,9,0.5957446808510638
eucalyptus,xgboost,ZScore,clip,2,0,0.6382978723404256
eucalyptus,xgboost,ZScore,clip,2,1,0.48936170212765956
eucalyptus,xgboost,ZScore,clip,2,2,0.5106382978723404
eucalyptus,xgboost,ZScore,clip,2,3,0.6170212765957447
eucalyptus,xgboost,ZScore,clip,2,4,0.5319148936170213
eucalyptus,xgboost,ZScore,clip,2,5,0.6382978723404256
eucalyptus,xgboost,ZScore,clip,2,6,0.5957446808510638
eucalyptus,xgboost,ZScore,clip,2,7,0.6382978723404256
eucalyptus,xgboost,ZScore,clip,2,8,0.6170212765957447
eucalyptus,xgboost,ZScore,clip,2,9,0.425531914893617
eucalyptus,xgboost,Percentile,remove,0,0,0.5531914893617021
eucalyptus,xgboost,Percentile,remove,0,1,0.48936170212765956
eucalyptus,xgboost,Percentile,remove,0,2,0.5319148936170213
eucalyptus,xgboost,Percentile,remove,0,3,0.44680851063829785
eucalyptus,xgboost,Percentile,remove,0,4,0.5531914893617021
eucalyptus,xgboost,Percentile,remove,0,5,0.40425531914893614
eucalyptus,xgboost,Percentile,remove,0,6,0.574468085106383
eucalyptus,xgboost,Percentile,remove,0,7,0.5319148936170213
eucalyptus,xgboost,Percentile,remove,0,8,0.5319148936170213
eucalyptus,xgboost,Percentile,remove,0,9,0.46808510638297873
eucalyptus,xgboost,Percentile,remove,1,0,0.5106382978723404
eucalyptus,xgboost,Percentile,remove,1,1,0.5319148936170213
eucalyptus,xgboost,Percentile,remove,1,2,0.48936170212765956
eucalyptus,xgboost,Percentile,remove,1,3,0.46808510638297873
eucalyptus,xgboost,Percentile,remove,1,4,0.574468085106383
eucalyptus,xgboost,Percentile,remove,1,5,0.5531914893617021
eucalyptus,xgboost,Percentile,remove,1,6,0.5319148936170213
eucalyptus,xgboost,Percentile,remove,1,7,0.44680851063829785
eucalyptus,xgboost,Percentile,remove,1,8,0.5106382978723404
eucalyptus,xgboost,Percentile,remove,1,9,0.574468085106383
eucalyptus,xgboost,Percentile,remove,2,0,0.5531914893617021
eucalyptus,xgboost,Percentile,remove,2,1,0.574468085106383
eucalyptus,xgboost,Percentile,remove,2,2,0.425531914893617
eucalyptus,xgboost,Percentile,remove,2,3,0.5106382978723404
eucalyptus,xgboost,Percentile,remove,2,4,0.5531914893617021
eucalyptus,xgboost,Percentile,remove,2,5,0.574468085106383
eucalyptus,xgboost,Percentile,remove,2,6,0.5106382978723404
eucalyptus,xgboost,Percentile,remove,2,7,0.574468085106383
eucalyptus,xgboost,Percentile,remove,2,8,0.5957446808510638
eucalyptus,xgboost,Percentile,remove,2,9,0.3829787234042553
eucalyptus,xgboost,Percentile,clip,0,0,0.5319148936170213
eucalyptus,xgboost,Percentile,clip,0,1,0.574468085106383
eucalyptus,xgboost,Percentile,clip,0,2,0.6382978723404256
eucalyptus,xgboost,Percentile,clip,0,3,0.5106382978723404
eucalyptus,xgboost,Percentile,clip,0,4,0.5957446808510638
eucalyptus,xgboost,Percentile,clip,0,5,0.5957446808510638
eucalyptus,xgboost,Percentile,clip,0,6,0.7021276595744681
eucalyptus,xgboost,Percentile,clip,0,7,0.574468085106383
eucalyptus,xgboost,Percentile,clip,0,8,0.7021276595744681
eucalyptus,xgboost,Percentile,clip,0,9,0.5531914893617021
eucalyptus,xgboost,Percentile,clip,1,0,0.5319148936170213
eucalyptus,xgboost,Percentile,clip,1,1,0.5106382978723404
eucalyptus,xgboost,Percentile,clip,1,2,0.5319148936170213
eucalyptus,xgboost,Percentile,clip,1,3,0.574468085106383
eucalyptus,xgboost,Percentile,clip,1,4,0.6808510638297872
eucalyptus,xgboost,Percentile,clip,1,5,0.5957446808510638
eucalyptus,xgboost,Percentile,clip,1,6,0.574468085106383
eucalyptus,xgboost,Percentile,clip,1,7,0.5319148936170213
eucalyptus,xgboost,Percentile,clip,1,8,0.6808510638297872
eucalyptus,xgboost,Percentile,clip,1,9,0.5957446808510638
eucalyptus,xgboost,Percentile,clip,2,0,0.6595744680851063
eucalyptus,xgboost,Percentile,clip,2,1,0.48936170212765956
eucalyptus,xgboost,Percentile,clip,2,2,0.5531914893617021
eucalyptus,xgboost,Percentile,clip,2,3,0.5957446808510638
eucalyptus,xgboost,Percentile,clip,2,4,0.5319148936170213
eucalyptus,xgboost,Percentile,clip,2,5,0.6595744680851063
eucalyptus,xgboost,Percentile,clip,2,6,0.5957446808510638
eucalyptus,xgboost,Percentile,clip,2,7,0.5957446808510638
eucalyptus,xgboost,Percentile,clip,2,8,0.5957446808510638
eucalyptus,xgboost,Percentile,clip,2,9,0.46808510638297873
eucalyptus,xgboost,IsolationForest,remove,0,0,0.5957446808510638
eucalyptus,xgboost,IsolationForest,remove,0,1,0.5106382978723404
eucalyptus,xgboost,IsolationForest,remove,0,2,0.6170212765957447
eucalyptus,xgboost,IsolationForest,remove,0,3,0.5106382978723404
eucalyptus,xgboost,IsolationForest,remove,0,4,0.6170212765957447
eucalyptus,xgboost,IsolationForest,remove,0,5,0.574468085106383
eucalyptus,xgboost,IsolationForest,remove,0,6,0.723404255319149
eucalyptus,xgboost,IsolationForest,remove,0,7,0.6382978723404256
eucalyptus,xgboost,IsolationForest,remove,0,8,0.723404255319149
eucalyptus,xgboost,IsolationForest,remove,0,9,0.5531914893617021
eucalyptus,xgboost,IsolationForest,remove,1,0,0.5106382978723404
eucalyptus,xgboost,IsolationForest,remove,1,1,0.5957446808510638
eucalyptus,xgboost,IsolationForest,remove,1,2,0.574468085106383
eucalyptus,xgboost,IsolationForest,remove,1,3,0.5531914893617021
eucalyptus,xgboost,IsolationForest,remove,1,4,0.6808510638297872
eucalyptus,xgboost,IsolationForest,remove,1,5,0.5957446808510638
eucalyptus,xgboost,IsolationForest,remove,1,6,0.5531914893617021
eucalyptus,xgboost,IsolationForest,remove,1,7,0.574468085106383
eucalyptus,xgboost,IsolationForest,remove,1,8,0.6382978723404256
eucalyptus,xgboost,IsolationForest,remove,1,9,0.6382978723404256
eucalyptus,xgboost,IsolationForest,remove,2,0,0.6170212765957447
eucalyptus,xgboost,IsolationForest,remove,2,1,0.5106382978723404
eucalyptus,xgboost,IsolationForest,remove,2,2,0.5531914893617021
eucalyptus,xgboost,IsolationForest,remove,2,3,0.5957446808510638
eucalyptus,xgboost,IsolationForest,remove,2,4,0.574468085106383
eucalyptus,xgboost,IsolationForest,remove,2,5,0.6170212765957447
eucalyptus,xgboost,IsolationForest,remove,2,6,0.574468085106383
eucalyptus,xgboost,IsolationForest,remove,2,7,0.5957446808510638
eucalyptus,xgboost,IsolationForest,remove,2,8,0.5957446808510638
eucalyptus,xgboost,IsolationForest,remove,2,9,0.5531914893617021
eucalyptus,xgboost,LOF,remove,0,0,0.5319148936170213
eucalyptus,xgboost,LOF,remove,0,1,0.5106382978723404
eucalyptus,xgboost,LOF,remove,0,2,0.6170212765957447
eucalyptus,xgboost,LOF,remove,0,3,0.48936170212765956
eucalyptus,xgboost,LOF,remove,0,4,0.6595744680851063
eucalyptus,xgboost,LOF,remove,0,5,0.6595744680851063
eucalyptus,xgboost,LOF,remove,0,6,0.723404255319149
eucalyptus,xgboost,LOF,remove,0,7,0.5531914893617021
eucalyptus,xgboost,LOF,remove,0,8,0.6808510638297872
eucalyptus,xgboost,LOF,remove,0,9,0.574468085106383
eucalyptus,xgboost,LOF,remove,1,0,0.48936170212765956
eucalyptus,xgboost,LOF,remove,1,1,0.5531914893617021
eucalyptus,xgboost,LOF,remove,1,2,0.5531914893617021
eucalyptus,xgboost,LOF,remove,1,3,0.574468085106383
eucalyptus,xgboost,LOF,remove,1,4,0.6382978723404256
eucalyptus,xgboost,LOF,remove,1,5,0.5957446808510638
eucalyptus,xgboost,LOF,remove,1,6,0.5319148936170213
eucalyptus,xgboost,LOF,remove,1,7,0.5106382978723404
eucalyptus,xgboost,LOF,remove,1,8,0.723404255319149
eucalyptus,xgboost,LOF,remove,1,9,0.574468085106383
eucalyptus,xgboost,LOF,remove,2,0,0.6595744680851063
eucalyptus,xgboost,LOF,remove,2,1,0.5106382978723404
eucalyptus,xgboost,LOF,remove,2,2,0.5319148936170213
eucalyptus,xgboost,LOF,remove,2,3,0.5957446808510638
eucalyptus,xgboost,LOF,remove,2,4,0.48936170212765956
eucalyptus,xgboost,LOF,remove,2,5,0.6595744680851063
eucalyptus,xgboost,LOF,remove,2,6,0.5957446808510638
eucalyptus,xgboost,LOF,remove,2,7,0.6808510638297872
eucalyptus,xgboost,LOF,remove,2,8,0.5531914893617021
eucalyptus,xgboost,LOF,remove,2,9,0.48936170212765956
eucalyptus,xgboost,Autoencoder,remove,0,0,0.48936170212765956
eucalyptus,xgboost,Autoencoder,remove,0,1,0.5106382978723404
eucalyptus,xgboost,Autoencoder,remove,0,2,0.6382978723404256
eucalyptus,xgboost,Autoencoder,remove,0,3,0.425531914893617
eucalyptus,xgboost,Autoencoder,remove,0,4,0.574468085106383
eucalyptus,xgboost,Autoencoder,remove,0,5,0.5319148936170213
eucalyptus,xgboost,Autoencoder,remove,0,6,0.6595744680851063
eucalyptus,xgboost,Autoencoder,remove,0,7,0.5319148936170213
eucalyptus,xgboost,Autoencoder,remove,0,8,0.6595744680851063
eucalyptus,xgboost,Autoencoder,remove,0,9,0.574468085106383
eucalyptus,xgboost,Autoencoder,remove,1,0,0.48936170212765956
eucalyptus,xgboost,Autoencoder,remove,1,1,0.5319148936170213
eucalyptus,xgboost,Autoencoder,remove,1,2,0.5957446808510638
eucalyptus,xgboost,Autoencoder,remove,1,3,0.5106382978723404
eucalyptus,xgboost,Autoencoder,remove,1,4,0.6595744680851063
eucalyptus,xgboost,Autoencoder,remove,1,5,0.6808510638297872
eucalyptus,xgboost,Autoencoder,remove,1,6,0.574468085106383
eucalyptus,xgboost,Autoencoder,remove,1,7,0.5957446808510638
eucalyptus,xgboost,Autoencoder,remove,1,8,0.7021276595744681
eucalyptus,xgboost,Autoencoder,remove,1,9,0.6170212765957447
eucalyptus,xgboost,Autoencoder,remove,2,0,0.7021276595744681
eucalyptus,xgboost,Autoencoder,remove,2,1,0.48936170212765956
eucalyptus,xgboost,Autoencoder,remove,2,2,0.5106382978723404
eucalyptus,xgboost,Autoencoder,remove,2,3,0.5957446808510638
eucalyptus,xgboost,Autoencoder,remove,2,4,0.5319148936170213
eucalyptus,xgboost,Autoencoder,remove,2,5,0.6595744680851063
eucalyptus,xgboost,Autoencoder,remove,2,6,0.5957446808510638
eucalyptus,xgboost,Autoencoder,remove,2,7,0.6170212765957447
eucalyptus,xgboost,Autoencoder,remove,2,8,0.5106382978723404
eucalyptus,xgboost,Autoencoder,remove,2,9,0.44680851063829785
eucalyptus,randomforest,None,remove,0,0,0.5531914893617021
eucalyptus,randomforest,None,remove,0,1,0.46808510638297873
eucalyptus,randomforest,None,remove,0,2,0.5957446808510638
eucalyptus,randomforest,None,remove,0,3,0.5531914893617021
eucalyptus,randomforest,None,remove,0,4,0.5957446808510638
eucalyptus,randomforest,None,remove,0,5,0.574468085106383
eucalyptus,randomforest,None,remove,0,6,0.7021276595744681
eucalyptus,randomforest,None,remove,0,7,0.574468085106383
eucalyptus,randomforest,None,remove,0,8,0.7446808510638298
eucalyptus,randomforest,None,remove,0,9,0.5319148936170213
eucalyptus,randomforest,None,remove,1,0,0.5319148936170213
eucalyptus,randomforest,None,remove,1,1,0.5319148936170213
eucalyptus,randomforest,None,remove,1,2,0.44680851063829785
eucalyptus,randomforest,None,remove,1,3,0.6382978723404256
eucalyptus,randomforest,None,remove,1,4,0.6595744680851063
eucalyptus,randomforest,None,remove,1,5,0.6382978723404256
eucalyptus,randomforest,None,remove,1,6,0.574468085106383
eucalyptus,randomforest,None,remove,1,7,0.5531914893617021
eucalyptus,randomforest,None,remove,1,8,0.5957446808510638
eucalyptus,randomforest,None,remove,1,9,0.5531914893617021
eucalyptus,randomforest,None,remove,2,0,0.6170212765957447
eucalyptus,randomforest,None,remove,2,1,0.5106382978723404
eucalyptus,randomforest,None,remove,2,2,0.5106382978723404
eucalyptus,randomforest,None,remove,2,3,0.5957446808510638
eucalyptus,randomforest,None,remove,2,4,0.5957446808510638
eucalyptus,randomforest,None,remove,2,5,0.6595744680851063
eucalyptus,randomforest,None,remove,2,6,0.48936170212765956
eucalyptus,randomforest,None,remove,2,7,0.5531914893617021
eucalyptus,randomforest,None,remove,2,8,0.5957446808510638
eucalyptus,randomforest,None,remove,2,9,0.46808510638297873
eucalyptus,randomforest,ZScore,remove,0,0,0.5531914893617021
eucalyptus,randomforest,ZScore,remove,0,1,0.46808510638297873
eucalyptus,randomforest,ZScore,remove,0,2,0.5957446808510638
eucalyptus,randomforest,ZScore,remove,0,3,0.5531914893617021
eucalyptus,randomforest,ZScore,remove,0,4,0.5957446808510638
eucalyptus,randomforest,ZScore,remove,0,5,0.574468085106383
eucalyptus,randomforest,ZScore,remove,0,6,0.7021276595744681
eucalyptus,randomforest,ZScore,remove,0,7,0.574468085106383
eucalyptus,randomforest,ZScore,remove,0,8,0.7446808510638298
eucalyptus,randomforest,ZScore,remove,0,9,0.5319148936170213
eucalyptus,randomforest,ZScore,remove,1,0,0.5319148936170213
eucalyptus,randomforest,ZScore,remove,1,1,0.5319148936170213
eucalyptus,randomforest,ZScore,remove,1,2,0.44680851063829785
eucalyptus,randomforest,ZScore,remove,1,3,0.6382978723404256
eucalyptus,randomforest,ZScore,remove,1,4,0.6595744680851063
eucalyptus,randomforest,ZScore,remove,1,5,0.6382978723404256
eucalyptus,randomforest,ZScore,remove,1,6,0.574468085106383
eucalyptus,randomforest,ZScore,remove,1,7,0.5531914893617021
eucalyptus,randomforest,ZScore,remove,1,8,0.5957446808510638
eucalyptus,randomforest,ZScore,remove,1,9,0.5531914893617021
eucalyptus,randomforest,ZScore,remove,2,0,0.6170212765957447
eucalyptus,randomforest,ZScore,remove,2,1,0.5106382978723404
eucalyptus,randomforest,ZScore,remove,2,2,0.5106382978723404
eucalyptus,randomforest,ZScore,remove,2,3,0.5957446808510638
eucalyptus,randomforest,ZScore,remove,2,4,0.5957446808510638
eucalyptus,randomforest,ZScore,remove,2,5,0.6595744680851063
eucalyptus,randomforest,ZScore,remove,2,6,0.48936170212765956
eucalyptus,randomforest,ZScore,remove,2,7,0.5531914893617021
eucalyptus,randomforest,ZScore,remove,2,8,0.5957446808510638
eucalyptus,randomforest,ZScore,remove,2,9,0.46808510638297873
eucalyptus,randomforest,ZScore,clip,0,0,0.5531914893617021
eucalyptus,randomforest,ZScore,clip,0,1,0.46808510638297873
eucalyptus,randomforest,ZScore,clip,0,2,0.5957446808510638
eucalyptus,randomforest,ZScore,clip,0,3,0.5531914893617021
eucalyptus,randomforest,ZScore,clip,0,4,0.5957446808510638
eucalyptus,randomforest,ZScore,clip,0,5,0.574468085106383
eucalyptus,randomforest,ZScore,clip,0,6,0.7021276595744681
eucalyptus,randomforest,ZScore,clip,0,7,0.574468085106383
eucalyptus,randomforest,ZScore,clip,0,8,0.7446808510638298
eucalyptus,randomforest,ZScore,clip,0,9,0.5319148936170213
eucalyptus,randomforest,ZScore,clip,1,0,0.5319148936170213
eucalyptus,randomforest,ZScore,clip,1,1,0.5319148936170213
eucalyptus,randomforest,ZScore,clip,1,2,0.44680851063829785
eucalyptus,randomforest,ZScore,clip,1,3,0.6382978723404256
eucalyptus,randomforest,ZScore,clip,1,4,0.6595744680851063
eucalyptus,randomforest,ZScore,clip,1,5,0.6382978723404256
eucalyptus,randomforest,ZScore,clip,1,6,0.574468085106383
eucalyptus,randomforest,ZScore,clip,1,7,0.5531914893617021
eucalyptus,randomforest,ZScore,clip,1,8,0.5957446808510638
eucalyptus,randomforest,ZScore,clip,1,9,0.5531914893617021
eucalyptus,randomforest,ZScore,clip,2,0,0.6170212765957447
eucalyptus,randomforest,ZScore,clip,2,1,0.5106382978723404
eucalyptus,randomforest,ZScore,clip,2,2,0.5106382978723404
eucalyptus,randomforest,ZScore,clip,2,3,0.5957446808510638
eucalyptus,randomforest,ZScore,clip,2,4,0.5957446808510638
eucalyptus,randomforest,ZScore,clip,2,5,0.6595744680851063
eucalyptus,randomforest,ZScore,clip,2,6,0.48936170212765956
eucalyptus,randomforest,ZScore,clip,2,7,0.5531914893617021
eucalyptus,randomforest,ZScore,clip,2,8,0.5957446808510638
eucalyptus,randomforest,ZScore,clip,2,9,0.46808510638297873
eucalyptus,randomforest,Percentile,remove,0,0,0.46808510638297873
eucalyptus,randomforest,Percentile,remove,0,1,0.48936170212765956
eucalyptus,randomforest,Percentile,remove,0,2,0.5319148936170213
eucalyptus,randomforest,Percentile,remove,0,3,0.5319148936170213
eucalyptus,randomforest,Percentile,remove,0,4,0.5531914893617021
eucalyptus,randomforest,Percentile,remove,0,5,0.425531914893617
eucalyptus,randomforest,Percentile,remove,0,6,0.5531914893617021
eucalyptus,randomforest,Percentile,remove,0,7,0.5106382978723404
eucalyptus,randomforest,Percentile,remove,0,8,0.6170212765957447
eucalyptus,randomforest,Percentile,remove,0,9,0.48936170212765956
eucalyptus,randomforest,Percentile,remove,1,0,0.48936170212765956
eucalyptus,randomforest,Percentile,remove,1,1,0.574468085106383
eucalyptus,randomforest,Percentile,remove,1,2,0.48936170212765956
eucalyptus,randomforest,Percentile,remove,1,3,0.5319148936170213
eucalyptus,randomforest,Percentile,remove,1,4,0.5319148936170213
eucalyptus,randomforest,Percentile,remove,1,5,0.46808510638297873
eucalyptus,randomforest,Percentile,remove,1,6,0.5106382978723404
eucalyptus,randomforest,Percentile,remove,1,7,0.46808510638297873
eucalyptus,randomforest,Percentile,remove,1,8,0.5531914893617021
eucalyptus,randomforest,Percentile,remove,1,9,0.46808510638297873
eucalyptus,randomforest,Percentile,remove,2,0,0.48936170212765956
eucalyptus,randomforest,Percentile,remove,2,1,0.5106382978723404
eucalyptus,randomforest,Percentile,remove,2,2,0.425531914893617
eucalyptus,randomforest,Percentile,remove,2,3,0.5319148936170213
eucalyptus,randomforest,Percentile,remove,2,4,0.5106382978723404
eucalyptus,randomforest,Percentile,remove,2,5,0.5531914893617021
eucalyptus,randomforest,Percentile,remove,2,6,0.5957446808510638
eucalyptus,randomforest,Percentile,remove,2,7,0.574468085106383
eucalyptus,randomforest,Percentile,remove,2,8,0.48936170212765956
eucalyptus,randomforest,Percentile,remove,2,9,0.3829787234042553
eucalyptus,randomforest,Percentile,clip,0,0,0.5106382978723404
eucalyptus,randomforest,Percentile,clip,0,1,0.44680851063829785
eucalyptus,randomforest,Percentile,clip,0,2,0.5957446808510638
eucalyptus,randomforest,Percentile,clip,0,3,0.5319148936170213
eucalyptus,randomforest,Percentile,clip,0,4,0.5957446808510638
eucalyptus,randomforest,Percentile,clip,0,5,0.6170212765957447
eucalyptus,randomforest,Percentile,clip,0,6,0.7021276595744681
eucalyptus,randomforest,Percentile,clip,0,7,0.5531914893617021
eucalyptus,randomforest,Percentile,clip,0,8,0.7021276595744681
eucalyptus,randomforest,Percentile,clip,0,9,0.5319148936170213
eucalyptus,randomforest,Percentile,clip,1,0,0.5319148936170213
eucalyptus,randomforest,Percentile,clip,1,1,0.574468085106383
eucalyptus,randomforest,Percentile,clip,1,2,0.46808510638297873
eucalyptus,randomforest,Percentile,clip,1,3,0.6382978723404256
eucalyptus,randomforest,Percentile,clip,1,4,0.6808510638297872
eucalyptus,randomforest,Percentile,clip,1,5,0.574468085106383
eucalyptus,randomforest,Percentile,clip,1,6,0.574468085106383
eucalyptus,randomforest,Percentile,clip,1,7,0.5319148936170213
eucalyptus,randomforest,Percentile,clip,1,8,0.6382978723404256
eucalyptus,randomforest,Percentile,clip,1,9,0.5531914893617021
eucalyptus,randomforest,Percentile,clip,2,0,0.6382978723404256
eucalyptus,randomforest,Percentile,clip,2,1,0.574468085106383
eucalyptus,randomforest,Percentile,clip,2,2,0.5106382978723404
eucalyptus,randomforest,Percentile,clip,2,3,0.5957446808510638
eucalyptus,randomforest,Percentile,clip,2,4,0.574468085106383
eucalyptus,randomforest,Percentile,clip,2,5,0.6595744680851063
eucalyptus,randomforest,Percentile,clip,2,6,0.5106382978723404
eucalyptus,randomforest,Percentile,clip,2,7,0.5531914893617021
eucalyptus,randomforest,Percentile,clip,2,8,0.6170212765957447
eucalyptus,randomforest,Percentile,clip,2,9,0.5106382978723404
eucalyptus,randomforest,IsolationForest,remove,0,0,0.48936170212765956
eucalyptus,randomforest,IsolationForest,remove,0,1,0.48936170212765956
eucalyptus,randomforest,IsolationForest,remove,0,2,0.6170212765957447
eucalyptus,randomforest,IsolationForest,remove,0,3,0.5106382978723404
eucalyptus,randomforest,IsolationForest,remove,0,4,0.6808510638297872
eucalyptus,randomforest,IsolationForest,remove,0,5,0.5531914893617021
eucalyptus,randomforest,IsolationForest,remove,0,6,0.5319148936170213
eucalyptus,randomforest,IsolationForest,remove,0,7,0.6595744680851063
eucalyptus,randomforest,IsolationForest,remove,0,8,0.6595744680851063
eucalyptus,randomforest,IsolationForest,remove,0,9,0.574468085106383
eucalyptus,randomforest,IsolationForest,remove,1,0,0.48936170212765956
eucalyptus,randomforest,IsolationForest,remove,1,1,0.5106382978723404
eucalyptus,randomforest,IsolationForest,remove,1,2,0.44680851063829785
eucalyptus,randomforest,IsolationForest,remove,1,3,0.6595744680851063
eucalyptus,randomforest,IsolationForest,remove,1,4,0.6595744680851063
eucalyptus,randomforest,IsolationForest,remove,1,5,0.6170212765957447
eucalyptus,randomforest,IsolationForest,remove,1,6,0.5957446808510638
eucalyptus,randomforest,IsolationForest,remove,1,7,0.5531914893617021
eucalyptus,randomforest,IsolationForest,remove,1,8,0.6595744680851063
eucalyptus,randomforest,IsolationForest,remove,1,9,0.5531914893617021
eucalyptus,randomforest,IsolationForest,remove,2,0,0.723404255319149
eucalyptus,randomforest,IsolationForest,remove,2,1,0.46808510638297873
eucalyptus,randomforest,IsolationForest,remove,2,2,0.48936170212765956
eucalyptus,randomforest,IsolationForest,remove,2,3,0.5957446808510638
eucalyptus,randomforest,IsolationForest,remove,2,4,0.5319148936170213
eucalyptus,randomforest,IsolationForest,remove,2,5,0.5957446808510638
eucalyptus,randomforest,IsolationForest,remove,2,6,0.5106382978723404
eucalyptus,randomforest,IsolationForest,remove,2,7,0.5957446808510638
eucalyptus,randomforest,IsolationForest,remove,2,8,0.5319148936170213
eucalyptus,randomforest,IsolationForest,remove,2,9,0.5106382978723404
eucalyptus,randomforest,LOF,remove,0,0,0.5319148936170213
eucalyptus,randomforest,LOF,remove,0,1,0.5319148936170213
eucalyptus,randomforest,LOF,remove,0,2,0.5531914893617021
eucalyptus,randomforest,LOF,remove,0,3,0.44680851063829785
eucalyptus,randomforest,LOF,remove,0,4,0.5957446808510638
eucalyptus,randomforest,LOF,remove,0,5,0.5957446808510638
eucalyptus,randomforest,LOF,remove,0,6,0.6382978723404256
eucalyptus,randomforest,LOF,remove,0,7,0.5106382978723404
eucalyptus,randomforest,LOF,remove,0,8,0.7021276595744681
eucalyptus,randomforest,LOF,remove,0,9,0.6170212765957447
eucalyptus,randomforest,LOF,remove,1,0,0.5319148936170213
eucalyptus,randomforest,LOF,remove,1,1,0.6595744680851063
eucalyptus,randomforest,LOF,remove,1,2,0.425531914893617
eucalyptus,randomforest,LOF,remove,1,3,0.6170212765957447
eucalyptus,randomforest,LOF,remove,1,4,0.6382978723404256
eucalyptus,randomforest,LOF,remove,1,5,0.574468085106383
eucalyptus,randomforest,LOF,remove,1,6,0.5319148936170213
eucalyptus,randomforest,LOF,remove,1,7,0.5531914893617021
eucalyptus,randomforest,LOF,remove,1,8,0.5531914893617021
eucalyptus,randomforest,LOF,remove,1,9,0.574468085106383
eucalyptus,randomforest,LOF,remove,2,0,0.6595744680851063
eucalyptus,randomforest,LOF,remove,2,1,0.574468085106383
eucalyptus,randomforest,LOF,remove,2,2,0.5106382978723404
eucalyptus,randomforest,LOF,remove,2,3,0.5319148936170213
eucalyptus,randomforest,LOF,remove,2,4,0.574468085106383
eucalyptus,randomforest,LOF,remove,2,5,0.7021276595744681
eucalyptus,randomforest,LOF,remove,2,6,0.6170212765957447
eucalyptus,randomforest,LOF,remove,2,7,0.5957446808510638
eucalyptus,randomforest,LOF,remove,2,8,0.5531914893617021
eucalyptus,randomforest,LOF,remove,2,9,0.44680851063829785
eucalyptus,randomforest,Autoencoder,remove,0,0,0.48936170212765956
eucalyptus,randomforest,Autoencoder,remove,0,1,0.5319148936170213
eucalyptus,randomforest,Autoencoder,remove,0,2,0.5957446808510638
eucalyptus,randomforest,Autoencoder,remove,0,3,0.48936170212765956
eucalyptus,randomforest,Autoencoder,remove,0,4,0.5531914893617021
eucalyptus,randomforest,Autoencoder,remove,0,5,0.574468085106383
eucalyptus,randomforest,Autoencoder,remove,0,6,0.6595744680851063
eucalyptus,randomforest,Autoencoder,remove,0,7,0.6382978723404256
eucalyptus,randomforest,Autoencoder,remove,0,8,0.6595744680851063
eucalyptus,randomforest,Autoencoder,remove,0,9,0.6808510638297872
eucalyptus,randomforest,Autoencoder,remove,1,0,0.5531914893617021
eucalyptus,randomforest,Autoencoder,remove,1,1,0.5319148936170213
eucalyptus,randomforest,Autoencoder,remove,1,2,0.48936170212765956
eucalyptus,randomforest,Autoencoder,remove,1,3,0.5531914893617021
eucalyptus,randomforest,Autoencoder,remove,1,4,0.6595744680851063
eucalyptus,randomforest,Autoencoder,remove,1,5,0.6382978723404256
eucalyptus,randomforest,Autoencoder,remove,1,6,0.5319148936170213
eucalyptus,randomforest,Autoencoder,remove,1,7,0.5106382978723404
eucalyptus,randomforest,Autoencoder,remove,1,8,0.574468085106383
eucalyptus,randomforest,Autoencoder,remove,1,9,0.5531914893617021
eucalyptus,randomforest,Autoencoder,remove,2,0,0.6595744680851063
eucalyptus,randomforest,Autoencoder,remove,2,1,0.40425531914893614
eucalyptus,randomforest,Autoencoder,remove,2,2,0.5319148936170213
eucalyptus,randomforest,Autoencoder,remove,2,3,0.5531914893617021
eucalyptus,randomforest,Autoencoder,remove,2,4,0.574468085106383
eucalyptus,randomforest,Autoencoder,remove,2,5,0.5957446808510638
eucalyptus,randomforest,Autoencoder,remove,2,6,0.5319148936170213
eucalyptus,randomforest,Autoencoder,remove,2,7,0.5957446808510638
eucalyptus,randomforest,Autoencoder,remove,2,8,0.5957446808510638
eucalyptus,randomforest,Autoencoder,remove,2,9,0.44680851063829785
eye_movements,mlp,None,remove,0,0,0.44857142857142857
eye_movements,mlp,None,remove,0,1,0.3871428571428571
eye_movements,mlp,None,remove,0,2,0.42857142857142855
eye_movements,mlp,None,remove,0,3,0.4114285714285714
eye_movements,mlp,None,remove,0,4,0.42
eye_movements,mlp,None,remove,0,5,0.4685714285714286
eye_movements,mlp,None,remove,0,6,0.43
eye_movements,mlp,None,remove,0,7,0.43714285714285717
eye_movements,mlp,None,remove,0,8,0.44635193133047213
eye_movements,mlp,None,remove,0,9,0.43776824034334766
eye_movements,mlp,None,remove,1,0,0.4014285714285714
eye_movements,mlp,None,remove,1,1,0.43142857142857144
eye_movements,mlp,None,remove,1,2,0.43142857142857144
eye_movements,mlp,None,remove,1,3,0.4085714285714286
eye_movements,mlp,None,remove,1,4,0.39285714285714285
eye_movements,mlp,None,remove,1,5,0.46
eye_movements,mlp,None,remove,1,6,0.42857142857142855
eye_movements,mlp,None,remove,1,7,0.4257142857142857
eye_movements,mlp,None,remove,1,8,0.39914163090128757
eye_movements,mlp,None,remove,1,9,0.41630901287553645
eye_movements,mlp,None,remove,2,0,0.46
eye_movements,mlp,None,remove,2,1,0.42857142857142855
eye_movements,mlp,None,remove,2,2,0.4114285714285714
eye_movements,mlp,None,remove,2,3,0.4042857142857143
eye_movements,mlp,None,remove,2,4,0.4114285714285714
eye_movements,mlp,None,remove,2,5,0.39285714285714285
eye_movements,mlp,None,remove,2,6,0.4185714285714286
eye_movements,mlp,None,remove,2,7,0.4014285714285714
eye_movements,mlp,None,remove,2,8,0.43061516452074394
eye_movements,mlp,None,remove,2,9,0.43776824034334766
eye_movements,mlp,ZScore,remove,0,0,0.4514285714285714
eye_movements,mlp,ZScore,remove,0,1,0.42142857142857143
eye_movements,mlp,ZScore,remove,0,2,0.44285714285714284
eye_movements,mlp,ZScore,remove,0,3,0.41
eye_movements,mlp,ZScore,remove,0,4,0.40285714285714286
eye_movements,mlp,ZScore,remove,0,5,0.4471428571428571
eye_movements,mlp,ZScore,remove,0,6,0.4542857142857143
eye_movements,mlp,ZScore,remove,0,7,0.42714285714285716
eye_movements,mlp,ZScore,remove,0,8,0.40486409155937053
eye_movements,mlp,ZScore,remove,0,9,0.4263233190271817
eye_movements,mlp,ZScore,remove,1,0,0.41714285714285715
eye_movements,mlp,ZScore,remove,1,1,0.40714285714285714
eye_movements,mlp,ZScore,remove,1,2,0.44857142857142857
eye_movements,mlp,ZScore,remove,1,3,0.4142857142857143
eye_movements,mlp,ZScore,remove,1,4,0.4114285714285714
eye_movements,mlp,ZScore,remove,1,5,0.44571428571428573
eye_movements,mlp,ZScore,remove,1,6,0.4614285714285714
eye_movements,mlp,ZScore,remove,1,7,0.41714285714285715
eye_movements,mlp,ZScore,remove,1,8,0.4263233190271817
eye_movements,mlp,ZScore,remove,1,9,0.3977110157367668
eye_movements,mlp,ZScore,remove,2,0,0.45571428571428574
eye_movements,mlp,ZScore,remove,2,1,0.42428571428571427
eye_movements,mlp,ZScore,remove,2,2,0.4085714285714286
eye_movements,mlp,ZScore,remove,2,3,0.43142857142857144
eye_movements,mlp,ZScore,remove,2,4,0.4542857142857143
eye_movements,mlp,ZScore,remove,2,5,0.3742857142857143
eye_movements,mlp,ZScore,remove,2,6,0.4357142857142857
eye_movements,mlp,ZScore,remove,2,7,0.40285714285714286
eye_movements,mlp,ZScore,remove,2,8,0.41917024320457796
eye_movements,mlp,ZScore,remove,2,9,0.41201716738197425
eye_movements,mlp,ZScore,clip,0,0,0.4471428571428571
eye_movements,mlp,ZScore,clip,0,1,0.42714285714285716
eye_movements,mlp,ZScore,clip,0,2,0.42142857142857143
eye_movements,mlp,ZScore,clip,0,3,0.42
eye_movements,mlp,ZScore,clip,0,4,0.4328571428571429
eye_movements,mlp,ZScore,clip,0,5,0.42142857142857143
eye_movements,mlp,ZScore,clip,0,6,0.43
eye_movements,mlp,ZScore,clip,0,7,0.4257142857142857
eye_movements,mlp,ZScore,clip,0,8,0.4449213161659514
eye_movements,mlp,ZScore,clip,0,9,0.4248927038626609
eye_movements,mlp,ZScore,clip,1,0,0.43714285714285717
eye_movements,mlp,ZScore,clip,1,1,0.4057142857142857
eye_movements,mlp,ZScore,clip,1,2,0.42714285714285716
eye_movements,mlp,ZScore,clip,1,3,0.3757142857142857
eye_movements,mlp,ZScore,clip,1,4,0.4057142857142857
eye_movements,mlp,ZScore,clip,1,5,0.42428571428571427
eye_movements,mlp,ZScore,clip,1,6,0.43
eye_movements,mlp,ZScore,clip,1,7,0.4328571428571429
eye_movements,mlp,ZScore,clip,1,8,0.4005722460658083
eye_movements,mlp,ZScore,clip,1,9,0.4263233190271817
eye_movements,mlp,ZScore,clip,2,0,0.45
eye_movements,mlp,ZScore,clip,2,1,0.4142857142857143
eye_movements,mlp,ZScore,clip,2,2,0.4328571428571429
eye_movements,mlp,ZScore,clip,2,3,0.4142857142857143
eye_movements,mlp,ZScore,clip,2,4,0.45571428571428574
eye_movements,mlp,ZScore,clip,2,5,0.38142857142857145
eye_movements,mlp,ZScore,clip,2,6,0.43
eye_movements,mlp,ZScore,clip,2,7,0.4114285714285714
eye_movements,mlp,ZScore,clip,2,8,0.4334763948497854
eye_movements,mlp,ZScore,clip,2,9,0.43776824034334766
eye_movements,mlp,Percentile,remove,0,0,0.40714285714285714
eye_movements,mlp,Percentile,remove,0,1,0.43714285714285717
eye_movements,mlp,Percentile,remove,0,2,0.41714285714285715
eye_movements,mlp,Percentile,remove,0,3,0.4185714285714286
eye_movements,mlp,Percentile,remove,0,4,0.4057142857142857
eye_movements,mlp,Percentile,remove,0,5,0.4085714285714286
eye_movements,mlp,Percentile,remove,0,6,0.42857142857142855
eye_movements,mlp,Percentile,remove,0,7,0.41285714285714287
eye_movements,mlp,Percentile,remove,0,8,0.40915593705293274
eye_movements,mlp,Percentile,remove,0,9,0.38197424892703863
eye_movements,mlp,Percentile,remove,1,0,0.4328571428571429
eye_movements,mlp,Percentile,remove,1,1,0.4614285714285714
eye_movements,mlp,Percentile,remove,1,2,0.40714285714285714
eye_movements,mlp,Percentile,remove,1,3,0.4185714285714286
eye_movements,mlp,Percentile,remove,1,4,0.42857142857142855
eye_movements,mlp,Percentile,remove,1,5,0.43714285714285717
eye_movements,mlp,Percentile,remove,1,6,0.43142857142857144
eye_movements,mlp,Percentile,remove,1,7,0.43857142857142856
eye_movements,mlp,Percentile,remove,1,8,0.39341917024320455
eye_movements,mlp,Percentile,remove,1,9,0.37339055793991416
eye_movements,mlp,Percentile,remove,2,0,0.4
eye_movements,mlp,Percentile,remove,2,1,0.41285714285714287
eye_movements,mlp,Percentile,remove,2,2,0.4042857142857143
eye_movements,mlp,Percentile,remove,2,3,0.41
eye_movements,mlp,Percentile,remove,2,4,0.41714285714285715
eye_movements,mlp,Percentile,remove,2,5,0.4085714285714286
eye_movements,mlp,Percentile,remove,2,6,0.40285714285714286
eye_movements,mlp,Percentile,remove,2,7,0.3985714285714286
eye_movements,mlp,Percentile,remove,2,8,0.41487839771101576
eye_movements,mlp,Percentile,remove,2,9,0.413447782546495
eye_movements,mlp,Percentile,clip,0,0,0.4328571428571429
eye_movements,mlp,Percentile,clip,0,1,0.41285714285714287
eye_movements,mlp,Percentile,clip,0,2,0.4185714285714286
eye_movements,mlp,Percentile,clip,0,3,0.4442857142857143
eye_movements,mlp,Percentile,clip,0,4,0.41714285714285715
eye_movements,mlp,Percentile,clip,0,5,0.45
eye_movements,mlp,Percentile,clip,0,6,0.4357142857142857
eye_movements,mlp,Percentile,clip,0,7,0.41285714285714287
eye_movements,mlp,Percentile,clip,0,8,0.44206008583690987
eye_movements,mlp,Percentile,clip,0,9,0.4248927038626609
eye_movements,mlp,Percentile,clip,1,0,0.41
eye_movements,mlp,Percentile,clip,1,1,0.40285714285714286
eye_movements,mlp,Percentile,clip,1,2,0.4328571428571429
eye_movements,mlp,Percentile,clip,1,3,0.4042857142857143
eye_movements,mlp,Percentile,clip,1,4,0.4542857142857143
eye_movements,mlp,Percentile,clip,1,5,0.44857142857142857
eye_movements,mlp,Percentile,clip,1,6,0.4228571428571429
eye_movements,mlp,Percentile,clip,1,7,0.4185714285714286
eye_movements,mlp,Percentile,clip,1,8,0.40915593705293274
eye_movements,mlp,Percentile,clip,1,9,0.413447782546495
eye_movements,mlp,Percentile,clip,2,0,0.46
eye_movements,mlp,Percentile,clip,2,1,0.4142857142857143
eye_movements,mlp,Percentile,clip,2,2,0.3871428571428571
eye_movements,mlp,Percentile,clip,2,3,0.44142857142857145
eye_movements,mlp,Percentile,clip,2,4,0.42
eye_movements,mlp,Percentile,clip,2,5,0.38857142857142857
eye_movements,mlp,Percentile,clip,2,6,0.44285714285714284
eye_movements,mlp,Percentile,clip,2,7,0.3985714285714286
eye_movements,mlp,Percentile,clip,2,8,0.41630901287553645
eye_movements,mlp,Percentile,clip,2,9,0.41201716738197425
eye_movements,mlp,IsolationForest,remove,0,0,0.43142857142857144
eye_movements,mlp,IsolationForest,remove,0,1,0.4042857142857143
eye_movements,mlp,IsolationForest,remove,0,2,0.47
eye_movements,mlp,IsolationForest,remove,0,3,0.3871428571428571
eye_movements,mlp,IsolationForest,remove,0,4,0.45
eye_movements,mlp,IsolationForest,remove,0,5,0.44
eye_movements,mlp,IsolationForest,remove,0,6,0.44142857142857145
eye_movements,mlp,IsolationForest,remove,0,7,0.4057142857142857
eye_movements,mlp,IsolationForest,remove,0,8,0.4206008583690987
eye_movements,mlp,IsolationForest,remove,0,9,0.44635193133047213
eye_movements,mlp,IsolationForest,remove,1,0,0.45
eye_movements,mlp,IsolationForest,remove,1,1,0.42857142857142855
eye_movements,mlp,IsolationForest,remove,1,2,0.4328571428571429
eye_movements,mlp,IsolationForest,remove,1,3,0.4257142857142857
eye_movements,mlp,IsolationForest,remove,1,4,0.42142857142857143
eye_movements,mlp,IsolationForest,remove,1,5,0.4714285714285714
eye_movements,mlp,IsolationForest,remove,1,6,0.4514285714285714
eye_movements,mlp,IsolationForest,remove,1,7,0.39714285714285713
eye_movements,mlp,IsolationForest,remove,1,8,0.39341917024320455
eye_movements,mlp,IsolationForest,remove,1,9,0.41487839771101576
eye_movements,mlp,IsolationForest,remove,2,0,0.47714285714285715
eye_movements,mlp,IsolationForest,remove,2,1,0.4257142857142857
eye_movements,mlp,IsolationForest,remove,2,2,0.4185714285714286
eye_movements,mlp,IsolationForest,remove,2,3,0.43714285714285717
eye_movements,mlp,IsolationForest,remove,2,4,0.4542857142857143
eye_movements,mlp,IsolationForest,remove,2,5,0.38142857142857145
eye_movements,mlp,IsolationForest,remove,2,6,0.43714285714285717
eye_movements,mlp,IsolationForest,remove,2,7,0.4
eye_movements,mlp,IsolationForest,remove,2,8,0.46065808297567956
eye_movements,mlp,IsolationForest,remove,2,9,0.43204577968526464
eye_movements,mlp,LOF,remove,0,0,0.41714285714285715
eye_movements,mlp,LOF,remove,0,1,0.4
eye_movements,mlp,LOF,remove,0,2,0.43857142857142856
eye_movements,mlp,LOF,remove,0,3,0.4085714285714286
eye_movements,mlp,LOF,remove,0,4,0.44
eye_movements,mlp,LOF,remove,0,5,0.4542857142857143
eye_movements,mlp,LOF,remove,0,6,0.4614285714285714
eye_movements,mlp,LOF,remove,0,7,0.42857142857142855
eye_movements,mlp,LOF,remove,0,8,0.4248927038626609
eye_movements,mlp,LOF,remove,0,9,0.40772532188841204
eye_movements,mlp,LOF,remove,1,0,0.4228571428571429
eye_movements,mlp,LOF,remove,1,1,0.42857142857142855
eye_movements,mlp,LOF,remove,1,2,0.4328571428571429
eye_movements,mlp,LOF,remove,1,3,0.38
eye_movements,mlp,LOF,remove,1,4,0.41714285714285715
eye_movements,mlp,LOF,remove,1,5,0.4785714285714286
eye_movements,mlp,LOF,remove,1,6,0.42
eye_movements,mlp,LOF,remove,1,7,0.4185714285714286
eye_movements,mlp,LOF,remove,1,8,0.39341917024320455
eye_movements,mlp,LOF,remove,1,9,0.42775393419170243
eye_movements,mlp,LOF,remove,2,0,0.44285714285714284
eye_movements,mlp,LOF,remove,2,1,0.40285714285714286
eye_movements,mlp,LOF,remove,2,2,0.4257142857142857
eye_movements,mlp,LOF,remove,2,3,0.43
eye_movements,mlp,LOF,remove,2,4,0.42714285714285716
eye_movements,mlp,LOF,remove,2,5,0.37857142857142856
eye_movements,mlp,LOF,remove,2,6,0.43
eye_movements,mlp,LOF,remove,2,7,0.4228571428571429
eye_movements,mlp,LOF,remove,2,8,0.43204577968526464
eye_movements,mlp,LOF,remove,2,9,0.45064377682403434
eye_movements,mlp,Autoencoder,remove,0,0,0.39714285714285713
eye_movements,mlp,Autoencoder,remove,0,1,0.3985714285714286
eye_movements,mlp,Autoencoder,remove,0,2,0.4257142857142857
eye_movements,mlp,Autoencoder,remove,0,3,0.4142857142857143
eye_movements,mlp,Autoencoder,remove,0,4,0.44285714285714284
eye_movements,mlp,Autoencoder,remove,0,5,0.4442857142857143
eye_movements,mlp,Autoencoder,remove,0,6,0.4542857142857143
eye_movements,mlp,Autoencoder,remove,0,7,0.4157142857142857
eye_movements,mlp,Autoencoder,remove,0,8,0.41487839771101576
eye_movements,mlp,Autoencoder,remove,0,9,0.42775393419170243
eye_movements,mlp,Autoencoder,remove,1,0,0.41
eye_movements,mlp,Autoencoder,remove,1,1,0.4114285714285714
eye_movements,mlp,Autoencoder,remove,1,2,0.42428571428571427
eye_movements,mlp,Autoencoder,remove,1,3,0.3914285714285714
eye_movements,mlp,Autoencoder,remove,1,4,0.3657142857142857
eye_movements,mlp,Autoencoder,remove,1,5,0.4442857142857143
eye_movements,mlp,Autoencoder,remove,1,6,0.42714285714285716
eye_movements,mlp,Autoencoder,remove,1,7,0.42142857142857143
eye_movements,mlp,Autoencoder,remove,1,8,0.38626609442060084
eye_movements,mlp,Autoencoder,remove,1,9,0.44635193133047213
eye_movements,mlp,Autoencoder,remove,2,0,0.48
eye_movements,mlp,Autoencoder,remove,2,1,0.43714285714285717
eye_movements,mlp,Autoencoder,remove,2,2,0.4057142857142857
eye_movements,mlp,Autoencoder,remove,2,3,0.42428571428571427
eye_movements,mlp,Autoencoder,remove,2,4,0.4142857142857143
eye_movements,mlp,Autoencoder,remove,2,5,0.38571428571428573
eye_movements,mlp,Autoencoder,remove,2,6,0.46285714285714286
eye_movements,mlp,Autoencoder,remove,2,7,0.39571428571428574
eye_movements,mlp,Autoencoder,remove,2,8,0.4220314735336195
eye_movements,mlp,Autoencoder,remove,2,9,0.39198855507868385
eye_movements,xgboost,None,remove,0,0,0.5728571428571428
eye_movements,xgboost,None,remove,0,1,0.49142857142857144
eye_movements,xgboost,None,remove,0,2,0.5142857142857142
eye_movements,xgboost,None,remove,0,3,0.48857142857142855
eye_movements,xgboost,None,remove,0,4,0.5414285714285715
eye_movements,xgboost,None,remove,0,5,0.5257142857142857
eye_movements,xgboost,None,remove,0,6,0.5014285714285714
eye_movements,xgboost,None,remove,0,7,0.55
eye_movements,xgboost,None,remove,0,8,0.5293276108726752
eye_movements,xgboost,None,remove,0,9,0.48354792560801146
eye_movements,xgboost,None,remove,1,0,0.5585714285714286
eye_movements,xgboost,None,remove,1,1,0.5485714285714286
eye_movements,xgboost,None,remove,1,2,0.5357142857142857
eye_movements,xgboost,None,remove,1,3,0.5114285714285715
eye_movements,xgboost,None,remove,1,4,0.5471428571428572
eye_movements,xgboost,None,remove,1,5,0.5485714285714286
eye_movements,xgboost,None,remove,1,6,0.5542857142857143
eye_movements,xgboost,None,remove,1,7,0.4757142857142857
eye_movements,xgboost,None,remove,1,8,0.525035765379113
eye_movements,xgboost,None,remove,1,9,0.5393419170243204
eye_movements,xgboost,None,remove,2,0,0.54
eye_movements,xgboost,None,remove,2,1,0.5657142857142857
eye_movements,xgboost,None,remove,2,2,0.47285714285714286
eye_movements,xgboost,None,remove,2,3,0.5757142857142857
eye_movements,xgboost,None,remove,2,4,0.5242857142857142
eye_movements,xgboost,None,remove,2,5,0.4685714285714286
eye_movements,xgboost,None,remove,2,6,0.51
eye_movements,xgboost,None,remove,2,7,0.5328571428571428
eye_movements,xgboost,None,remove,2,8,0.5364806866952789
eye_movements,xgboost,None,remove,2,9,0.5321888412017167
eye_movements,xgboost,ZScore,remove,0,0,0.54
eye_movements,xgboost,ZScore,remove,0,1,0.51
eye_movements,xgboost,ZScore,remove,0,2,0.55
eye_movements,xgboost,ZScore,remove,0,3,0.5057142857142857
eye_movements,xgboost,ZScore,remove,0,4,0.5657142857142857
eye_movements,xgboost,ZScore,remove,0,5,0.55
eye_movements,xgboost,ZScore,remove,0,6,0.5128571428571429
eye_movements,xgboost,ZScore,remove,0,7,0.5328571428571428
eye_movements,xgboost,ZScore,remove,0,8,0.530758226037196
eye_movements,xgboost,ZScore,remove,0,9,0.542203147353362
eye_movements,xgboost,ZScore,remove,1,0,0.5285714285714286
eye_movements,xgboost,ZScore,remove,1,1,0.5542857142857143
eye_movements,xgboost,ZScore,remove,1,2,0.5571428571428572
eye_movements,xgboost,ZScore,remove,1,3,0.52
eye_movements,xgboost,ZScore,remove,1,4,0.52
eye_movements,xgboost,ZScore,remove,1,5,0.5671428571428572
eye_movements,xgboost,ZScore,remove,1,6,0.5442857142857143
eye_movements,xgboost,ZScore,remove,1,7,0.5428571428571428
eye_movements,xgboost,ZScore,remove,1,8,0.5708154506437768
eye_movements,xgboost,ZScore,remove,1,9,0.5550786838340487
eye_movements,xgboost,ZScore,remove,2,0,0.5614285714285714
eye_movements,xgboost,ZScore,remove,2,1,0.54
eye_movements,xgboost,ZScore,remove,2,2,0.5385714285714286
eye_movements,xgboost,ZScore,remove,2,3,0.5385714285714286
eye_movements,xgboost,ZScore,remove,2,4,0.5214285714285715
eye_movements,xgboost,ZScore,remove,2,5,0.5142857142857142
eye_movements,xgboost,ZScore,remove,2,6,0.52
eye_movements,xgboost,ZScore,remove,2,7,0.5842857142857143
eye_movements,xgboost,ZScore,remove,2,8,0.5393419170243204
eye_movements,xgboost,ZScore,remove,2,9,0.5350500715307582
eye_movements,xgboost,ZScore,clip,0,0,0.55
eye_movements,xgboost,ZScore,clip,0,1,0.4957142857142857
eye_movements,xgboost,ZScore,clip,0,2,0.5085714285714286
eye_movements,xgboost,ZScore,clip,0,3,0.48714285714285716
eye_movements,xgboost,ZScore,clip,0,4,0.5314285714285715
eye_movements,xgboost,ZScore,clip,0,5,0.5214285714285715
eye_movements,xgboost,ZScore,clip,0,6,0.5185714285714286
eye_movements,xgboost,ZScore,clip,0,7,0.5271428571428571
eye_movements,xgboost,ZScore,clip,0,8,0.5121602288984263
eye_movements,xgboost,ZScore,clip,0,9,0.5293276108726752
eye_movements,xgboost,ZScore,clip,1,0,0.5428571428571428
eye_movements,xgboost,ZScore,clip,1,1,0.54
eye_movements,xgboost,ZScore,clip,1,2,0.5742857142857143
eye_movements,xgboost,ZScore,clip,1,3,0.5542857142857143
eye_movements,xgboost,ZScore,clip,1,4,0.5385714285714286
eye_movements,xgboost,ZScore,clip,1,5,0.5557142857142857
eye_movements,xgboost,ZScore,clip,1,6,0.55
eye_movements,xgboost,ZScore,clip,1,7,0.4928571428571429
eye_movements,xgboost,ZScore,clip,1,8,0.5507868383404864
eye_movements,xgboost,ZScore,clip,1,9,0.5650929899856938
eye_movements,xgboost,ZScore,clip,2,0,0.5385714285714286
eye_movements,xgboost,ZScore,clip,2,1,0.55
eye_movements,xgboost,ZScore,clip,2,2,0.5114285714285715
eye_movements,xgboost,ZScore,clip,2,3,0.5457142857142857
eye_movements,xgboost,ZScore,clip,2,4,0.5657142857142857
eye_movements,xgboost,ZScore,clip,2,5,0.48
eye_movements,xgboost,ZScore,clip,2,6,0.49857142857142855
eye_movements,xgboost,ZScore,clip,2,7,0.5514285714285714
eye_movements,xgboost,ZScore,clip,2,8,0.5221745350500715
eye_movements,xgboost,ZScore,clip,2,9,0.5407725321888412
eye_movements,xgboost,Percentile,remove,0,0,0.4185714285714286
eye_movements,xgboost,Percentile,remove,0,1,0.47714285714285715
eye_movements,xgboost,Percentile,remove,0,2,0.45571428571428574
eye_movements,xgboost,Percentile,remove,0,3,0.4442857142857143
eye_movements,xgboost,Percentile,remove,0,4,0.4614285714285714
eye_movements,xgboost,Percentile,remove,0,5,0.46714285714285714
eye_movements,xgboost,Percentile,remove,0,6,0.46
eye_movements,xgboost,Percentile,remove,0,7,0.4542857142857143
eye_movements,xgboost,Percentile,remove,0,8,0.46924177396280403
eye_movements,xgboost,Percentile,remove,0,9,0.4663805436337625
eye_movements,xgboost,Percentile,remove,1,0,0.4614285714285714
eye_movements,xgboost,Percentile,remove,1,1,0.43714285714285717
eye_movements,xgboost,Percentile,remove,1,2,0.47
eye_movements,xgboost,Percentile,remove,1,3,0.4642857142857143
eye_movements,xgboost,Percentile,remove,1,4,0.42142857142857143
eye_movements,xgboost,Percentile,remove,1,5,0.42
eye_movements,xgboost,Percentile,remove,1,6,0.4471428571428571
eye_movements,xgboost,Percentile,remove,1,7,0.44857142857142857
eye_movements,xgboost,Percentile,remove,1,8,0.47353361945636624
eye_movements,xgboost,Percentile,remove,1,9,0.44206008583690987
eye_movements,xgboost,Percentile,remove,2,0,0.4642857142857143
eye_movements,xgboost,Percentile,remove,2,1,0.4714285714285714
eye_movements,xgboost,Percentile,remove,2,2,0.42
eye_movements,xgboost,Percentile,remove,2,3,0.42
eye_movements,xgboost,Percentile,remove,2,4,0.4785714285714286
eye_movements,xgboost,Percentile,remove,2,5,0.42
eye_movements,xgboost,Percentile,remove,2,6,0.4757142857142857
eye_movements,xgboost,Percentile,remove,2,7,0.45714285714285713
eye_movements,xgboost,Percentile,remove,2,8,0.4520743919885551
eye_movements,xgboost,Percentile,remove,2,9,0.48068669527896996
eye_movements,xgboost,Percentile,clip,0,0,0.5271428571428571
eye_movements,xgboost,Percentile,clip,0,1,0.53
eye_movements,xgboost,Percentile,clip,0,2,0.5114285714285715
eye_movements,xgboost,Percentile,clip,0,3,0.5128571428571429
eye_movements,xgboost,Percentile,clip,0,4,0.5085714285714286
eye_movements,xgboost,Percentile,clip,0,5,0.53
eye_movements,xgboost,Percentile,clip,0,6,0.49857142857142855
eye_movements,xgboost,Percentile,clip,0,7,0.48428571428571426
eye_movements,xgboost,Percentile,clip,0,8,0.5550786838340487
eye_movements,xgboost,Percentile,clip,0,9,0.5121602288984263
eye_movements,xgboost,Percentile,clip,1,0,0.5085714285714286
eye_movements,xgboost,Percentile,clip,1,1,0.5242857142857142
eye_movements,xgboost,Percentile,clip,1,2,0.54
eye_movements,xgboost,Percentile,clip,1,3,0.52
eye_movements,xgboost,Percentile,clip,1,4,0.49857142857142855
eye_movements,xgboost,Percentile,clip,1,5,0.55
eye_movements,xgboost,Percentile,clip,1,6,0.5271428571428571
eye_movements,xgboost,Percentile,clip,1,7,0.4942857142857143
eye_movements,xgboost,Percentile,clip,1,8,0.5336194563662375
eye_movements,xgboost,Percentile,clip,1,9,0.5221745350500715
eye_movements,xgboost,Percentile,clip,2,0,0.5357142857142857
eye_movements,xgboost,Percentile,clip,2,1,0.5614285714285714
eye_movements,xgboost,Percentile,clip,2,2,0.46285714285714286
eye_movements,xgboost,Percentile,clip,2,3,0.5485714285714286
eye_movements,xgboost,Percentile,clip,2,4,0.5485714285714286
eye_movements,xgboost,Percentile,clip,2,5,0.48428571428571426
eye_movements,xgboost,Percentile,clip,2,6,0.5085714285714286
eye_movements,xgboost,Percentile,clip,2,7,0.5242857142857142
eye_movements,xgboost,Percentile,clip,2,8,0.5221745350500715
eye_movements,xgboost,Percentile,clip,2,9,0.5150214592274678
eye_movements,xgboost,IsolationForest,remove,0,0,0.5471428571428572
eye_movements,xgboost,IsolationForest,remove,0,1,0.5128571428571429
eye_movements,xgboost,IsolationForest,remove,0,2,0.5657142857142857
eye_movements,xgboost,IsolationForest,remove,0,3,0.4928571428571429
eye_movements,xgboost,IsolationForest,remove,0,4,0.5271428571428571
eye_movements,xgboost,IsolationForest,remove,0,5,0.5057142857142857
eye_movements,xgboost,IsolationForest,remove,0,6,0.5328571428571428
eye_movements,xgboost,IsolationForest,remove,0,7,0.5385714285714286
eye_movements,xgboost,IsolationForest,remove,0,8,0.5293276108726752
eye_movements,xgboost,IsolationForest,remove,0,9,0.47067238912732473
eye_movements,xgboost,IsolationForest,remove,1,0,0.5342857142857143
eye_movements,xgboost,IsolationForest,remove,1,1,0.5142857142857142
eye_movements,xgboost,IsolationForest,remove,1,2,0.5585714285714286
eye_movements,xgboost,IsolationForest,remove,1,3,0.5457142857142857
eye_movements,xgboost,IsolationForest,remove,1,4,0.5357142857142857
eye_movements,xgboost,IsolationForest,remove,1,5,0.5757142857142857
eye_movements,xgboost,IsolationForest,remove,1,6,0.5242857142857142
eye_movements,xgboost,IsolationForest,remove,1,7,0.4928571428571429
eye_movements,xgboost,IsolationForest,remove,1,8,0.5393419170243204
eye_movements,xgboost,IsolationForest,remove,1,9,0.5164520743919886
eye_movements,xgboost,IsolationForest,remove,2,0,0.5428571428571428
eye_movements,xgboost,IsolationForest,remove,2,1,0.5471428571428572
eye_movements,xgboost,IsolationForest,remove,2,2,0.5271428571428571
eye_movements,xgboost,IsolationForest,remove,2,3,0.59
eye_movements,xgboost,IsolationForest,remove,2,4,0.55
eye_movements,xgboost,IsolationForest,remove,2,5,0.49142857142857144
eye_movements,xgboost,IsolationForest,remove,2,6,0.51
eye_movements,xgboost,IsolationForest,remove,2,7,0.5457142857142857
eye_movements,xgboost,IsolationForest,remove,2,8,0.5464949928469242
eye_movements,xgboost,IsolationForest,remove,2,9,0.48068669527896996
eye_movements,xgboost,LOF,remove,0,0,0.5442857142857143
eye_movements,xgboost,LOF,remove,0,1,0.5042857142857143
eye_movements,xgboost,LOF,remove,0,2,0.49857142857142855
eye_movements,xgboost,LOF,remove,0,3,0.5128571428571429
eye_movements,xgboost,LOF,remove,0,4,0.5257142857142857
eye_movements,xgboost,LOF,remove,0,5,0.5271428571428571
eye_movements,xgboost,LOF,remove,0,6,0.5285714285714286
eye_movements,xgboost,LOF,remove,0,7,0.49142857142857144
eye_movements,xgboost,LOF,remove,0,8,0.5350500715307582
eye_movements,xgboost,LOF,remove,0,9,0.48783977110157367
eye_movements,xgboost,LOF,remove,1,0,0.5414285714285715
eye_movements,xgboost,LOF,remove,1,1,0.5285714285714286
eye_movements,xgboost,LOF,remove,1,2,0.5314285714285715
eye_movements,xgboost,LOF,remove,1,3,0.5314285714285715
eye_movements,xgboost,LOF,remove,1,4,0.5214285714285715
eye_movements,xgboost,LOF,remove,1,5,0.5414285714285715
eye_movements,xgboost,LOF,remove,1,6,0.5357142857142857
eye_movements,xgboost,LOF,remove,1,7,0.49857142857142855
eye_movements,xgboost,LOF,remove,1,8,0.5135908440629471
eye_movements,xgboost,LOF,remove,1,9,0.547925608011445
eye_movements,xgboost,LOF,remove,2,0,0.5385714285714286
eye_movements,xgboost,LOF,remove,2,1,0.5357142857142857
eye_movements,xgboost,LOF,remove,2,2,0.4714285714285714
eye_movements,xgboost,LOF,remove,2,3,0.5771428571428572
eye_movements,xgboost,LOF,remove,2,4,0.5342857142857143
eye_movements,xgboost,LOF,remove,2,5,0.5128571428571429
eye_movements,xgboost,LOF,remove,2,6,0.5242857142857142
eye_movements,xgboost,LOF,remove,2,7,0.5271428571428571
eye_movements,xgboost,LOF,remove,2,8,0.5150214592274678
eye_movements,xgboost,LOF,remove,2,9,0.5164520743919886
eye_movements,xgboost,Autoencoder,remove,0,0,0.5671428571428572
eye_movements,xgboost,Autoencoder,remove,0,1,0.4942857142857143
eye_movements,xgboost,Autoencoder,remove,0,2,0.5228571428571429
eye_movements,xgboost,Autoencoder,remove,0,3,0.4857142857142857
eye_movements,xgboost,Autoencoder,remove,0,4,0.5385714285714286
eye_movements,xgboost,Autoencoder,remove,0,5,0.5314285714285715
eye_movements,xgboost,Autoencoder,remove,0,6,0.5185714285714286
eye_movements,xgboost,Autoencoder,remove,0,7,0.5328571428571428
eye_movements,xgboost,Autoencoder,remove,0,8,0.525035765379113
eye_movements,xgboost,Autoencoder,remove,0,9,0.51931330472103
eye_movements,xgboost,Autoencoder,remove,1,0,0.5071428571428571
eye_movements,xgboost,Autoencoder,remove,1,1,0.5657142857142857
eye_movements,xgboost,Autoencoder,remove,1,2,0.5471428571428572
eye_movements,xgboost,Autoencoder,remove,1,3,0.5571428571428572
eye_movements,xgboost,Autoencoder,remove,1,4,0.5414285714285715
eye_movements,xgboost,Autoencoder,remove,1,5,0.5371428571428571
eye_movements,xgboost,Autoencoder,remove,1,6,0.56
eye_movements,xgboost,Autoencoder,remove,1,7,0.5028571428571429
eye_movements,xgboost,Autoencoder,remove,1,8,0.5436337625178826
eye_movements,xgboost,Autoencoder,remove,1,9,0.5679542203147353
eye_movements,xgboost,Autoencoder,remove,2,0,0.5714285714285714
eye_movements,xgboost,Autoencoder,remove,2,1,0.5528571428571428
eye_movements,xgboost,Autoencoder,remove,2,2,0.52
eye_movements,xgboost,Autoencoder,remove,2,3,0.5314285714285715
eye_movements,xgboost,Autoencoder,remove,2,4,0.5528571428571428
eye_movements,xgboost,Autoencoder,remove,2,5,0.4857142857142857
eye_movements,xgboost,Autoencoder,remove,2,6,0.48857142857142855
eye_movements,xgboost,Autoencoder,remove,2,7,0.5471428571428572
eye_movements,xgboost,Autoencoder,remove,2,8,0.5722460658082976
eye_movements,xgboost,Autoencoder,remove,2,9,0.4864091559370529
eye_movements,randomforest,None,remove,0,0,0.38285714285714284
eye_movements,randomforest,None,remove,0,1,0.3442857142857143
eye_movements,randomforest,None,remove,0,2,0.3271428571428571
eye_movements,randomforest,None,remove,0,3,0.3757142857142857
eye_movements,randomforest,None,remove,0,4,0.37285714285714283
eye_movements,randomforest,None,remove,0,5,0.3171428571428571
eye_movements,randomforest,None,remove,0,6,0.3385714285714286
eye_movements,randomforest,None,remove,0,7,0.30142857142857143
eye_movements,randomforest,None,remove,0,8,0.3562231759656652
eye_movements,randomforest,None,remove,0,9,0.3605150214592275
eye_movements,randomforest,None,remove,1,0,0.2985714285714286
eye_movements,randomforest,None,remove,1,1,0.30142857142857143
eye_movements,randomforest,None,remove,1,2,0.3842857142857143
eye_movements,randomforest,None,remove,1,3,0.3342857142857143
eye_movements,randomforest,None,remove,1,4,0.3628571428571429
eye_movements,randomforest,None,remove,1,5,0.3057142857142857
eye_movements,randomforest,None,remove,1,6,0.34714285714285714
eye_movements,randomforest,None,remove,1,7,0.2985714285714286
eye_movements,randomforest,None,remove,1,8,0.3147353361945637
eye_movements,randomforest,None,remove,1,9,0.402002861230329
eye_movements,randomforest,None,remove,2,0,0.34
eye_movements,randomforest,None,remove,2,1,0.3385714285714286
eye_movements,randomforest,None,remove,2,2,0.3514285714285714
eye_movements,randomforest,None,remove,2,3,0.37714285714285717
eye_movements,randomforest,None,remove,2,4,0.3142857142857143
eye_movements,randomforest,None,remove,2,5,0.2985714285714286
eye_movements,randomforest,None,remove,2,6,0.3242857142857143
eye_movements,randomforest,None,remove,2,7,0.33285714285714285
eye_movements,randomforest,None,remove,2,8,0.3419170243204578
eye_movements,randomforest,None,remove,2,9,0.32331902718168815
eye_movements,randomforest,ZScore,remove,0,0,0.3628571428571429
eye_movements,randomforest,ZScore,remove,0,1,0.36714285714285716
eye_movements,randomforest,ZScore,remove,0,2,0.36142857142857143
eye_movements,randomforest,ZScore,remove,0,3,0.3414285714285714
eye_movements,randomforest,ZScore,remove,0,4,0.37714285714285717
eye_movements,randomforest,ZScore,remove,0,5,0.3485714285714286
eye_movements,randomforest,ZScore,remove,0,6,0.37142857142857144
eye_movements,randomforest,ZScore,remove,0,7,0.32
eye_movements,randomforest,ZScore,remove,0,8,0.38197424892703863
eye_movements,randomforest,ZScore,remove,0,9,0.30758226037195996
eye_movements,randomforest,ZScore,remove,1,0,0.33714285714285713
eye_movements,randomforest,ZScore,remove,1,1,0.34
eye_movements,randomforest,ZScore,remove,1,2,0.4114285714285714
eye_movements,randomforest,ZScore,remove,1,3,0.37
eye_movements,randomforest,ZScore,remove,1,4,0.3871428571428571
eye_movements,randomforest,ZScore,remove,1,5,0.3314285714285714
eye_movements,randomforest,ZScore,remove,1,6,0.3242857142857143
eye_movements,randomforest,ZScore,remove,1,7,0.3271428571428571
eye_movements,randomforest,ZScore,remove,1,8,0.3376251788268956
eye_movements,randomforest,ZScore,remove,1,9,0.4034334763948498
eye_movements,randomforest,ZScore,remove,2,0,0.34714285714285714
eye_movements,randomforest,ZScore,remove,2,1,0.4057142857142857
eye_movements,randomforest,ZScore,remove,2,2,0.36428571428571427
eye_movements,randomforest,ZScore,remove,2,3,0.35
eye_movements,randomforest,ZScore,remove,2,4,0.34714285714285714
eye_movements,randomforest,ZScore,remove,2,5,0.3242857142857143
eye_movements,randomforest,ZScore,remove,2,6,0.3414285714285714
eye_movements,randomforest,ZScore,remove,2,7,0.3557142857142857
eye_movements,randomforest,ZScore,remove,2,8,0.3333333333333333
eye_movements,randomforest,ZScore,remove,2,9,0.3805436337625179
eye_movements,randomforest,ZScore,clip,0,0,0.37142857142857144
eye_movements,randomforest,ZScore,clip,0,1,0.3485714285714286
eye_movements,randomforest,ZScore,clip,0,2,0.33285714285714285
eye_movements,randomforest,ZScore,clip,0,3,0.3871428571428571
eye_movements,randomforest,ZScore,clip,0,4,0.37285714285714283
eye_movements,randomforest,ZScore,clip,0,5,0.32
eye_movements,randomforest,ZScore,clip,0,6,0.3271428571428571
eye_movements,randomforest,ZScore,clip,0,7,0.30142857142857143
eye_movements,randomforest,ZScore,clip,0,8,0.35050071530758226
eye_movements,randomforest,ZScore,clip,0,9,0.3490701001430615
eye_movements,randomforest,ZScore,clip,1,0,0.2914285714285714
eye_movements,randomforest,ZScore,clip,1,1,0.30714285714285716
eye_movements,randomforest,ZScore,clip,1,2,0.3985714285714286
eye_movements,randomforest,ZScore,clip,1,3,0.3342857142857143
eye_movements,randomforest,ZScore,clip,1,4,0.3585714285714286
eye_movements,randomforest,ZScore,clip,1,5,0.3057142857142857
eye_movements,randomforest,ZScore,clip,1,6,0.34
eye_movements,randomforest,ZScore,clip,1,7,0.3057142857142857
eye_movements,randomforest,ZScore,clip,1,8,0.31759656652360513
eye_movements,randomforest,ZScore,clip,1,9,0.413447782546495
eye_movements,randomforest,ZScore,clip,2,0,0.3314285714285714
eye_movements,randomforest,ZScore,clip,2,1,0.34285714285714286
eye_movements,randomforest,ZScore,clip,2,2,0.34285714285714286
eye_movements,randomforest,ZScore,clip,2,3,0.3585714285714286
eye_movements,randomforest,ZScore,clip,2,4,0.30714285714285716
eye_movements,randomforest,ZScore,clip,2,5,0.30428571428571427
eye_movements,randomforest,ZScore,clip,2,6,0.32571428571428573
eye_movements,randomforest,ZScore,clip,2,7,0.3271428571428571
eye_movements,randomforest,ZScore,clip,2,8,0.3290414878397711
eye_movements,randomforest,ZScore,clip,2,9,0.3190271816881259
eye_movements,randomforest,Percentile,remove,0,0,0.4357142857142857
eye_movements,randomforest,Percentile,remove,0,1,0.45571428571428574
eye_movements,randomforest,Percentile,remove,0,2,0.4342857142857143
eye_movements,randomforest,Percentile,remove,0,3,0.46285714285714286
eye_movements,randomforest,Percentile,remove,0,4,0.4471428571428571
eye_movements,randomforest,Percentile,remove,0,5,0.4471428571428571
eye_movements,randomforest,Percentile,remove,0,6,0.4442857142857143
eye_movements,randomforest,Percentile,remove,0,7,0.43857142857142856
eye_movements,randomforest,Percentile,remove,0,8,0.4721030042918455
eye_movements,randomforest,Percentile,remove,0,9,0.4434907010014306
eye_movements,randomforest,Percentile,remove,1,0,0.49
eye_movements,randomforest,Percentile,remove,1,1,0.4714285714285714
eye_movements,randomforest,Percentile,remove,1,2,0.43857142857142856
eye_movements,randomforest,Percentile,remove,1,3,0.46
eye_movements,randomforest,Percentile,remove,1,4,0.42142857142857143
eye_movements,randomforest,Percentile,remove,1,5,0.43142857142857144
eye_movements,randomforest,Percentile,remove,1,6,0.48142857142857143
eye_movements,randomforest,Percentile,remove,1,7,0.3942857142857143
eye_movements,randomforest,Percentile,remove,1,8,0.43776824034334766
eye_movements,randomforest,Percentile,remove,1,9,0.42775393419170243
eye_movements,randomforest,Percentile,remove,2,0,0.44857142857142857
eye_movements,randomforest,Percentile,remove,2,1,0.4942857142857143
eye_movements,randomforest,Percentile,remove,2,2,0.5014285714285714
eye_movements,randomforest,Percentile,remove,2,3,0.43857142857142856
eye_movements,randomforest,Percentile,remove,2,4,0.4157142857142857
eye_movements,randomforest,Percentile,remove,2,5,0.4614285714285714
eye_movements,randomforest,Percentile,remove,2,6,0.46
eye_movements,randomforest,Percentile,remove,2,7,0.44571428571428573
eye_movements,randomforest,Percentile,remove,2,8,0.43919885550786836
eye_movements,randomforest,Percentile,remove,2,9,0.43204577968526464
eye_movements,randomforest,Percentile,clip,0,0,0.3442857142857143
eye_movements,randomforest,Percentile,clip,0,1,0.31857142857142856
eye_movements,randomforest,Percentile,clip,0,2,0.36857142857142855
eye_movements,randomforest,Percentile,clip,0,3,0.3457142857142857
eye_movements,randomforest,Percentile,clip,0,4,0.34285714285714286
eye_movements,randomforest,Percentile,clip,0,5,0.3242857142857143
eye_movements,randomforest,Percentile,clip,0,6,0.2957142857142857
eye_movements,randomforest,Percentile,clip,0,7,0.30428571428571427
eye_movements,randomforest,Percentile,clip,0,8,0.3376251788268956
eye_movements,randomforest,Percentile,clip,0,9,0.290414878397711
eye_movements,randomforest,Percentile,clip,1,0,0.29
eye_movements,randomforest,Percentile,clip,1,1,0.2857142857142857
eye_movements,randomforest,Percentile,clip,1,2,0.35428571428571426
eye_movements,randomforest,Percentile,clip,1,3,0.32142857142857145
eye_movements,randomforest,Percentile,clip,1,4,0.3357142857142857
eye_movements,randomforest,Percentile,clip,1,5,0.30142857142857143
eye_movements,randomforest,Percentile,clip,1,6,0.29714285714285715
eye_movements,randomforest,Percentile,clip,1,7,0.2785714285714286
eye_movements,randomforest,Percentile,clip,1,8,0.3090128755364807
eye_movements,randomforest,Percentile,clip,1,9,0.3447782546494993
eye_movements,randomforest,Percentile,clip,2,0,0.31857142857142856
eye_movements,randomforest,Percentile,clip,2,1,0.33285714285714285
eye_movements,randomforest,Percentile,clip,2,2,0.28
eye_movements,randomforest,Percentile,clip,2,3,0.31142857142857144
eye_movements,randomforest,Percentile,clip,2,4,0.3
eye_movements,randomforest,Percentile,clip,2,5,0.30428571428571427
eye_movements,randomforest,Percentile,clip,2,6,0.32857142857142857
eye_movements,randomforest,Percentile,clip,2,7,0.33714285714285713
eye_movements,randomforest,Percentile,clip,2,8,0.30758226037195996
eye_movements,randomforest,Percentile,clip,2,9,0.30185979971387694
eye_movements,randomforest,IsolationForest,remove,0,0,0.39285714285714285
eye_movements,randomforest,IsolationForest,remove,0,1,0.39
eye_movements,randomforest,IsolationForest,remove,0,2,0.3557142857142857
eye_movements,randomforest,IsolationForest,remove,0,3,0.3314285714285714
eye_movements,randomforest,IsolationForest,remove,0,4,0.35714285714285715
eye_movements,randomforest,IsolationForest,remove,0,5,0.3414285714285714
eye_movements,randomforest,IsolationForest,remove,0,6,0.3557142857142857
eye_movements,randomforest,IsolationForest,remove,0,7,0.32
eye_movements,randomforest,IsolationForest,remove,0,8,0.3791130185979971
eye_movements,randomforest,IsolationForest,remove,0,9,0.32331902718168815
eye_movements,randomforest,IsolationForest,remove,1,0,0.34
eye_movements,randomforest,IsolationForest,remove,1,1,0.2914285714285714
eye_movements,randomforest,IsolationForest,remove,1,2,0.37142857142857144
eye_movements,randomforest,IsolationForest,remove,1,3,0.31857142857142856
eye_movements,randomforest,IsolationForest,remove,1,4,0.36857142857142855
eye_movements,randomforest,IsolationForest,remove,1,5,0.33285714285714285
eye_movements,randomforest,IsolationForest,remove,1,6,0.3357142857142857
eye_movements,randomforest,IsolationForest,remove,1,7,0.27714285714285714
eye_movements,randomforest,IsolationForest,remove,1,8,0.31187410586552217
eye_movements,randomforest,IsolationForest,remove,1,9,0.4220314735336195
eye_movements,randomforest,IsolationForest,remove,2,0,0.3314285714285714
eye_movements,randomforest,IsolationForest,remove,2,1,0.38285714285714284
eye_movements,randomforest,IsolationForest,remove,2,2,0.31285714285714283
eye_movements,randomforest,IsolationForest,remove,2,3,0.38571428571428573
eye_movements,randomforest,IsolationForest,remove,2,4,0.36714285714285716
eye_movements,randomforest,IsolationForest,remove,2,5,0.3271428571428571
eye_movements,randomforest,IsolationForest,remove,2,6,0.3557142857142857
eye_movements,randomforest,IsolationForest,remove,2,7,0.3657142857142857
eye_movements,randomforest,IsolationForest,remove,2,8,0.3676680972818312
eye_movements,randomforest,IsolationForest,remove,2,9,0.3190271816881259
eye_movements,randomforest,LOF,remove,0,0,0.3514285714285714
eye_movements,randomforest,LOF,remove,0,1,0.3457142857142857
eye_movements,randomforest,LOF,remove,0,2,0.35
eye_movements,randomforest,LOF,remove,0,3,0.31857142857142856
eye_movements,randomforest,LOF,remove,0,4,0.34714285714285714
eye_movements,randomforest,LOF,remove,0,5,0.2985714285714286
eye_movements,randomforest,LOF,remove,0,6,0.3157142857142857
eye_movements,randomforest,LOF,remove,0,7,0.32
eye_movements,randomforest,LOF,remove,0,8,0.3333333333333333
eye_movements,randomforest,LOF,remove,0,9,0.28898426323319026
eye_movements,randomforest,LOF,remove,1,0,0.33285714285714285
eye_movements,randomforest,LOF,remove,1,1,0.27285714285714285
eye_movements,randomforest,LOF,remove,1,2,0.37285714285714283
eye_movements,randomforest,LOF,remove,1,3,0.3585714285714286
eye_movements,randomforest,LOF,remove,1,4,0.33714285714285713
eye_movements,randomforest,LOF,remove,1,5,0.31285714285714283
eye_movements,randomforest,LOF,remove,1,6,0.30714285714285716
eye_movements,randomforest,LOF,remove,1,7,0.27714285714285714
eye_movements,randomforest,LOF,remove,1,8,0.35336194563662376
eye_movements,randomforest,LOF,remove,1,9,0.3748211731044349
eye_movements,randomforest,LOF,remove,2,0,0.3171428571428571
eye_movements,randomforest,LOF,remove,2,1,0.37714285714285717
eye_movements,randomforest,LOF,remove,2,2,0.30857142857142855
eye_movements,randomforest,LOF,remove,2,3,0.33714285714285713
eye_movements,randomforest,LOF,remove,2,4,0.36857142857142855
eye_movements,randomforest,LOF,remove,2,5,0.3
eye_movements,randomforest,LOF,remove,2,6,0.32285714285714284
eye_movements,randomforest,LOF,remove,2,7,0.36428571428571427
eye_movements,randomforest,LOF,remove,2,8,0.3562231759656652
eye_movements,randomforest,LOF,remove,2,9,0.36194563662374823
eye_movements,randomforest,Autoencoder,remove,0,0,0.32285714285714284
eye_movements,randomforest,Autoencoder,remove,0,1,0.35714285714285715
eye_movements,randomforest,Autoencoder,remove,0,2,0.4114285714285714
eye_movements,randomforest,Autoencoder,remove,0,3,0.34
eye_movements,randomforest,Autoencoder,remove,0,4,0.34
eye_movements,randomforest,Autoencoder,remove,0,5,0.3385714285714286
eye_movements,randomforest,Autoencoder,remove,0,6,0.3242857142857143
eye_movements,randomforest,Autoencoder,remove,0,7,0.33285714285714285
eye_movements,randomforest,Autoencoder,remove,0,8,0.33476394849785407
eye_movements,randomforest,Autoencoder,remove,0,9,0.30042918454935624
eye_movements,randomforest,Autoencoder,remove,1,0,0.32142857142857145
eye_movements,randomforest,Autoencoder,remove,1,1,0.3057142857142857
eye_movements,randomforest,Autoencoder,remove,1,2,0.41714285714285715
eye_movements,randomforest,Autoencoder,remove,1,3,0.3414285714285714
eye_movements,randomforest,Autoencoder,remove,1,4,0.35285714285714287
eye_movements,randomforest,Autoencoder,remove,1,5,0.29
eye_movements,randomforest,Autoencoder,remove,1,6,0.3357142857142857
eye_movements,randomforest,Autoencoder,remove,1,7,0.3628571428571429
eye_movements,randomforest,Autoencoder,remove,1,8,0.3104434907010014
eye_movements,randomforest,Autoencoder,remove,1,9,0.37052932761087265
eye_movements,randomforest,Autoencoder,remove,2,0,0.33714285714285713
eye_movements,randomforest,Autoencoder,remove,2,1,0.36857142857142855
eye_movements,randomforest,Autoencoder,remove,2,2,0.3385714285714286
eye_movements,randomforest,Autoencoder,remove,2,3,0.37714285714285717
eye_movements,randomforest,Autoencoder,remove,2,4,0.32857142857142857
eye_movements,randomforest,Autoencoder,remove,2,5,0.35285714285714287
eye_movements,randomforest,Autoencoder,remove,2,6,0.34714285714285714
eye_movements,randomforest,Autoencoder,remove,2,7,0.36714285714285716
eye_movements,randomforest,Autoencoder,remove,2,8,0.33905579399141633
eye_movements,randomforest,Autoencoder,remove,2,9,0.33905579399141633
house_16H,mlp,None,remove,0,0,0.8680555555555556
house_16H,mlp,None,remove,0,1,0.8738425925925926
house_16H,mlp,None,remove,0,2,0.8922363847045192
house_16H,mlp,None,remove,0,3,0.8725376593279258
house_16H,mlp,None,remove,0,4,0.8783314020857474
house_16H,mlp,None,remove,0,5,0.8736964078794901
house_16H,mlp,None,remove,0,6,0.884125144843569
house_16H,mlp,None,remove,0,7,0.8632676709154113
house_16H,mlp,None,remove,0,8,0.8760139049826188
house_16H,mlp,None,remove,0,9,0.8690614136732329
house_16H,mlp,None,remove,1,0,0.875
house_16H,mlp,None,remove,1,1,0.8912037037037037
house_16H,mlp,None,remove,1,2,0.8887601390498262
house_16H,mlp,None,remove,1,3,0.8702201622247973
house_16H,mlp,None,remove,1,4,0.8632676709154113
house_16H,mlp,None,remove,1,5,0.8632676709154113
house_16H,mlp,None,remove,1,6,0.8609501738122828
house_16H,mlp,None,remove,1,7,0.8632676709154113
house_16H,mlp,None,remove,1,8,0.8760139049826188
house_16H,mlp,None,remove,1,9,0.8690614136732329
house_16H,mlp,None,remove,2,0,0.8738425925925926
house_16H,mlp,None,remove,2,1,0.8807870370370371
house_16H,mlp,None,remove,2,2,0.880648899188876
house_16H,mlp,None,remove,2,3,0.8679026651216686
house_16H,mlp,None,remove,2,4,0.86558516801854
house_16H,mlp,None,remove,2,5,0.8864426419466975
house_16H,mlp,None,remove,2,6,0.8725376593279258
house_16H,mlp,None,remove,2,7,0.8551564310544612
house_16H,mlp,None,remove,2,8,0.8690614136732329
house_16H,mlp,None,remove,2,9,0.8609501738122828
house_16H,mlp,ZScore,remove,0,0,0.8865740740740741
house_16H,mlp,ZScore,remove,0,1,0.8634259259259259
house_16H,mlp,ZScore,remove,0,2,0.8864426419466975
house_16H,mlp,ZScore,remove,0,3,0.8539976825028969
house_16H,mlp,ZScore,remove,0,4,0.8876013904982619
house_16H,mlp,ZScore,remove,0,5,0.8563151796060255
house_16H,mlp,ZScore,remove,0,6,0.8713789107763615
house_16H,mlp,ZScore,remove,0,7,0.8702201622247973
house_16H,mlp,ZScore,remove,0,8,0.880648899188876
house_16H,mlp,ZScore,remove,0,9,0.8621089223638471
house_16H,mlp,ZScore,remove,1,0,0.8576388888888888
house_16H,mlp,ZScore,remove,1,1,0.8969907407407407
house_16H,mlp,ZScore,remove,1,2,0.884125144843569
house_16H,mlp,ZScore,remove,1,3,0.8574739281575898
house_16H,mlp,ZScore,remove,1,4,0.8609501738122828
house_16H,mlp,ZScore,remove,1,5,0.8644264194669756
house_16H,mlp,ZScore,remove,1,6,0.8458864426419467
house_16H,mlp,ZScore,remove,1,7,0.8528389339513326
house_16H,mlp,ZScore,remove,1,8,0.8702201622247973
house_16H,mlp,ZScore,remove,1,9,0.8829663962920047
house_16H,mlp,ZScore,remove,2,0,0.875
house_16H,mlp,ZScore,remove,2,1,0.8692129629629629
house_16H,mlp,ZScore,remove,2,2,0.8690614136732329
house_16H,mlp,ZScore,remove,2,3,0.8679026651216686
house_16H,mlp,ZScore,remove,2,4,0.8563151796060255
house_16H,mlp,ZScore,remove,2,5,0.8876013904982619
house_16H,mlp,ZScore,remove,2,6,0.8736964078794901
house_16H,mlp,ZScore,remove,2,7,0.8528389339513326
house_16H,mlp,ZScore,remove,2,8,0.86558516801854
house_16H,mlp,ZScore,remove,2,9,0.8632676709154113
house_16H,mlp,ZScore,clip,0,0,0.875
house_16H,mlp,ZScore,clip,0,1,0.8541666666666666
house_16H,mlp,ZScore,clip,0,2,0.8945538818076477
house_16H,mlp,ZScore,clip,0,3,0.8736964078794901
house_16H,mlp,ZScore,clip,0,4,0.8910776361529548
house_16H,mlp,ZScore,clip,0,5,0.8725376593279258
house_16H,mlp,ZScore,clip,0,6,0.884125144843569
house_16H,mlp,ZScore,clip,0,7,0.8713789107763615
house_16H,mlp,ZScore,clip,0,8,0.8679026651216686
house_16H,mlp,ZScore,clip,0,9,0.8609501738122828
house_16H,mlp,ZScore,clip,1,0,0.8680555555555556
house_16H,mlp,ZScore,clip,1,1,0.8923611111111112
house_16H,mlp,ZScore,clip,1,2,0.8876013904982619
house_16H,mlp,ZScore,clip,1,3,0.8644264194669756
house_16H,mlp,ZScore,clip,1,4,0.8644264194669756
house_16H,mlp,ZScore,clip,1,5,0.8644264194669756
house_16H,mlp,ZScore,clip,1,6,0.8609501738122828
house_16H,mlp,ZScore,clip,1,7,0.8632676709154113
house_16H,mlp,ZScore,clip,1,8,0.8783314020857474
house_16H,mlp,ZScore,clip,1,9,0.8771726535341831
house_16H,mlp,ZScore,clip,2,0,0.8761574074074074
house_16H,mlp,ZScore,clip,2,1,0.8831018518518519
house_16H,mlp,ZScore,clip,2,2,0.880648899188876
house_16H,mlp,ZScore,clip,2,3,0.8702201622247973
house_16H,mlp,ZScore,clip,2,4,0.8609501738122828
house_16H,mlp,ZScore,clip,2,5,0.8945538818076477
house_16H,mlp,ZScore,clip,2,6,0.8609501738122828
house_16H,mlp,ZScore,clip,2,7,0.8609501738122828
house_16H,mlp,ZScore,clip,2,8,0.8713789107763615
house_16H,mlp,ZScore,clip,2,9,0.8621089223638471
house_16H,mlp,Percentile,remove,0,0,0.8599537037037037
house_16H,mlp,Percentile,remove,0,1,0.8599537037037037
house_16H,mlp,Percentile,remove,0,2,0.8771726535341831
house_16H,mlp,Percentile,remove,0,3,0.8493626882966396
house_16H,mlp,Percentile,remove,0,4,0.8771726535341831
house_16H,mlp,Percentile,remove,0,5,0.8331402085747392
house_16H,mlp,Percentile,remove,0,6,0.8609501738122828
house_16H,mlp,Percentile,remove,0,7,0.8516801853997682
house_16H,mlp,Percentile,remove,0,8,0.8667439165701043
house_16H,mlp,Percentile,remove,0,9,0.8435689455388181
house_16H,mlp,Percentile,remove,1,0,0.8518518518518519
house_16H,mlp,Percentile,remove,1,1,0.8888888888888888
house_16H,mlp,Percentile,remove,1,2,0.8783314020857474
house_16H,mlp,Percentile,remove,1,3,0.8551564310544612
house_16H,mlp,Percentile,remove,1,4,0.8539976825028969
house_16H,mlp,Percentile,remove,1,5,0.8574739281575898
house_16H,mlp,Percentile,remove,1,6,0.831981460023175
house_16H,mlp,Percentile,remove,1,7,0.847045191193511
house_16H,mlp,Percentile,remove,1,8,0.8586326767091541
house_16H,mlp,Percentile,remove,1,9,0.8632676709154113
house_16H,mlp,Percentile,remove,2,0,0.8587962962962963
house_16H,mlp,Percentile,remove,2,1,0.8738425925925926
house_16H,mlp,Percentile,remove,2,2,0.8736964078794901
house_16H,mlp,Percentile,remove,2,3,0.8574739281575898
house_16H,mlp,Percentile,remove,2,4,0.8482039397450754
house_16H,mlp,Percentile,remove,2,5,0.8725376593279258
house_16H,mlp,Percentile,remove,2,6,0.8516801853997682
house_16H,mlp,Percentile,remove,2,7,0.8342989571263036
house_16H,mlp,Percentile,remove,2,8,0.8667439165701043
house_16H,mlp,Percentile,remove,2,9,0.8563151796060255
house_16H,mlp,Percentile,clip,0,0,0.8819444444444444
house_16H,mlp,Percentile,clip,0,1,0.8564814814814815
house_16H,mlp,Percentile,clip,0,2,0.899188876013905
house_16H,mlp,Percentile,clip,0,3,0.8679026651216686
house_16H,mlp,Percentile,clip,0,4,0.880648899188876
house_16H,mlp,Percentile,clip,0,5,0.8690614136732329
house_16H,mlp,Percentile,clip,0,6,0.8829663962920047
house_16H,mlp,Percentile,clip,0,7,0.884125144843569
house_16H,mlp,Percentile,clip,0,8,0.8667439165701043
house_16H,mlp,Percentile,clip,0,9,0.8679026651216686
house_16H,mlp,Percentile,clip,1,0,0.8668981481481481
house_16H,mlp,Percentile,clip,1,1,0.8946759259259259
house_16H,mlp,Percentile,clip,1,2,0.895712630359212
house_16H,mlp,Percentile,clip,1,3,0.8679026651216686
house_16H,mlp,Percentile,clip,1,4,0.8736964078794901
house_16H,mlp,Percentile,clip,1,5,0.8597914252607184
house_16H,mlp,Percentile,clip,1,6,0.8644264194669756
house_16H,mlp,Percentile,clip,1,7,0.8621089223638471
house_16H,mlp,Percentile,clip,1,8,0.8783314020857474
house_16H,mlp,Percentile,clip,1,9,0.8794901506373117
house_16H,mlp,Percentile,clip,2,0,0.8888888888888888
house_16H,mlp,Percentile,clip,2,1,0.8761574074074074
house_16H,mlp,Percentile,clip,2,2,0.8760139049826188
house_16H,mlp,Percentile,clip,2,3,0.8771726535341831
house_16H,mlp,Percentile,clip,2,4,0.8539976825028969
house_16H,mlp,Percentile,clip,2,5,0.895712630359212
house_16H,mlp,Percentile,clip,2,6,0.8690614136732329
house_16H,mlp,Percentile,clip,2,7,0.8574739281575898
house_16H,mlp,Percentile,clip,2,8,0.8771726535341831
house_16H,mlp,Percentile,clip,2,9,0.86558516801854
house_16H,mlp,IsolationForest,remove,0,0,0.8796296296296297
house_16H,mlp,IsolationForest,remove,0,1,0.8622685185185185
house_16H,mlp,IsolationForest,remove,0,2,0.884125144843569
house_16H,mlp,IsolationForest,remove,0,3,0.8609501738122828
house_16H,mlp,IsolationForest,remove,0,4,0.8818076477404403
house_16H,mlp,IsolationForest,remove,0,5,0.8621089223638471
house_16H,mlp,IsolationForest,remove,0,6,0.8794901506373117
house_16H,mlp,IsolationForest,remove,0,7,0.86558516801854
house_16H,mlp,IsolationForest,remove,0,8,0.8690614136732329
house_16H,mlp,IsolationForest,remove,0,9,0.8690614136732329
house_16H,mlp,IsolationForest,remove,1,0,0.8611111111111112
house_16H,mlp,IsolationForest,remove,1,1,0.8912037037037037
house_16H,mlp,IsolationForest,remove,1,2,0.8887601390498262
house_16H,mlp,IsolationForest,remove,1,3,0.8679026651216686
house_16H,mlp,IsolationForest,remove,1,4,0.8644264194669756
house_16H,mlp,IsolationForest,remove,1,5,0.8632676709154113
house_16H,mlp,IsolationForest,remove,1,6,0.8586326767091541
house_16H,mlp,IsolationForest,remove,1,7,0.8563151796060255
house_16H,mlp,IsolationForest,remove,1,8,0.8702201622247973
house_16H,mlp,IsolationForest,remove,1,9,0.8632676709154113
house_16H,mlp,IsolationForest,remove,2,0,0.8738425925925926
house_16H,mlp,IsolationForest,remove,2,1,0.8784722222222222
house_16H,mlp,IsolationForest,remove,2,2,0.8702201622247973
house_16H,mlp,IsolationForest,remove,2,3,0.8632676709154113
house_16H,mlp,IsolationForest,remove,2,4,0.8597914252607184
house_16H,mlp,IsolationForest,remove,2,5,0.8887601390498262
house_16H,mlp,IsolationForest,remove,2,6,0.8760139049826188
house_16H,mlp,IsolationForest,remove,2,7,0.8609501738122828
house_16H,mlp,IsolationForest,remove,2,8,0.8702201622247973
house_16H,mlp,IsolationForest,remove,2,9,0.8632676709154113
house_16H,mlp,LOF,remove,0,0,0.8796296296296297
house_16H,mlp,LOF,remove,0,1,0.8738425925925926
house_16H,mlp,LOF,remove,0,2,0.8980301274623407
house_16H,mlp,LOF,remove,0,3,0.8667439165701043
house_16H,mlp,LOF,remove,0,4,0.880648899188876
house_16H,mlp,LOF,remove,0,5,0.8713789107763615
house_16H,mlp,LOF,remove,0,6,0.8794901506373117
house_16H,mlp,LOF,remove,0,7,0.8713789107763615
house_16H,mlp,LOF,remove,0,8,0.8783314020857474
house_16H,mlp,LOF,remove,0,9,0.8725376593279258
house_16H,mlp,LOF,remove,1,0,0.8738425925925926
house_16H,mlp,LOF,remove,1,1,0.8819444444444444
house_16H,mlp,LOF,remove,1,2,0.8945538818076477
house_16H,mlp,LOF,remove,1,3,0.8702201622247973
house_16H,mlp,LOF,remove,1,4,0.8644264194669756
house_16H,mlp,LOF,remove,1,5,0.8667439165701043
house_16H,mlp,LOF,remove,1,6,0.8632676709154113
house_16H,mlp,LOF,remove,1,7,0.8563151796060255
house_16H,mlp,LOF,remove,1,8,0.8794901506373117
house_16H,mlp,LOF,remove,1,9,0.8818076477404403
house_16H,mlp,LOF,remove,2,0,0.8726851851851852
house_16H,mlp,LOF,remove,2,1,0.8842592592592593
house_16H,mlp,LOF,remove,2,2,0.8910776361529548
house_16H,mlp,LOF,remove,2,3,0.8725376593279258
house_16H,mlp,LOF,remove,2,4,0.8679026651216686
house_16H,mlp,LOF,remove,2,5,0.8945538818076477
house_16H,mlp,LOF,remove,2,6,0.8632676709154113
house_16H,mlp,LOF,remove,2,7,0.86558516801854
house_16H,mlp,LOF,remove,2,8,0.8818076477404403
house_16H,mlp,LOF,remove,2,9,0.8586326767091541
house_16H,mlp,Autoencoder,remove,0,0,0.8796296296296297
house_16H,mlp,Autoencoder,remove,0,1,0.8738425925925926
house_16H,mlp,Autoencoder,remove,0,2,0.8876013904982619
house_16H,mlp,Autoencoder,remove,0,3,0.8690614136732329
house_16H,mlp,Autoencoder,remove,0,4,0.8922363847045192
house_16H,mlp,Autoencoder,remove,0,5,0.8690614136732329
house_16H,mlp,Autoencoder,remove,0,6,0.8876013904982619
house_16H,mlp,Autoencoder,remove,0,7,0.8702201622247973
house_16H,mlp,Autoencoder,remove,0,8,0.8713789107763615
house_16H,mlp,Autoencoder,remove,0,9,0.8783314020857474
house_16H,mlp,Autoencoder,remove,1,0,0.8773148148148148
house_16H,mlp,Autoencoder,remove,1,1,0.8831018518518519
house_16H,mlp,Autoencoder,remove,1,2,0.8887601390498262
house_16H,mlp,Autoencoder,remove,1,3,0.8702201622247973
house_16H,mlp,Autoencoder,remove,1,4,0.8586326767091541
house_16H,mlp,Autoencoder,remove,1,5,0.8794901506373117
house_16H,mlp,Autoencoder,remove,1,6,0.8597914252607184
house_16H,mlp,Autoencoder,remove,1,7,0.8609501738122828
house_16H,mlp,Autoencoder,remove,1,8,0.8736964078794901
house_16H,mlp,Autoencoder,remove,1,9,0.8783314020857474
house_16H,mlp,Autoencoder,remove,2,0,0.8819444444444444
house_16H,mlp,Autoencoder,remove,2,1,0.8854166666666666
house_16H,mlp,Autoencoder,remove,2,2,0.8910776361529548
house_16H,mlp,Autoencoder,remove,2,3,0.8690614136732329
house_16H,mlp,Autoencoder,remove,2,4,0.86558516801854
house_16H,mlp,Autoencoder,remove,2,5,0.8899188876013905
house_16H,mlp,Autoencoder,remove,2,6,0.8690614136732329
house_16H,mlp,Autoencoder,remove,2,7,0.8702201622247973
house_16H,mlp,Autoencoder,remove,2,8,0.8760139049826188
house_16H,mlp,Autoencoder,remove,2,9,0.8632676709154113
house_16H,xgboost,None,remove,0,0,0.8831018518518519
house_16H,xgboost,None,remove,0,1,0.8703703703703703
house_16H,xgboost,None,remove,0,2,0.9073001158748552
house_16H,xgboost,None,remove,0,3,0.880648899188876
house_16H,xgboost,None,remove,0,4,0.8899188876013905
house_16H,xgboost,None,remove,0,5,0.8818076477404403
house_16H,xgboost,None,remove,0,6,0.8945538818076477
house_16H,xgboost,None,remove,0,7,0.8829663962920047
house_16H,xgboost,None,remove,0,8,0.8887601390498262
house_16H,xgboost,None,remove,0,9,0.8760139049826188
house_16H,xgboost,None,remove,1,0,0.8773148148148148
house_16H,xgboost,None,remove,1,1,0.9143518518518519
house_16H,xgboost,None,remove,1,2,0.899188876013905
house_16H,xgboost,None,remove,1,3,0.8760139049826188
house_16H,xgboost,None,remove,1,4,0.8725376593279258
house_16H,xgboost,None,remove,1,5,0.880648899188876
house_16H,xgboost,None,remove,1,6,0.8736964078794901
house_16H,xgboost,None,remove,1,7,0.8887601390498262
house_16H,xgboost,None,remove,1,8,0.8713789107763615
house_16H,xgboost,None,remove,1,9,0.8760139049826188
house_16H,xgboost,None,remove,2,0,0.8923611111111112
house_16H,xgboost,None,remove,2,1,0.8900462962962963
house_16H,xgboost,None,remove,2,2,0.8864426419466975
house_16H,xgboost,None,remove,2,3,0.8794901506373117
house_16H,xgboost,None,remove,2,4,0.8760139049826188
house_16H,xgboost,None,remove,2,5,0.9026651216685979
house_16H,xgboost,None,remove,2,6,0.8748551564310545
house_16H,xgboost,None,remove,2,7,0.8922363847045192
house_16H,xgboost,None,remove,2,8,0.8829663962920047
house_16H,xgboost,None,remove,2,9,0.8690614136732329
house_16H,xgboost,ZScore,remove,0,0,0.8773148148148148
house_16H,xgboost,ZScore,remove,0,1,0.8703703703703703
house_16H,xgboost,ZScore,remove,0,2,0.8980301274623407
house_16H,xgboost,ZScore,remove,0,3,0.8794901506373117
house_16H,xgboost,ZScore,remove,0,4,0.8713789107763615
house_16H,xgboost,ZScore,remove,0,5,0.8783314020857474
house_16H,xgboost,ZScore,remove,0,6,0.8922363847045192
house_16H,xgboost,ZScore,remove,0,7,0.8876013904982619
house_16H,xgboost,ZScore,remove,0,8,0.8725376593279258
house_16H,xgboost,ZScore,remove,0,9,0.8748551564310545
house_16H,xgboost,ZScore,remove,1,0,0.8819444444444444
house_16H,xgboost,ZScore,remove,1,1,0.9120370370370371
house_16H,xgboost,ZScore,remove,1,2,0.8922363847045192
house_16H,xgboost,ZScore,remove,1,3,0.8725376593279258
house_16H,xgboost,ZScore,remove,1,4,0.8713789107763615
house_16H,xgboost,ZScore,remove,1,5,0.8736964078794901
house_16H,xgboost,ZScore,remove,1,6,0.8690614136732329
house_16H,xgboost,ZScore,remove,1,7,0.880648899188876
house_16H,xgboost,ZScore,remove,1,8,0.8748551564310545
house_16H,xgboost,ZScore,remove,1,9,0.8679026651216686
house_16H,xgboost,ZScore,remove,2,0,0.8715277777777778
house_16H,xgboost,ZScore,remove,2,1,0.8842592592592593
house_16H,xgboost,ZScore,remove,2,2,0.8876013904982619
house_16H,xgboost,ZScore,remove,2,3,0.8818076477404403
house_16H,xgboost,ZScore,remove,2,4,0.8632676709154113
house_16H,xgboost,ZScore,remove,2,5,0.8910776361529548
house_16H,xgboost,ZScore,remove,2,6,0.8852838933951332
house_16H,xgboost,ZScore,remove,2,7,0.8771726535341831
house_16H,xgboost,ZScore,remove,2,8,0.8794901506373117
house_16H,xgboost,ZScore,remove,2,9,0.8760139049826188
house_16H,xgboost,ZScore,clip,0,0,0.8819444444444444
house_16H,xgboost,ZScore,clip,0,1,0.8726851851851852
house_16H,xgboost,ZScore,clip,0,2,0.9049826187717266
house_16H,xgboost,ZScore,clip,0,3,0.8760139049826188
house_16H,xgboost,ZScore,clip,0,4,0.8783314020857474
house_16H,xgboost,ZScore,clip,0,5,0.8725376593279258
house_16H,xgboost,ZScore,clip,0,6,0.899188876013905
house_16H,xgboost,ZScore,clip,0,7,0.8864426419466975
house_16H,xgboost,ZScore,clip,0,8,0.8818076477404403
house_16H,xgboost,ZScore,clip,0,9,0.8771726535341831
house_16H,xgboost,ZScore,clip,1,0,0.8854166666666666
house_16H,xgboost,ZScore,clip,1,1,0.9074074074074074
house_16H,xgboost,ZScore,clip,1,2,0.9049826187717266
house_16H,xgboost,ZScore,clip,1,3,0.8794901506373117
house_16H,xgboost,ZScore,clip,1,4,0.8679026651216686
house_16H,xgboost,ZScore,clip,1,5,0.8829663962920047
house_16H,xgboost,ZScore,clip,1,6,0.8679026651216686
house_16H,xgboost,ZScore,clip,1,7,0.8876013904982619
house_16H,xgboost,ZScore,clip,1,8,0.86558516801854
house_16H,xgboost,ZScore,clip,1,9,0.8725376593279258
house_16H,xgboost,ZScore,clip,2,0,0.8877314814814815
house_16H,xgboost,ZScore,clip,2,1,0.8865740740740741
house_16H,xgboost,ZScore,clip,2,2,0.9003476245654692
house_16H,xgboost,ZScore,clip,2,3,0.880648899188876
house_16H,xgboost,ZScore,clip,2,4,0.8713789107763615
house_16H,xgboost,ZScore,clip,2,5,0.899188876013905
house_16H,xgboost,ZScore,clip,2,6,0.8771726535341831
house_16H,xgboost,ZScore,clip,2,7,0.8736964078794901
house_16H,xgboost,ZScore,clip,2,8,0.8864426419466975
house_16H,xgboost,ZScore,clip,2,9,0.8725376593279258
house_16H,xgboost,Percentile,remove,0,0,0.8506944444444444
house_16H,xgboost,Percentile,remove,0,1,0.8680555555555556
house_16H,xgboost,Percentile,remove,0,2,0.8829663962920047
house_16H,xgboost,Percentile,remove,0,3,0.8771726535341831
house_16H,xgboost,Percentile,remove,0,4,0.8551564310544612
house_16H,xgboost,Percentile,remove,0,5,0.8621089223638471
house_16H,xgboost,Percentile,remove,0,6,0.8829663962920047
house_16H,xgboost,Percentile,remove,0,7,0.8794901506373117
house_16H,xgboost,Percentile,remove,0,8,0.86558516801854
house_16H,xgboost,Percentile,remove,0,9,0.8736964078794901
house_16H,xgboost,Percentile,remove,1,0,0.8634259259259259
house_16H,xgboost,Percentile,remove,1,1,0.8807870370370371
house_16H,xgboost,Percentile,remove,1,2,0.8852838933951332
house_16H,xgboost,Percentile,remove,1,3,0.8632676709154113
house_16H,xgboost,Percentile,remove,1,4,0.8597914252607184
house_16H,xgboost,Percentile,remove,1,5,0.8702201622247973
house_16H,xgboost,Percentile,remove,1,6,0.8493626882966396
house_16H,xgboost,Percentile,remove,1,7,0.8783314020857474
house_16H,xgboost,Percentile,remove,1,8,0.8563151796060255
house_16H,xgboost,Percentile,remove,1,9,0.8586326767091541
house_16H,xgboost,Percentile,remove,2,0,0.8587962962962963
house_16H,xgboost,Percentile,remove,2,1,0.875
house_16H,xgboost,Percentile,remove,2,2,0.8852838933951332
house_16H,xgboost,Percentile,remove,2,3,0.8644264194669756
house_16H,xgboost,Percentile,remove,2,4,0.8702201622247973
house_16H,xgboost,Percentile,remove,2,5,0.8818076477404403
house_16H,xgboost,Percentile,remove,2,6,0.8667439165701043
house_16H,xgboost,Percentile,remove,2,7,0.8667439165701043
house_16H,xgboost,Percentile,remove,2,8,0.8702201622247973
house_16H,xgboost,Percentile,remove,2,9,0.8458864426419467
house_16H,xgboost,Percentile,clip,0,0,0.8796296296296297
house_16H,xgboost,Percentile,clip,0,1,0.8692129629629629
house_16H,xgboost,Percentile,clip,0,2,0.9073001158748552
house_16H,xgboost,Percentile,clip,0,3,0.8679026651216686
house_16H,xgboost,Percentile,clip,0,4,0.8794901506373117
house_16H,xgboost,Percentile,clip,0,5,0.8783314020857474
house_16H,xgboost,Percentile,clip,0,6,0.8829663962920047
house_16H,xgboost,Percentile,clip,0,7,0.8852838933951332
house_16H,xgboost,Percentile,clip,0,8,0.8864426419466975
house_16H,xgboost,Percentile,clip,0,9,0.880648899188876
house_16H,xgboost,Percentile,clip,1,0,0.875
house_16H,xgboost,Percentile,clip,1,1,0.9027777777777778
house_16H,xgboost,Percentile,clip,1,2,0.8922363847045192
house_16H,xgboost,Percentile,clip,1,3,0.8760139049826188
house_16H,xgboost,Percentile,clip,1,4,0.86558516801854
house_16H,xgboost,Percentile,clip,1,5,0.880648899188876
house_16H,xgboost,Percentile,clip,1,6,0.8736964078794901
house_16H,xgboost,Percentile,clip,1,7,0.8818076477404403
house_16H,xgboost,Percentile,clip,1,8,0.880648899188876
house_16H,xgboost,Percentile,clip,1,9,0.8679026651216686
house_16H,xgboost,Percentile,clip,2,0,0.8865740740740741
house_16H,xgboost,Percentile,clip,2,1,0.8888888888888888
house_16H,xgboost,Percentile,clip,2,2,0.8876013904982619
house_16H,xgboost,Percentile,clip,2,3,0.880648899188876
house_16H,xgboost,Percentile,clip,2,4,0.8725376593279258
house_16H,xgboost,Percentile,clip,2,5,0.899188876013905
house_16H,xgboost,Percentile,clip,2,6,0.8725376593279258
house_16H,xgboost,Percentile,clip,2,7,0.880648899188876
house_16H,xgboost,Percentile,clip,2,8,0.8632676709154113
house_16H,xgboost,Percentile,clip,2,9,0.8632676709154113
house_16H,xgboost,IsolationForest,remove,0,0,0.8831018518518519
house_16H,xgboost,IsolationForest,remove,0,1,0.8842592592592593
house_16H,xgboost,IsolationForest,remove,0,2,0.895712630359212
house_16H,xgboost,IsolationForest,remove,0,3,0.8713789107763615
house_16H,xgboost,IsolationForest,remove,0,4,0.8922363847045192
house_16H,xgboost,IsolationForest,remove,0,5,0.8818076477404403
house_16H,xgboost,IsolationForest,remove,0,6,0.8968713789107764
house_16H,xgboost,IsolationForest,remove,0,7,0.8899188876013905
house_16H,xgboost,IsolationForest,remove,0,8,0.8829663962920047
house_16H,xgboost,IsolationForest,remove,0,9,0.8794901506373117
house_16H,xgboost,IsolationForest,remove,1,0,0.8761574074074074
house_16H,xgboost,IsolationForest,remove,1,1,0.9074074074074074
house_16H,xgboost,IsolationForest,remove,1,2,0.8968713789107764
house_16H,xgboost,IsolationForest,remove,1,3,0.880648899188876
house_16H,xgboost,IsolationForest,remove,1,4,0.8794901506373117
house_16H,xgboost,IsolationForest,remove,1,5,0.8818076477404403
house_16H,xgboost,IsolationForest,remove,1,6,0.8736964078794901
house_16H,xgboost,IsolationForest,remove,1,7,0.884125144843569
house_16H,xgboost,IsolationForest,remove,1,8,0.8702201622247973
house_16H,xgboost,IsolationForest,remove,1,9,0.8713789107763615
house_16H,xgboost,IsolationForest,remove,2,0,0.8842592592592593
house_16H,xgboost,IsolationForest,remove,2,1,0.8761574074074074
house_16H,xgboost,IsolationForest,remove,2,2,0.8945538818076477
house_16H,xgboost,IsolationForest,remove,2,3,0.8852838933951332
house_16H,xgboost,IsolationForest,remove,2,4,0.8852838933951332
house_16H,xgboost,IsolationForest,remove,2,5,0.9061413673232909
house_16H,xgboost,IsolationForest,remove,2,6,0.8899188876013905
house_16H,xgboost,IsolationForest,remove,2,7,0.8771726535341831
house_16H,xgboost,IsolationForest,remove,2,8,0.8679026651216686
house_16H,xgboost,IsolationForest,remove,2,9,0.8632676709154113
house_16H,xgboost,LOF,remove,0,0,0.8668981481481481
house_16H,xgboost,LOF,remove,0,1,0.8773148148148148
house_16H,xgboost,LOF,remove,0,2,0.9107763615295481
house_16H,xgboost,LOF,remove,0,3,0.8748551564310545
house_16H,xgboost,LOF,remove,0,4,0.8829663962920047
house_16H,xgboost,LOF,remove,0,5,0.8736964078794901
house_16H,xgboost,LOF,remove,0,6,0.8864426419466975
house_16H,xgboost,LOF,remove,0,7,0.8980301274623407
house_16H,xgboost,LOF,remove,0,8,0.8760139049826188
house_16H,xgboost,LOF,remove,0,9,0.8818076477404403
house_16H,xgboost,LOF,remove,1,0,0.8831018518518519
house_16H,xgboost,LOF,remove,1,1,0.9155092592592593
house_16H,xgboost,LOF,remove,1,2,0.8899188876013905
house_16H,xgboost,LOF,remove,1,3,0.8690614136732329
house_16H,xgboost,LOF,remove,1,4,0.8632676709154113
house_16H,xgboost,LOF,remove,1,5,0.8899188876013905
house_16H,xgboost,LOF,remove,1,6,0.8702201622247973
house_16H,xgboost,LOF,remove,1,7,0.8864426419466975
house_16H,xgboost,LOF,remove,1,8,0.8760139049826188
house_16H,xgboost,LOF,remove,1,9,0.8690614136732329
house_16H,xgboost,LOF,remove,2,0,0.8842592592592593
house_16H,xgboost,LOF,remove,2,1,0.875
house_16H,xgboost,LOF,remove,2,2,0.8922363847045192
house_16H,xgboost,LOF,remove,2,3,0.880648899188876
house_16H,xgboost,LOF,remove,2,4,0.8783314020857474
house_16H,xgboost,LOF,remove,2,5,0.8922363847045192
house_16H,xgboost,LOF,remove,2,6,0.8771726535341831
house_16H,xgboost,LOF,remove,2,7,0.8760139049826188
house_16H,xgboost,LOF,remove,2,8,0.880648899188876
house_16H,xgboost,LOF,remove,2,9,0.8725376593279258
house_16H,xgboost,Autoencoder,remove,0,0,0.8842592592592593
house_16H,xgboost,Autoencoder,remove,0,1,0.8773148148148148
house_16H,xgboost,Autoencoder,remove,0,2,0.9084588644264194
house_16H,xgboost,Autoencoder,remove,0,3,0.8829663962920047
house_16H,xgboost,Autoencoder,remove,0,4,0.880648899188876
house_16H,xgboost,Autoencoder,remove,0,5,0.8713789107763615
house_16H,xgboost,Autoencoder,remove,0,6,0.8899188876013905
house_16H,xgboost,Autoencoder,remove,0,7,0.8922363847045192
house_16H,xgboost,Autoencoder,remove,0,8,0.8794901506373117
house_16H,xgboost,Autoencoder,remove,0,9,0.8748551564310545
house_16H,xgboost,Autoencoder,remove,1,0,0.8761574074074074
house_16H,xgboost,Autoencoder,remove,1,1,0.9097222222222222
house_16H,xgboost,Autoencoder,remove,1,2,0.9003476245654692
house_16H,xgboost,Autoencoder,remove,1,3,0.8760139049826188
house_16H,xgboost,Autoencoder,remove,1,4,0.8725376593279258
house_16H,xgboost,Autoencoder,remove,1,5,0.8945538818076477
house_16H,xgboost,Autoencoder,remove,1,6,0.86558516801854
house_16H,xgboost,Autoencoder,remove,1,7,0.8922363847045192
house_16H,xgboost,Autoencoder,remove,1,8,0.8736964078794901
house_16H,xgboost,Autoencoder,remove,1,9,0.8713789107763615
house_16H,xgboost,Autoencoder,remove,2,0,0.8912037037037037
house_16H,xgboost,Autoencoder,remove,2,1,0.875
house_16H,xgboost,Autoencoder,remove,2,2,0.8910776361529548
house_16H,xgboost,Autoencoder,remove,2,3,0.8887601390498262
house_16H,xgboost,Autoencoder,remove,2,4,0.8760139049826188
house_16H,xgboost,Autoencoder,remove,2,5,0.8910776361529548
house_16H,xgboost,Autoencoder,remove,2,6,0.8829663962920047
house_16H,xgboost,Autoencoder,remove,2,7,0.8818076477404403
house_16H,xgboost,Autoencoder,remove,2,8,0.8818076477404403
house_16H,xgboost,Autoencoder,remove,2,9,0.8632676709154113
house_16H,randomforest,None,remove,0,0,0.8668981481481481
house_16H,randomforest,None,remove,0,1,0.8831018518518519
house_16H,randomforest,None,remove,0,2,0.8887601390498262
house_16H,randomforest,None,remove,0,3,0.8748551564310545
house_16H,randomforest,None,remove,0,4,0.8771726535341831
house_16H,randomforest,None,remove,0,5,0.8818076477404403
house_16H,randomforest,None,remove,0,6,0.8945538818076477
house_16H,randomforest,None,remove,0,7,0.8760139049826188
house_16H,randomforest,None,remove,0,8,0.8783314020857474
house_16H,randomforest,None,remove,0,9,0.8818076477404403
house_16H,randomforest,None,remove,1,0,0.8784722222222222
house_16H,randomforest,None,remove,1,1,0.8854166666666666
house_16H,randomforest,None,remove,1,2,0.9096176129779838
house_16H,randomforest,None,remove,1,3,0.8702201622247973
house_16H,randomforest,None,remove,1,4,0.8736964078794901
house_16H,randomforest,None,remove,1,5,0.880648899188876
house_16H,randomforest,None,remove,1,6,0.8713789107763615
house_16H,randomforest,None,remove,1,7,0.8922363847045192
house_16H,randomforest,None,remove,1,8,0.86558516801854
house_16H,randomforest,None,remove,1,9,0.8783314020857474
house_16H,randomforest,None,remove,2,0,0.8796296296296297
house_16H,randomforest,None,remove,2,1,0.875
house_16H,randomforest,None,remove,2,2,0.895712630359212
house_16H,randomforest,None,remove,2,3,0.8829663962920047
house_16H,randomforest,None,remove,2,4,0.8736964078794901
house_16H,randomforest,None,remove,2,5,0.8933951332560834
house_16H,randomforest,None,remove,2,6,0.8690614136732329
house_16H,randomforest,None,remove,2,7,0.884125144843569
house_16H,randomforest,None,remove,2,8,0.880648899188876
house_16H,randomforest,None,remove,2,9,0.8516801853997682
house_16H,randomforest,ZScore,remove,0,0,0.875
house_16H,randomforest,ZScore,remove,0,1,0.8692129629629629
house_16H,randomforest,ZScore,remove,0,2,0.8876013904982619
house_16H,randomforest,ZScore,remove,0,3,0.8621089223638471
house_16H,randomforest,ZScore,remove,0,4,0.8702201622247973
house_16H,randomforest,ZScore,remove,0,5,0.8713789107763615
house_16H,randomforest,ZScore,remove,0,6,0.8829663962920047
house_16H,randomforest,ZScore,remove,0,7,0.8713789107763615
house_16H,randomforest,ZScore,remove,0,8,0.8748551564310545
house_16H,randomforest,ZScore,remove,0,9,0.8713789107763615
house_16H,randomforest,ZScore,remove,1,0,0.8692129629629629
house_16H,randomforest,ZScore,remove,1,1,0.8819444444444444
house_16H,randomforest,ZScore,remove,1,2,0.9084588644264194
house_16H,randomforest,ZScore,remove,1,3,0.8736964078794901
house_16H,randomforest,ZScore,remove,1,4,0.8505214368482039
house_16H,randomforest,ZScore,remove,1,5,0.8702201622247973
house_16H,randomforest,ZScore,remove,1,6,0.8702201622247973
house_16H,randomforest,ZScore,remove,1,7,0.880648899188876
house_16H,randomforest,ZScore,remove,1,8,0.8667439165701043
house_16H,randomforest,ZScore,remove,1,9,0.8597914252607184
house_16H,randomforest,ZScore,remove,2,0,0.8738425925925926
house_16H,randomforest,ZScore,remove,2,1,0.8668981481481481
house_16H,randomforest,ZScore,remove,2,2,0.8899188876013905
house_16H,randomforest,ZScore,remove,2,3,0.8702201622247973
house_16H,randomforest,ZScore,remove,2,4,0.8690614136732329
house_16H,randomforest,ZScore,remove,2,5,0.895712630359212
house_16H,randomforest,ZScore,remove,2,6,0.8690614136732329
house_16H,randomforest,ZScore,remove,2,7,0.8748551564310545
house_16H,randomforest,ZScore,remove,2,8,0.880648899188876
house_16H,randomforest,ZScore,remove,2,9,0.8435689455388181
house_16H,randomforest,ZScore,clip,0,0,0.8668981481481481
house_16H,randomforest,ZScore,clip,0,1,0.8796296296296297
house_16H,randomforest,ZScore,clip,0,2,0.8945538818076477
house_16H,randomforest,ZScore,clip,0,3,0.8794901506373117
house_16H,randomforest,ZScore,clip,0,4,0.8771726535341831
house_16H,randomforest,ZScore,clip,0,5,0.8794901506373117
house_16H,randomforest,ZScore,clip,0,6,0.8876013904982619
house_16H,randomforest,ZScore,clip,0,7,0.8794901506373117
house_16H,randomforest,ZScore,clip,0,8,0.8760139049826188
house_16H,randomforest,ZScore,clip,0,9,0.8794901506373117
house_16H,randomforest,ZScore,clip,1,0,0.8692129629629629
house_16H,randomforest,ZScore,clip,1,1,0.9004629629629629
house_16H,randomforest,ZScore,clip,1,2,0.9061413673232909
house_16H,randomforest,ZScore,clip,1,3,0.8667439165701043
house_16H,randomforest,ZScore,clip,1,4,0.8644264194669756
house_16H,randomforest,ZScore,clip,1,5,0.880648899188876
house_16H,randomforest,ZScore,clip,1,6,0.8771726535341831
house_16H,randomforest,ZScore,clip,1,7,0.880648899188876
house_16H,randomforest,ZScore,clip,1,8,0.8609501738122828
house_16H,randomforest,ZScore,clip,1,9,0.8679026651216686
house_16H,randomforest,ZScore,clip,2,0,0.8807870370370371
house_16H,randomforest,ZScore,clip,2,1,0.8738425925925926
house_16H,randomforest,ZScore,clip,2,2,0.8933951332560834
house_16H,randomforest,ZScore,clip,2,3,0.8760139049826188
house_16H,randomforest,ZScore,clip,2,4,0.8725376593279258
house_16H,randomforest,ZScore,clip,2,5,0.895712630359212
house_16H,randomforest,ZScore,clip,2,6,0.8748551564310545
house_16H,randomforest,ZScore,clip,2,7,0.8876013904982619
house_16H,randomforest,ZScore,clip,2,8,0.8783314020857474
house_16H,randomforest,ZScore,clip,2,9,0.8528389339513326
house_16H,randomforest,Percentile,remove,0,0,0.8449074074074074
house_16H,randomforest,Percentile,remove,0,1,0.8680555555555556
house_16H,randomforest,Percentile,remove,0,2,0.8794901506373117
house_16H,randomforest,Percentile,remove,0,3,0.8713789107763615
house_16H,randomforest,Percentile,remove,0,4,0.8493626882966396
house_16H,randomforest,Percentile,remove,0,5,0.8528389339513326
house_16H,randomforest,Percentile,remove,0,6,0.8621089223638471
house_16H,randomforest,Percentile,remove,0,7,0.8632676709154113
house_16H,randomforest,Percentile,remove,0,8,0.8597914252607184
house_16H,randomforest,Percentile,remove,0,9,0.8621089223638471
house_16H,randomforest,Percentile,remove,1,0,0.8657407407407407
house_16H,randomforest,Percentile,remove,1,1,0.8680555555555556
house_16H,randomforest,Percentile,remove,1,2,0.8933951332560834
house_16H,randomforest,Percentile,remove,1,3,0.8551564310544612
house_16H,randomforest,Percentile,remove,1,4,0.8493626882966396
house_16H,randomforest,Percentile,remove,1,5,0.8632676709154113
house_16H,randomforest,Percentile,remove,1,6,0.8493626882966396
house_16H,randomforest,Percentile,remove,1,7,0.8783314020857474
house_16H,randomforest,Percentile,remove,1,8,0.8493626882966396
house_16H,randomforest,Percentile,remove,1,9,0.8621089223638471
house_16H,randomforest,Percentile,remove,2,0,0.8692129629629629
house_16H,randomforest,Percentile,remove,2,1,0.8564814814814815
house_16H,randomforest,Percentile,remove,2,2,0.880648899188876
house_16H,randomforest,Percentile,remove,2,3,0.8690614136732329
house_16H,randomforest,Percentile,remove,2,4,0.8597914252607184
house_16H,randomforest,Percentile,remove,2,5,0.8876013904982619
house_16H,randomforest,Percentile,remove,2,6,0.8574739281575898
house_16H,randomforest,Percentile,remove,2,7,0.8551564310544612
house_16H,randomforest,Percentile,remove,2,8,0.8748551564310545
house_16H,randomforest,Percentile,remove,2,9,0.8377752027809965
house_16H,randomforest,Percentile,clip,0,0,0.875
house_16H,randomforest,Percentile,clip,0,1,0.8796296296296297
house_16H,randomforest,Percentile,clip,0,2,0.8910776361529548
house_16H,randomforest,Percentile,clip,0,3,0.8794901506373117
house_16H,randomforest,Percentile,clip,0,4,0.8736964078794901
house_16H,randomforest,Percentile,clip,0,5,0.8725376593279258
house_16H,randomforest,Percentile,clip,0,6,0.8899188876013905
house_16H,randomforest,Percentile,clip,0,7,0.8829663962920047
house_16H,randomforest,Percentile,clip,0,8,0.8748551564310545
house_16H,randomforest,Percentile,clip,0,9,0.8852838933951332
house_16H,randomforest,Percentile,clip,1,0,0.8726851851851852
house_16H,randomforest,Percentile,clip,1,1,0.8935185185185185
house_16H,randomforest,Percentile,clip,1,2,0.9038238702201622
house_16H,randomforest,Percentile,clip,1,3,0.8748551564310545
house_16H,randomforest,Percentile,clip,1,4,0.8621089223638471
house_16H,randomforest,Percentile,clip,1,5,0.8771726535341831
house_16H,randomforest,Percentile,clip,1,6,0.8713789107763615
house_16H,randomforest,Percentile,clip,1,7,0.884125144843569
house_16H,randomforest,Percentile,clip,1,8,0.86558516801854
house_16H,randomforest,Percentile,clip,1,9,0.8725376593279258
house_16H,randomforest,Percentile,clip,2,0,0.8807870370370371
house_16H,randomforest,Percentile,clip,2,1,0.8738425925925926
house_16H,randomforest,Percentile,clip,2,2,0.8968713789107764
house_16H,randomforest,Percentile,clip,2,3,0.8748551564310545
house_16H,randomforest,Percentile,clip,2,4,0.8760139049826188
house_16H,randomforest,Percentile,clip,2,5,0.8933951332560834
house_16H,randomforest,Percentile,clip,2,6,0.8644264194669756
house_16H,randomforest,Percentile,clip,2,7,0.8794901506373117
house_16H,randomforest,Percentile,clip,2,8,0.8783314020857474
house_16H,randomforest,Percentile,clip,2,9,0.8597914252607184
house_16H,randomforest,IsolationForest,remove,0,0,0.8703703703703703
house_16H,randomforest,IsolationForest,remove,0,1,0.8796296296296297
house_16H,randomforest,IsolationForest,remove,0,2,0.8887601390498262
house_16H,randomforest,IsolationForest,remove,0,3,0.8736964078794901
house_16H,randomforest,IsolationForest,remove,0,4,0.8748551564310545
house_16H,randomforest,IsolationForest,remove,0,5,0.884125144843569
house_16H,randomforest,IsolationForest,remove,0,6,0.8864426419466975
house_16H,randomforest,IsolationForest,remove,0,7,0.8748551564310545
house_16H,randomforest,IsolationForest,remove,0,8,0.8760139049826188
house_16H,randomforest,IsolationForest,remove,0,9,0.8771726535341831
house_16H,randomforest,IsolationForest,remove,1,0,0.8703703703703703
house_16H,randomforest,IsolationForest,remove,1,1,0.8923611111111112
house_16H,randomforest,IsolationForest,remove,1,2,0.9073001158748552
house_16H,randomforest,IsolationForest,remove,1,3,0.8748551564310545
house_16H,randomforest,IsolationForest,remove,1,4,0.86558516801854
house_16H,randomforest,IsolationForest,remove,1,5,0.8771726535341831
house_16H,randomforest,IsolationForest,remove,1,6,0.8713789107763615
house_16H,randomforest,IsolationForest,remove,1,7,0.8864426419466975
house_16H,randomforest,IsolationForest,remove,1,8,0.8621089223638471
house_16H,randomforest,IsolationForest,remove,1,9,0.8748551564310545
house_16H,randomforest,IsolationForest,remove,2,0,0.8842592592592593
house_16H,randomforest,IsolationForest,remove,2,1,0.8715277777777778
house_16H,randomforest,IsolationForest,remove,2,2,0.895712630359212
house_16H,randomforest,IsolationForest,remove,2,3,0.8864426419466975
house_16H,randomforest,IsolationForest,remove,2,4,0.8818076477404403
house_16H,randomforest,IsolationForest,remove,2,5,0.8980301274623407
house_16H,randomforest,IsolationForest,remove,2,6,0.8690614136732329
house_16H,randomforest,IsolationForest,remove,2,7,0.8829663962920047
house_16H,randomforest,IsolationForest,remove,2,8,0.880648899188876
house_16H,randomforest,IsolationForest,remove,2,9,0.8539976825028969
house_16H,randomforest,LOF,remove,0,0,0.8680555555555556
house_16H,randomforest,LOF,remove,0,1,0.8784722222222222
house_16H,randomforest,LOF,remove,0,2,0.9003476245654692
house_16H,randomforest,LOF,remove,0,3,0.8713789107763615
house_16H,randomforest,LOF,remove,0,4,0.8725376593279258
house_16H,randomforest,LOF,remove,0,5,0.8748551564310545
house_16H,randomforest,LOF,remove,0,6,0.8864426419466975
house_16H,randomforest,LOF,remove,0,7,0.8713789107763615
house_16H,randomforest,LOF,remove,0,8,0.8794901506373117
house_16H,randomforest,LOF,remove,0,9,0.884125144843569
house_16H,randomforest,LOF,remove,1,0,0.875
house_16H,randomforest,LOF,remove,1,1,0.8900462962962963
house_16H,randomforest,LOF,remove,1,2,0.9073001158748552
house_16H,randomforest,LOF,remove,1,3,0.8702201622247973
house_16H,randomforest,LOF,remove,1,4,0.86558516801854
house_16H,randomforest,LOF,remove,1,5,0.8771726535341831
house_16H,randomforest,LOF,remove,1,6,0.8748551564310545
house_16H,randomforest,LOF,remove,1,7,0.8899188876013905
house_16H,randomforest,LOF,remove,1,8,0.8702201622247973
house_16H,randomforest,LOF,remove,1,9,0.8644264194669756
house_16H,randomforest,LOF,remove,2,0,0.8865740740740741
house_16H,randomforest,LOF,remove,2,1,0.8692129629629629
house_16H,randomforest,LOF,remove,2,2,0.8980301274623407
house_16H,randomforest,LOF,remove,2,3,0.884125144843569
house_16H,randomforest,LOF,remove,2,4,0.8667439165701043
house_16H,randomforest,LOF,remove,2,5,0.8887601390498262
house_16H,randomforest,LOF,remove,2,6,0.8690614136732329
house_16H,randomforest,LOF,remove,2,7,0.8783314020857474
house_16H,randomforest,LOF,remove,2,8,0.8818076477404403
house_16H,randomforest,LOF,remove,2,9,0.8539976825028969
house_16H,randomforest,Autoencoder,remove,0,0,0.8715277777777778
house_16H,randomforest,Autoencoder,remove,0,1,0.8877314814814815
house_16H,randomforest,Autoencoder,remove,0,2,0.8910776361529548
house_16H,randomforest,Autoencoder,remove,0,3,0.8771726535341831
house_16H,randomforest,Autoencoder,remove,0,4,0.8829663962920047
house_16H,randomforest,Autoencoder,remove,0,5,0.8783314020857474
house_16H,randomforest,Autoencoder,remove,0,6,0.8899188876013905
house_16H,randomforest,Autoencoder,remove,0,7,0.8852838933951332
house_16H,randomforest,Autoencoder,remove,0,8,0.8887601390498262
house_16H,randomforest,Autoencoder,remove,0,9,0.8725376593279258
house_16H,randomforest,Autoencoder,remove,1,0,0.8761574074074074
house_16H,randomforest,Autoencoder,remove,1,1,0.8912037037037037
house_16H,randomforest,Autoencoder,remove,1,2,0.9061413673232909
house_16H,randomforest,Autoencoder,remove,1,3,0.8794901506373117
house_16H,randomforest,Autoencoder,remove,1,4,0.8713789107763615
house_16H,randomforest,Autoencoder,remove,1,5,0.8818076477404403
house_16H,randomforest,Autoencoder,remove,1,6,0.8690614136732329
house_16H,randomforest,Autoencoder,remove,1,7,0.8864426419466975
house_16H,randomforest,Autoencoder,remove,1,8,0.8632676709154113
house_16H,randomforest,Autoencoder,remove,1,9,0.8702201622247973
house_16H,randomforest,Autoencoder,remove,2,0,0.8900462962962963
house_16H,randomforest,Autoencoder,remove,2,1,0.8668981481481481
house_16H,randomforest,Autoencoder,remove,2,2,0.895712630359212
house_16H,randomforest,Autoencoder,remove,2,3,0.8794901506373117
house_16H,randomforest,Autoencoder,remove,2,4,0.8679026651216686
house_16H,randomforest,Autoencoder,remove,2,5,0.9015063731170336
house_16H,randomforest,Autoencoder,remove,2,6,0.8702201622247973
house_16H,randomforest,Autoencoder,remove,2,7,0.8852838933951332
house_16H,randomforest,Autoencoder,remove,2,8,0.8852838933951332
house_16H,randomforest,Autoencoder,remove,2,9,0.8551564310544612
kc1,mlp,None,remove,0,0,0.837037037037037
kc1,mlp,None,remove,0,1,0.8666666666666667
kc1,mlp,None,remove,0,2,0.9111111111111111
kc1,mlp,None,remove,0,3,0.837037037037037
kc1,mlp,None,remove,0,4,0.8222222222222222
kc1,mlp,None,remove,0,5,0.8518518518518519
kc1,mlp,None,remove,0,6,0.9185185185185185
kc1,mlp,None,remove,0,7,0.8296296296296296
kc1,mlp,None,remove,0,8,0.8296296296296296
kc1,mlp,None,remove,0,9,0.8432835820895522
kc1,mlp,None,remove,1,0,0.8074074074074075
kc1,mlp,None,remove,1,1,0.8666666666666667
kc1,mlp,None,remove,1,2,0.8666666666666667
kc1,mlp,None,remove,1,3,0.8814814814814815
kc1,mlp,None,remove,1,4,0.8444444444444444
kc1,mlp,None,remove,1,5,0.8518518518518519
kc1,mlp,None,remove,1,6,0.8888888888888888
kc1,mlp,None,remove,1,7,0.8444444444444444
kc1,mlp,None,remove,1,8,0.8962962962962963
kc1,mlp,None,remove,1,9,0.835820895522388
kc1,mlp,None,remove,2,0,0.8814814814814815
kc1,mlp,None,remove,2,1,0.837037037037037
kc1,mlp,None,remove,2,2,0.9037037037037037
kc1,mlp,None,remove,2,3,0.837037037037037
kc1,mlp,None,remove,2,4,0.8962962962962963
kc1,mlp,None,remove,2,5,0.8888888888888888
kc1,mlp,None,remove,2,6,0.8148148148148148
kc1,mlp,None,remove,2,7,0.8666666666666667
kc1,mlp,None,remove,2,8,0.8222222222222222
kc1,mlp,None,remove,2,9,0.8208955223880597
kc1,mlp,ZScore,remove,0,0,0.8444444444444444
kc1,mlp,ZScore,remove,0,1,0.8592592592592593
kc1,mlp,ZScore,remove,0,2,0.8888888888888888
kc1,mlp,ZScore,remove,0,3,0.8444444444444444
kc1,mlp,ZScore,remove,0,4,0.8
kc1,mlp,ZScore,remove,0,5,0.8444444444444444
kc1,mlp,ZScore,remove,0,6,0.9185185185185185
kc1,mlp,ZScore,remove,0,7,0.837037037037037
kc1,mlp,ZScore,remove,0,8,0.8074074074074075
kc1,mlp,ZScore,remove,0,9,0.8432835820895522
kc1,mlp,ZScore,remove,1,0,0.7851851851851852
kc1,mlp,ZScore,remove,1,1,0.8592592592592593
kc1,mlp,ZScore,remove,1,2,0.8666666666666667
kc1,mlp,ZScore,remove,1,3,0.8666666666666667
kc1,mlp,ZScore,remove,1,4,0.837037037037037
kc1,mlp,ZScore,remove,1,5,0.8148148148148148
kc1,mlp,ZScore,remove,1,6,0.8888888888888888
kc1,mlp,ZScore,remove,1,7,0.8444444444444444
kc1,mlp,ZScore,remove,1,8,0.9037037037037037
kc1,mlp,ZScore,remove,1,9,0.8432835820895522
kc1,mlp,ZScore,remove,2,0,0.8666666666666667
kc1,mlp,ZScore,remove,2,1,0.8
kc1,mlp,ZScore,remove,2,2,0.9111111111111111
kc1,mlp,ZScore,remove,2,3,0.8222222222222222
kc1,mlp,ZScore,remove,2,4,0.8592592592592593
kc1,mlp,ZScore,remove,2,5,0.8888888888888888
kc1,mlp,ZScore,remove,2,6,0.8296296296296296
kc1,mlp,ZScore,remove,2,7,0.8444444444444444
kc1,mlp,ZScore,remove,2,8,0.8222222222222222
kc1,mlp,ZScore,remove,2,9,0.8208955223880597
kc1,mlp,ZScore,clip,0,0,0.8444444444444444
kc1,mlp,ZScore,clip,0,1,0.8740740740740741
kc1,mlp,ZScore,clip,0,2,0.9111111111111111
kc1,mlp,ZScore,clip,0,3,0.837037037037037
kc1,mlp,ZScore,clip,0,4,0.8296296296296296
kc1,mlp,ZScore,clip,0,5,0.8592592592592593
kc1,mlp,ZScore,clip,0,6,0.8888888888888888
kc1,mlp,ZScore,clip,0,7,0.8518518518518519
kc1,mlp,ZScore,clip,0,8,0.837037037037037
kc1,mlp,ZScore,clip,0,9,0.8283582089552238
kc1,mlp,ZScore,clip,1,0,0.7925925925925926
kc1,mlp,ZScore,clip,1,1,0.8518518518518519
kc1,mlp,ZScore,clip,1,2,0.8592592592592593
kc1,mlp,ZScore,clip,1,3,0.8814814814814815
kc1,mlp,ZScore,clip,1,4,0.8592592592592593
kc1,mlp,ZScore,clip,1,5,0.8444444444444444
kc1,mlp,ZScore,clip,1,6,0.8518518518518519
kc1,mlp,ZScore,clip,1,7,0.8296296296296296
kc1,mlp,ZScore,clip,1,8,0.8888888888888888
kc1,mlp,ZScore,clip,1,9,0.8432835820895522
kc1,mlp,ZScore,clip,2,0,0.8740740740740741
kc1,mlp,ZScore,clip,2,1,0.8296296296296296
kc1,mlp,ZScore,clip,2,2,0.8962962962962963
kc1,mlp,ZScore,clip,2,3,0.837037037037037
kc1,mlp,ZScore,clip,2,4,0.8888888888888888
kc1,mlp,ZScore,clip,2,5,0.8962962962962963
kc1,mlp,ZScore,clip,2,6,0.8
kc1,mlp,ZScore,clip,2,7,0.8592592592592593
kc1,mlp,ZScore,clip,2,8,0.837037037037037
kc1,mlp,ZScore,clip,2,9,0.835820895522388
kc1,mlp,Percentile,remove,0,0,0.8444444444444444
kc1,mlp,Percentile,remove,0,1,0.8222222222222222
kc1,mlp,Percentile,remove,0,2,0.8962962962962963
kc1,mlp,Percentile,remove,0,3,0.8740740740740741
kc1,mlp,Percentile,remove,0,4,0.8074074074074075
kc1,mlp,Percentile,remove,0,5,0.837037037037037
kc1,mlp,Percentile,remove,0,6,0.9111111111111111
kc1,mlp,Percentile,remove,0,7,0.8
kc1,mlp,Percentile,remove,0,8,0.8148148148148148
kc1,mlp,Percentile,remove,0,9,0.8208955223880597
kc1,mlp,Percentile,remove,1,0,0.7703703703703704
kc1,mlp,Percentile,remove,1,1,0.8444444444444444
kc1,mlp,Percentile,remove,1,2,0.8592592592592593
kc1,mlp,Percentile,remove,1,3,0.8592592592592593
kc1,mlp,Percentile,remove,1,4,0.837037037037037
kc1,mlp,Percentile,remove,1,5,0.837037037037037
kc1,mlp,Percentile,remove,1,6,0.8666666666666667
kc1,mlp,Percentile,remove,1,7,0.837037037037037
kc1,mlp,Percentile,remove,1,8,0.8740740740740741
kc1,mlp,Percentile,remove,1,9,0.8432835820895522
kc1,mlp,Percentile,remove,2,0,0.8740740740740741
kc1,mlp,Percentile,remove,2,1,0.7851851851851852
kc1,mlp,Percentile,remove,2,2,0.8666666666666667
kc1,mlp,Percentile,remove,2,3,0.8296296296296296
kc1,mlp,Percentile,remove,2,4,0.8962962962962963
kc1,mlp,Percentile,remove,2,5,0.8962962962962963
kc1,mlp,Percentile,remove,2,6,0.7925925925925926
kc1,mlp,Percentile,remove,2,7,0.8444444444444444
kc1,mlp,Percentile,remove,2,8,0.8444444444444444
kc1,mlp,Percentile,remove,2,9,0.8059701492537313
kc1,mlp,Percentile,clip,0,0,0.837037037037037
kc1,mlp,Percentile,clip,0,1,0.8518518518518519
kc1,mlp,Percentile,clip,0,2,0.9037037037037037
kc1,mlp,Percentile,clip,0,3,0.8518518518518519
kc1,mlp,Percentile,clip,0,4,0.8296296296296296
kc1,mlp,Percentile,clip,0,5,0.837037037037037
kc1,mlp,Percentile,clip,0,6,0.9037037037037037
kc1,mlp,Percentile,clip,0,7,0.8444444444444444
kc1,mlp,Percentile,clip,0,8,0.8444444444444444
kc1,mlp,Percentile,clip,0,9,0.8208955223880597
kc1,mlp,Percentile,clip,1,0,0.7851851851851852
kc1,mlp,Percentile,clip,1,1,0.8666666666666667
kc1,mlp,Percentile,clip,1,2,0.8666666666666667
kc1,mlp,Percentile,clip,1,3,0.8814814814814815
kc1,mlp,Percentile,clip,1,4,0.8444444444444444
kc1,mlp,Percentile,clip,1,5,0.837037037037037
kc1,mlp,Percentile,clip,1,6,0.8518518518518519
kc1,mlp,Percentile,clip,1,7,0.8444444444444444
kc1,mlp,Percentile,clip,1,8,0.8814814814814815
kc1,mlp,Percentile,clip,1,9,0.8208955223880597
kc1,mlp,Percentile,clip,2,0,0.8888888888888888
kc1,mlp,Percentile,clip,2,1,0.8074074074074075
kc1,mlp,Percentile,clip,2,2,0.8888888888888888
kc1,mlp,Percentile,clip,2,3,0.8518518518518519
kc1,mlp,Percentile,clip,2,4,0.8666666666666667
kc1,mlp,Percentile,clip,2,5,0.8814814814814815
kc1,mlp,Percentile,clip,2,6,0.7851851851851852
kc1,mlp,Percentile,clip,2,7,0.8592592592592593
kc1,mlp,Percentile,clip,2,8,0.8296296296296296
kc1,mlp,Percentile,clip,2,9,0.835820895522388
kc1,mlp,IsolationForest,remove,0,0,0.8296296296296296
kc1,mlp,IsolationForest,remove,0,1,0.8740740740740741
kc1,mlp,IsolationForest,remove,0,2,0.9037037037037037
kc1,mlp,IsolationForest,remove,0,3,0.837037037037037
kc1,mlp,IsolationForest,remove,0,4,0.8148148148148148
kc1,mlp,IsolationForest,remove,0,5,0.8444444444444444
kc1,mlp,IsolationForest,remove,0,6,0.9111111111111111
kc1,mlp,IsolationForest,remove,0,7,0.8296296296296296
kc1,mlp,IsolationForest,remove,0,8,0.8222222222222222
kc1,mlp,IsolationForest,remove,0,9,0.8283582089552238
kc1,mlp,IsolationForest,remove,1,0,0.7925925925925926
kc1,mlp,IsolationForest,remove,1,1,0.8666666666666667
kc1,mlp,IsolationForest,remove,1,2,0.8444444444444444
kc1,mlp,IsolationForest,remove,1,3,0.8740740740740741
kc1,mlp,IsolationForest,remove,1,4,0.837037037037037
kc1,mlp,IsolationForest,remove,1,5,0.8148148148148148
kc1,mlp,IsolationForest,remove,1,6,0.8888888888888888
kc1,mlp,IsolationForest,remove,1,7,0.8222222222222222
kc1,mlp,IsolationForest,remove,1,8,0.8740740740740741
kc1,mlp,IsolationForest,remove,1,9,0.8656716417910447
kc1,mlp,IsolationForest,remove,2,0,0.8592592592592593
kc1,mlp,IsolationForest,remove,2,1,0.837037037037037
kc1,mlp,IsolationForest,remove,2,2,0.8814814814814815
kc1,mlp,IsolationForest,remove,2,3,0.8074074074074075
kc1,mlp,IsolationForest,remove,2,4,0.8888888888888888
kc1,mlp,IsolationForest,remove,2,5,0.8888888888888888
kc1,mlp,IsolationForest,remove,2,6,0.8
kc1,mlp,IsolationForest,remove,2,7,0.8518518518518519
kc1,mlp,IsolationForest,remove,2,8,0.8
kc1,mlp,IsolationForest,remove,2,9,0.8283582089552238
kc1,mlp,LOF,remove,0,0,0.837037037037037
kc1,mlp,LOF,remove,0,1,0.8666666666666667
kc1,mlp,LOF,remove,0,2,0.9185185185185185
kc1,mlp,LOF,remove,0,3,0.8518518518518519
kc1,mlp,LOF,remove,0,4,0.8074074074074075
kc1,mlp,LOF,remove,0,5,0.837037037037037
kc1,mlp,LOF,remove,0,6,0.9185185185185185
kc1,mlp,LOF,remove,0,7,0.8148148148148148
kc1,mlp,LOF,remove,0,8,0.837037037037037
kc1,mlp,LOF,remove,0,9,0.8283582089552238
kc1,mlp,LOF,remove,1,0,0.8074074074074075
kc1,mlp,LOF,remove,1,1,0.8592592592592593
kc1,mlp,LOF,remove,1,2,0.8592592592592593
kc1,mlp,LOF,remove,1,3,0.8888888888888888
kc1,mlp,LOF,remove,1,4,0.8518518518518519
kc1,mlp,LOF,remove,1,5,0.8222222222222222
kc1,mlp,LOF,remove,1,6,0.8814814814814815
kc1,mlp,LOF,remove,1,7,0.8444444444444444
kc1,mlp,LOF,remove,1,8,0.9037037037037037
kc1,mlp,LOF,remove,1,9,0.8507462686567164
kc1,mlp,LOF,remove,2,0,0.8592592592592593
kc1,mlp,LOF,remove,2,1,0.8148148148148148
kc1,mlp,LOF,remove,2,2,0.8962962962962963
kc1,mlp,LOF,remove,2,3,0.8518518518518519
kc1,mlp,LOF,remove,2,4,0.8814814814814815
kc1,mlp,LOF,remove,2,5,0.8962962962962963
kc1,mlp,LOF,remove,2,6,0.8148148148148148
kc1,mlp,LOF,remove,2,7,0.8666666666666667
kc1,mlp,LOF,remove,2,8,0.8222222222222222
kc1,mlp,LOF,remove,2,9,0.835820895522388
kc1,mlp,Autoencoder,remove,0,0,0.837037037037037
kc1,mlp,Autoencoder,remove,0,1,0.8592592592592593
kc1,mlp,Autoencoder,remove,0,2,0.9037037037037037
kc1,mlp,Autoencoder,remove,0,3,0.8222222222222222
kc1,mlp,Autoencoder,remove,0,4,0.8296296296296296
kc1,mlp,Autoencoder,remove,0,5,0.8444444444444444
kc1,mlp,Autoencoder,remove,0,6,0.9037037037037037
kc1,mlp,Autoencoder,remove,0,7,0.837037037037037
kc1,mlp,Autoencoder,remove,0,8,0.837037037037037
kc1,mlp,Autoencoder,remove,0,9,0.8432835820895522
kc1,mlp,Autoencoder,remove,1,0,0.7925925925925926
kc1,mlp,Autoencoder,remove,1,1,0.8592592592592593
kc1,mlp,Autoencoder,remove,1,2,0.8518518518518519
kc1,mlp,Autoencoder,remove,1,3,0.8518518518518519
kc1,mlp,Autoencoder,remove,1,4,0.8444444444444444
kc1,mlp,Autoencoder,remove,1,5,0.8148148148148148
kc1,mlp,Autoencoder,remove,1,6,0.8814814814814815
kc1,mlp,Autoencoder,remove,1,7,0.8296296296296296
kc1,mlp,Autoencoder,remove,1,8,0.9037037037037037
kc1,mlp,Autoencoder,remove,1,9,0.8507462686567164
kc1,mlp,Autoencoder,remove,2,0,0.8814814814814815
kc1,mlp,Autoencoder,remove,2,1,0.8222222222222222
kc1,mlp,Autoencoder,remove,2,2,0.8962962962962963
kc1,mlp,Autoencoder,remove,2,3,0.8148148148148148
kc1,mlp,Autoencoder,remove,2,4,0.8740740740740741
kc1,mlp,Autoencoder,remove,2,5,0.8888888888888888
kc1,mlp,Autoencoder,remove,2,6,0.8074074074074075
kc1,mlp,Autoencoder,remove,2,7,0.8666666666666667
kc1,mlp,Autoencoder,remove,2,8,0.8148148148148148
kc1,mlp,Autoencoder,remove,2,9,0.8208955223880597
kc1,xgboost,None,remove,0,0,0.8
kc1,xgboost,None,remove,0,1,0.837037037037037
kc1,xgboost,None,remove,0,2,0.837037037037037
kc1,xgboost,None,remove,0,3,0.8592592592592593
kc1,xgboost,None,remove,0,4,0.8444444444444444
kc1,xgboost,None,remove,0,5,0.8222222222222222
kc1,xgboost,None,remove,0,6,0.8962962962962963
kc1,xgboost,None,remove,0,7,0.8296296296296296
kc1,xgboost,None,remove,0,8,0.8296296296296296
kc1,xgboost,None,remove,0,9,0.8059701492537313
kc1,xgboost,None,remove,1,0,0.837037037037037
kc1,xgboost,None,remove,1,1,0.8592592592592593
kc1,xgboost,None,remove,1,2,0.8148148148148148
kc1,xgboost,None,remove,1,3,0.8666666666666667
kc1,xgboost,None,remove,1,4,0.8148148148148148
kc1,xgboost,None,remove,1,5,0.8296296296296296
kc1,xgboost,None,remove,1,6,0.8740740740740741
kc1,xgboost,None,remove,1,7,0.8296296296296296
kc1,xgboost,None,remove,1,8,0.8444444444444444
kc1,xgboost,None,remove,1,9,0.8059701492537313
kc1,xgboost,None,remove,2,0,0.8592592592592593
kc1,xgboost,None,remove,2,1,0.7925925925925926
kc1,xgboost,None,remove,2,2,0.8740740740740741
kc1,xgboost,None,remove,2,3,0.8074074074074075
kc1,xgboost,None,remove,2,4,0.8740740740740741
kc1,xgboost,None,remove,2,5,0.837037037037037
kc1,xgboost,None,remove,2,6,0.8148148148148148
kc1,xgboost,None,remove,2,7,0.8518518518518519
kc1,xgboost,None,remove,2,8,0.8444444444444444
kc1,xgboost,None,remove,2,9,0.8283582089552238
kc1,xgboost,ZScore,remove,0,0,0.8296296296296296
kc1,xgboost,ZScore,remove,0,1,0.8222222222222222
kc1,xgboost,ZScore,remove,0,2,0.8518518518518519
kc1,xgboost,ZScore,remove,0,3,0.8518518518518519
kc1,xgboost,ZScore,remove,0,4,0.8222222222222222
kc1,xgboost,ZScore,remove,0,5,0.8222222222222222
kc1,xgboost,ZScore,remove,0,6,0.8740740740740741
kc1,xgboost,ZScore,remove,0,7,0.8296296296296296
kc1,xgboost,ZScore,remove,0,8,0.8296296296296296
kc1,xgboost,ZScore,remove,0,9,0.8134328358208955
kc1,xgboost,ZScore,remove,1,0,0.8148148148148148
kc1,xgboost,ZScore,remove,1,1,0.8592592592592593
kc1,xgboost,ZScore,remove,1,2,0.8592592592592593
kc1,xgboost,ZScore,remove,1,3,0.8740740740740741
kc1,xgboost,ZScore,remove,1,4,0.7925925925925926
kc1,xgboost,ZScore,remove,1,5,0.8444444444444444
kc1,xgboost,ZScore,remove,1,6,0.8666666666666667
kc1,xgboost,ZScore,remove,1,7,0.8074074074074075
kc1,xgboost,ZScore,remove,1,8,0.8666666666666667
kc1,xgboost,ZScore,remove,1,9,0.835820895522388
kc1,xgboost,ZScore,remove,2,0,0.8444444444444444
kc1,xgboost,ZScore,remove,2,1,0.7703703703703704
kc1,xgboost,ZScore,remove,2,2,0.8740740740740741
kc1,xgboost,ZScore,remove,2,3,0.8148148148148148
kc1,xgboost,ZScore,remove,2,4,0.8666666666666667
kc1,xgboost,ZScore,remove,2,5,0.8666666666666667
kc1,xgboost,ZScore,remove,2,6,0.8222222222222222
kc1,xgboost,ZScore,remove,2,7,0.8148148148148148
kc1,xgboost,ZScore,remove,2,8,0.8296296296296296
kc1,xgboost,ZScore,remove,2,9,0.7686567164179104
kc1,xgboost,ZScore,clip,0,0,0.8296296296296296
kc1,xgboost,ZScore,clip,0,1,0.8296296296296296
kc1,xgboost,ZScore,clip,0,2,0.8444444444444444
kc1,xgboost,ZScore,clip,0,3,0.8518518518518519
kc1,xgboost,ZScore,clip,0,4,0.837037037037037
kc1,xgboost,ZScore,clip,0,5,0.837037037037037
kc1,xgboost,ZScore,clip,0,6,0.8888888888888888
kc1,xgboost,ZScore,clip,0,7,0.837037037037037
kc1,xgboost,ZScore,clip,0,8,0.7925925925925926
kc1,xgboost,ZScore,clip,0,9,0.8208955223880597
kc1,xgboost,ZScore,clip,1,0,0.837037037037037
kc1,xgboost,ZScore,clip,1,1,0.837037037037037
kc1,xgboost,ZScore,clip,1,2,0.8222222222222222
kc1,xgboost,ZScore,clip,1,3,0.8888888888888888
kc1,xgboost,ZScore,clip,1,4,0.7851851851851852
kc1,xgboost,ZScore,clip,1,5,0.837037037037037
kc1,xgboost,ZScore,clip,1,6,0.8740740740740741
kc1,xgboost,ZScore,clip,1,7,0.8296296296296296
kc1,xgboost,ZScore,clip,1,8,0.8814814814814815
kc1,xgboost,ZScore,clip,1,9,0.8208955223880597
kc1,xgboost,ZScore,clip,2,0,0.8518518518518519
kc1,xgboost,ZScore,clip,2,1,0.7851851851851852
kc1,xgboost,ZScore,clip,2,2,0.8666666666666667
kc1,xgboost,ZScore,clip,2,3,0.8148148148148148
kc1,xgboost,ZScore,clip,2,4,0.8740740740740741
kc1,xgboost,ZScore,clip,2,5,0.8444444444444444
kc1,xgboost,ZScore,clip,2,6,0.8296296296296296
kc1,xgboost,ZScore,clip,2,7,0.837037037037037
kc1,xgboost,ZScore,clip,2,8,0.8592592592592593
kc1,xgboost,ZScore,clip,2,9,0.8283582089552238
kc1,xgboost,Percentile,remove,0,0,0.8296296296296296
kc1,xgboost,Percentile,remove,0,1,0.8074074074074075
kc1,xgboost,Percentile,remove,0,2,0.8592592592592593
kc1,xgboost,Percentile,remove,0,3,0.837037037037037
kc1,xgboost,Percentile,remove,0,4,0.8074074074074075
kc1,xgboost,Percentile,remove,0,5,0.8222222222222222
kc1,xgboost,Percentile,remove,0,6,0.8518518518518519
kc1,xgboost,Percentile,remove,0,7,0.8074074074074075
kc1,xgboost,Percentile,remove,0,8,0.837037037037037
kc1,xgboost,Percentile,remove,0,9,0.7985074626865671
kc1,xgboost,Percentile,remove,1,0,0.762962962962963
kc1,xgboost,Percentile,remove,1,1,0.8444444444444444
kc1,xgboost,Percentile,remove,1,2,0.8148148148148148
kc1,xgboost,Percentile,remove,1,3,0.8222222222222222
kc1,xgboost,Percentile,remove,1,4,0.8222222222222222
kc1,xgboost,Percentile,remove,1,5,0.8
kc1,xgboost,Percentile,remove,1,6,0.8518518518518519
kc1,xgboost,Percentile,remove,1,7,0.7777777777777778
kc1,xgboost,Percentile,remove,1,8,0.8814814814814815
kc1,xgboost,Percentile,remove,1,9,0.8507462686567164
kc1,xgboost,Percentile,remove,2,0,0.8444444444444444
kc1,xgboost,Percentile,remove,2,1,0.8074074074074075
kc1,xgboost,Percentile,remove,2,2,0.8222222222222222
kc1,xgboost,Percentile,remove,2,3,0.8
kc1,xgboost,Percentile,remove,2,4,0.8814814814814815
kc1,xgboost,Percentile,remove,2,5,0.8666666666666667
kc1,xgboost,Percentile,remove,2,6,0.7851851851851852
kc1,xgboost,Percentile,remove,2,7,0.8222222222222222
kc1,xgboost,Percentile,remove,2,8,0.8222222222222222
kc1,xgboost,Percentile,remove,2,9,0.7910447761194029
kc1,xgboost,Percentile,clip,0,0,0.8148148148148148
kc1,xgboost,Percentile,clip,0,1,0.8296296296296296
kc1,xgboost,Percentile,clip,0,2,0.8518518518518519
kc1,xgboost,Percentile,clip,0,3,0.8296296296296296
kc1,xgboost,Percentile,clip,0,4,0.8518518518518519
kc1,xgboost,Percentile,clip,0,5,0.8296296296296296
kc1,xgboost,Percentile,clip,0,6,0.8888888888888888
kc1,xgboost,Percentile,clip,0,7,0.8148148148148148
kc1,xgboost,Percentile,clip,0,8,0.8222222222222222
kc1,xgboost,Percentile,clip,0,9,0.835820895522388
kc1,xgboost,Percentile,clip,1,0,0.8074074074074075
kc1,xgboost,Percentile,clip,1,1,0.8518518518518519
kc1,xgboost,Percentile,clip,1,2,0.837037037037037
kc1,xgboost,Percentile,clip,1,3,0.8814814814814815
kc1,xgboost,Percentile,clip,1,4,0.7851851851851852
kc1,xgboost,Percentile,clip,1,5,0.837037037037037
kc1,xgboost,Percentile,clip,1,6,0.8666666666666667
kc1,xgboost,Percentile,clip,1,7,0.8296296296296296
kc1,xgboost,Percentile,clip,1,8,0.8592592592592593
kc1,xgboost,Percentile,clip,1,9,0.8283582089552238
kc1,xgboost,Percentile,clip,2,0,0.8518518518518519
kc1,xgboost,Percentile,clip,2,1,0.8222222222222222
kc1,xgboost,Percentile,clip,2,2,0.8592592592592593
kc1,xgboost,Percentile,clip,2,3,0.837037037037037
kc1,xgboost,Percentile,clip,2,4,0.8666666666666667
kc1,xgboost,Percentile,clip,2,5,0.8444444444444444
kc1,xgboost,Percentile,clip,2,6,0.8296296296296296
kc1,xgboost,Percentile,clip,2,7,0.8296296296296296
kc1,xgboost,Percentile,clip,2,8,0.8296296296296296
kc1,xgboost,Percentile,clip,2,9,0.8134328358208955
kc1,xgboost,IsolationForest,remove,0,0,0.7925925925925926
kc1,xgboost,IsolationForest,remove,0,1,0.8296296296296296
kc1,xgboost,IsolationForest,remove,0,2,0.8518518518518519
kc1,xgboost,IsolationForest,remove,0,3,0.8296296296296296
kc1,xgboost,IsolationForest,remove,0,4,0.8296296296296296
kc1,xgboost,IsolationForest,remove,0,5,0.8148148148148148
kc1,xgboost,IsolationForest,remove,0,6,0.8740740740740741
kc1,xgboost,IsolationForest,remove,0,7,0.8148148148148148
kc1,xgboost,IsolationForest,remove,0,8,0.7925925925925926
kc1,xgboost,IsolationForest,remove,0,9,0.7985074626865671
kc1,xgboost,IsolationForest,remove,1,0,0.8148148148148148
kc1,xgboost,IsolationForest,remove,1,1,0.8518518518518519
kc1,xgboost,IsolationForest,remove,1,2,0.8074074074074075
kc1,xgboost,IsolationForest,remove,1,3,0.8888888888888888
kc1,xgboost,IsolationForest,remove,1,4,0.8
kc1,xgboost,IsolationForest,remove,1,5,0.8074074074074075
kc1,xgboost,IsolationForest,remove,1,6,0.8666666666666667
kc1,xgboost,IsolationForest,remove,1,7,0.7777777777777778
kc1,xgboost,IsolationForest,remove,1,8,0.8888888888888888
kc1,xgboost,IsolationForest,remove,1,9,0.8134328358208955
kc1,xgboost,IsolationForest,remove,2,0,0.8296296296296296
kc1,xgboost,IsolationForest,remove,2,1,0.8222222222222222
kc1,xgboost,IsolationForest,remove,2,2,0.8592592592592593
kc1,xgboost,IsolationForest,remove,2,3,0.7925925925925926
kc1,xgboost,IsolationForest,remove,2,4,0.8814814814814815
kc1,xgboost,IsolationForest,remove,2,5,0.8814814814814815
kc1,xgboost,IsolationForest,remove,2,6,0.8
kc1,xgboost,IsolationForest,remove,2,7,0.8148148148148148
kc1,xgboost,IsolationForest,remove,2,8,0.837037037037037
kc1,xgboost,IsolationForest,remove,2,9,0.7835820895522388
kc1,xgboost,LOF,remove,0,0,0.8074074074074075
kc1,xgboost,LOF,remove,0,1,0.8592592592592593
kc1,xgboost,LOF,remove,0,2,0.8296296296296296
kc1,xgboost,LOF,remove,0,3,0.8444444444444444
kc1,xgboost,LOF,remove,0,4,0.8592592592592593
kc1,xgboost,LOF,remove,0,5,0.8296296296296296
kc1,xgboost,LOF,remove,0,6,0.8814814814814815
kc1,xgboost,LOF,remove,0,7,0.8148148148148148
kc1,xgboost,LOF,remove,0,8,0.8
kc1,xgboost,LOF,remove,0,9,0.835820895522388
kc1,xgboost,LOF,remove,1,0,0.8222222222222222
kc1,xgboost,LOF,remove,1,1,0.8444444444444444
kc1,xgboost,LOF,remove,1,2,0.837037037037037
kc1,xgboost,LOF,remove,1,3,0.8666666666666667
kc1,xgboost,LOF,remove,1,4,0.7851851851851852
kc1,xgboost,LOF,remove,1,5,0.8444444444444444
kc1,xgboost,LOF,remove,1,6,0.9111111111111111
kc1,xgboost,LOF,remove,1,7,0.8296296296296296
kc1,xgboost,LOF,remove,1,8,0.8592592592592593
kc1,xgboost,LOF,remove,1,9,0.8208955223880597
kc1,xgboost,LOF,remove,2,0,0.8518518518518519
kc1,xgboost,LOF,remove,2,1,0.8
kc1,xgboost,LOF,remove,2,2,0.8592592592592593
kc1,xgboost,LOF,remove,2,3,0.8222222222222222
kc1,xgboost,LOF,remove,2,4,0.8814814814814815
kc1,xgboost,LOF,remove,2,5,0.8666666666666667
kc1,xgboost,LOF,remove,2,6,0.8222222222222222
kc1,xgboost,LOF,remove,2,7,0.837037037037037
kc1,xgboost,LOF,remove,2,8,0.8148148148148148
kc1,xgboost,LOF,remove,2,9,0.8134328358208955
kc1,xgboost,Autoencoder,remove,0,0,0.8444444444444444
kc1,xgboost,Autoencoder,remove,0,1,0.8444444444444444
kc1,xgboost,Autoencoder,remove,0,2,0.8666666666666667
kc1,xgboost,Autoencoder,remove,0,3,0.8222222222222222
kc1,xgboost,Autoencoder,remove,0,4,0.8592592592592593
kc1,xgboost,Autoencoder,remove,0,5,0.8222222222222222
kc1,xgboost,Autoencoder,remove,0,6,0.8740740740740741
kc1,xgboost,Autoencoder,remove,0,7,0.8296296296296296
kc1,xgboost,Autoencoder,remove,0,8,0.8148148148148148
kc1,xgboost,Autoencoder,remove,0,9,0.8134328358208955
kc1,xgboost,Autoencoder,remove,1,0,0.8296296296296296
kc1,xgboost,Autoencoder,remove,1,1,0.8518518518518519
kc1,xgboost,Autoencoder,remove,1,2,0.8296296296296296
kc1,xgboost,Autoencoder,remove,1,3,0.8740740740740741
kc1,xgboost,Autoencoder,remove,1,4,0.7777777777777778
kc1,xgboost,Autoencoder,remove,1,5,0.8222222222222222
kc1,xgboost,Autoencoder,remove,1,6,0.8814814814814815
kc1,xgboost,Autoencoder,remove,1,7,0.8
kc1,xgboost,Autoencoder,remove,1,8,0.8814814814814815
kc1,xgboost,Autoencoder,remove,1,9,0.8208955223880597
kc1,xgboost,Autoencoder,remove,2,0,0.837037037037037
kc1,xgboost,Autoencoder,remove,2,1,0.8074074074074075
kc1,xgboost,Autoencoder,remove,2,2,0.8666666666666667
kc1,xgboost,Autoencoder,remove,2,3,0.7925925925925926
kc1,xgboost,Autoencoder,remove,2,4,0.8740740740740741
kc1,xgboost,Autoencoder,remove,2,5,0.8592592592592593
kc1,xgboost,Autoencoder,remove,2,6,0.7925925925925926
kc1,xgboost,Autoencoder,remove,2,7,0.8444444444444444
kc1,xgboost,Autoencoder,remove,2,8,0.8296296296296296
kc1,xgboost,Autoencoder,remove,2,9,0.8059701492537313
kc1,randomforest,None,remove,0,0,0.837037037037037
kc1,randomforest,None,remove,0,1,0.837037037037037
kc1,randomforest,None,remove,0,2,0.8518518518518519
kc1,randomforest,None,remove,0,3,0.8592592592592593
kc1,randomforest,None,remove,0,4,0.8592592592592593
kc1,randomforest,None,remove,0,5,0.8296296296296296
kc1,randomforest,None,remove,0,6,0.8962962962962963
kc1,randomforest,None,remove,0,7,0.8518518518518519
kc1,randomforest,None,remove,0,8,0.8148148148148148
kc1,randomforest,None,remove,0,9,0.8507462686567164
kc1,randomforest,None,remove,1,0,0.8296296296296296
kc1,randomforest,None,remove,1,1,0.8518518518518519
kc1,randomforest,None,remove,1,2,0.8296296296296296
kc1,randomforest,None,remove,1,3,0.8666666666666667
kc1,randomforest,None,remove,1,4,0.8
kc1,randomforest,None,remove,1,5,0.8444444444444444
kc1,randomforest,None,remove,1,6,0.8666666666666667
kc1,randomforest,None,remove,1,7,0.8814814814814815
kc1,randomforest,None,remove,1,8,0.8592592592592593
kc1,randomforest,None,remove,1,9,0.8507462686567164
kc1,randomforest,None,remove,2,0,0.8444444444444444
kc1,randomforest,None,remove,2,1,0.837037037037037
kc1,randomforest,None,remove,2,2,0.8962962962962963
kc1,randomforest,None,remove,2,3,0.8296296296296296
kc1,randomforest,None,remove,2,4,0.8740740740740741
kc1,randomforest,None,remove,2,5,0.8592592592592593
kc1,randomforest,None,remove,2,6,0.8222222222222222
kc1,randomforest,None,remove,2,7,0.8740740740740741
kc1,randomforest,None,remove,2,8,0.8074074074074075
kc1,randomforest,None,remove,2,9,0.8059701492537313
kc1,randomforest,ZScore,remove,0,0,0.8296296296296296
kc1,randomforest,ZScore,remove,0,1,0.8148148148148148
kc1,randomforest,ZScore,remove,0,2,0.8592592592592593
kc1,randomforest,ZScore,remove,0,3,0.8518518518518519
kc1,randomforest,ZScore,remove,0,4,0.837037037037037
kc1,randomforest,ZScore,remove,0,5,0.837037037037037
kc1,randomforest,ZScore,remove,0,6,0.8888888888888888
kc1,randomforest,ZScore,remove,0,7,0.8296296296296296
kc1,randomforest,ZScore,remove,0,8,0.8222222222222222
kc1,randomforest,ZScore,remove,0,9,0.8507462686567164
kc1,randomforest,ZScore,remove,1,0,0.7925925925925926
kc1,randomforest,ZScore,remove,1,1,0.8296296296296296
kc1,randomforest,ZScore,remove,1,2,0.8666666666666667
kc1,randomforest,ZScore,remove,1,3,0.8666666666666667
kc1,randomforest,ZScore,remove,1,4,0.8148148148148148
kc1,randomforest,ZScore,remove,1,5,0.8222222222222222
kc1,randomforest,ZScore,remove,1,6,0.8666666666666667
kc1,randomforest,ZScore,remove,1,7,0.8814814814814815
kc1,randomforest,ZScore,remove,1,8,0.8592592592592593
kc1,randomforest,ZScore,remove,1,9,0.8582089552238806
kc1,randomforest,ZScore,remove,2,0,0.8666666666666667
kc1,randomforest,ZScore,remove,2,1,0.8
kc1,randomforest,ZScore,remove,2,2,0.9333333333333333
kc1,randomforest,ZScore,remove,2,3,0.8296296296296296
kc1,randomforest,ZScore,remove,2,4,0.8740740740740741
kc1,randomforest,ZScore,remove,2,5,0.8666666666666667
kc1,randomforest,ZScore,remove,2,6,0.837037037037037
kc1,randomforest,ZScore,remove,2,7,0.8740740740740741
kc1,randomforest,ZScore,remove,2,8,0.8222222222222222
kc1,randomforest,ZScore,remove,2,9,0.8208955223880597
kc1,randomforest,ZScore,clip,0,0,0.837037037037037
kc1,randomforest,ZScore,clip,0,1,0.8296296296296296
kc1,randomforest,ZScore,clip,0,2,0.8518518518518519
kc1,randomforest,ZScore,clip,0,3,0.8814814814814815
kc1,randomforest,ZScore,clip,0,4,0.8444444444444444
kc1,randomforest,ZScore,clip,0,5,0.8444444444444444
kc1,randomforest,ZScore,clip,0,6,0.8962962962962963
kc1,randomforest,ZScore,clip,0,7,0.8444444444444444
kc1,randomforest,ZScore,clip,0,8,0.8148148148148148
kc1,randomforest,ZScore,clip,0,9,0.8432835820895522
kc1,randomforest,ZScore,clip,1,0,0.8222222222222222
kc1,randomforest,ZScore,clip,1,1,0.8518518518518519
kc1,randomforest,ZScore,clip,1,2,0.837037037037037
kc1,randomforest,ZScore,clip,1,3,0.8666666666666667
kc1,randomforest,ZScore,clip,1,4,0.8148148148148148
kc1,randomforest,ZScore,clip,1,5,0.837037037037037
kc1,randomforest,ZScore,clip,1,6,0.8740740740740741
kc1,randomforest,ZScore,clip,1,7,0.8740740740740741
kc1,randomforest,ZScore,clip,1,8,0.8592592592592593
kc1,randomforest,ZScore,clip,1,9,0.8432835820895522
kc1,randomforest,ZScore,clip,2,0,0.8518518518518519
kc1,randomforest,ZScore,clip,2,1,0.8296296296296296
kc1,randomforest,ZScore,clip,2,2,0.9037037037037037
kc1,randomforest,ZScore,clip,2,3,0.8222222222222222
kc1,randomforest,ZScore,clip,2,4,0.8814814814814815
kc1,randomforest,ZScore,clip,2,5,0.8444444444444444
kc1,randomforest,ZScore,clip,2,6,0.8296296296296296
kc1,randomforest,ZScore,clip,2,7,0.8666666666666667
kc1,randomforest,ZScore,clip,2,8,0.8074074074074075
kc1,randomforest,ZScore,clip,2,9,0.8059701492537313
kc1,randomforest,Percentile,remove,0,0,0.837037037037037
kc1,randomforest,Percentile,remove,0,1,0.8
kc1,randomforest,Percentile,remove,0,2,0.8518518518518519
kc1,randomforest,Percentile,remove,0,3,0.837037037037037
kc1,randomforest,Percentile,remove,0,4,0.837037037037037
kc1,randomforest,Percentile,remove,0,5,0.8518518518518519
kc1,randomforest,Percentile,remove,0,6,0.9037037037037037
kc1,randomforest,Percentile,remove,0,7,0.7925925925925926
kc1,randomforest,Percentile,remove,0,8,0.8148148148148148
kc1,randomforest,Percentile,remove,0,9,0.8507462686567164
kc1,randomforest,Percentile,remove,1,0,0.762962962962963
kc1,randomforest,Percentile,remove,1,1,0.8444444444444444
kc1,randomforest,Percentile,remove,1,2,0.8666666666666667
kc1,randomforest,Percentile,remove,1,3,0.8148148148148148
kc1,randomforest,Percentile,remove,1,4,0.8148148148148148
kc1,randomforest,Percentile,remove,1,5,0.8444444444444444
kc1,randomforest,Percentile,remove,1,6,0.8592592592592593
kc1,randomforest,Percentile,remove,1,7,0.8296296296296296
kc1,randomforest,Percentile,remove,1,8,0.8592592592592593
kc1,randomforest,Percentile,remove,1,9,0.8582089552238806
kc1,randomforest,Percentile,remove,2,0,0.8518518518518519
kc1,randomforest,Percentile,remove,2,1,0.7925925925925926
kc1,randomforest,Percentile,remove,2,2,0.9037037037037037
kc1,randomforest,Percentile,remove,2,3,0.8148148148148148
kc1,randomforest,Percentile,remove,2,4,0.8592592592592593
kc1,randomforest,Percentile,remove,2,5,0.8592592592592593
kc1,randomforest,Percentile,remove,2,6,0.8
kc1,randomforest,Percentile,remove,2,7,0.8666666666666667
kc1,randomforest,Percentile,remove,2,8,0.8222222222222222
kc1,randomforest,Percentile,remove,2,9,0.8283582089552238
kc1,randomforest,Percentile,clip,0,0,0.8296296296296296
kc1,randomforest,Percentile,clip,0,1,0.8296296296296296
kc1,randomforest,Percentile,clip,0,2,0.8444444444444444
kc1,randomforest,Percentile,clip,0,3,0.8518518518518519
kc1,randomforest,Percentile,clip,0,4,0.8592592592592593
kc1,randomforest,Percentile,clip,0,5,0.8296296296296296
kc1,randomforest,Percentile,clip,0,6,0.9037037037037037
kc1,randomforest,Percentile,clip,0,7,0.8444444444444444
kc1,randomforest,Percentile,clip,0,8,0.8148148148148148
kc1,randomforest,Percentile,clip,0,9,0.8432835820895522
kc1,randomforest,Percentile,clip,1,0,0.8
kc1,randomforest,Percentile,clip,1,1,0.8444444444444444
kc1,randomforest,Percentile,clip,1,2,0.8444444444444444
kc1,randomforest,Percentile,clip,1,3,0.8740740740740741
kc1,randomforest,Percentile,clip,1,4,0.8074074074074075
kc1,randomforest,Percentile,clip,1,5,0.8518518518518519
kc1,randomforest,Percentile,clip,1,6,0.8666666666666667
kc1,randomforest,Percentile,clip,1,7,0.8592592592592593
kc1,randomforest,Percentile,clip,1,8,0.8592592592592593
kc1,randomforest,Percentile,clip,1,9,0.8656716417910447
kc1,randomforest,Percentile,clip,2,0,0.837037037037037
kc1,randomforest,Percentile,clip,2,1,0.8296296296296296
kc1,randomforest,Percentile,clip,2,2,0.8888888888888888
kc1,randomforest,Percentile,clip,2,3,0.8296296296296296
kc1,randomforest,Percentile,clip,2,4,0.8740740740740741
kc1,randomforest,Percentile,clip,2,5,0.8444444444444444
kc1,randomforest,Percentile,clip,2,6,0.8296296296296296
kc1,randomforest,Percentile,clip,2,7,0.8592592592592593
kc1,randomforest,Percentile,clip,2,8,0.8296296296296296
kc1,randomforest,Percentile,clip,2,9,0.8283582089552238
kc1,randomforest,IsolationForest,remove,0,0,0.8
kc1,randomforest,IsolationForest,remove,0,1,0.8444444444444444
kc1,randomforest,IsolationForest,remove,0,2,0.8592592592592593
kc1,randomforest,IsolationForest,remove,0,3,0.837037037037037
kc1,randomforest,IsolationForest,remove,0,4,0.8444444444444444
kc1,randomforest,IsolationForest,remove,0,5,0.8296296296296296
kc1,randomforest,IsolationForest,remove,0,6,0.9111111111111111
kc1,randomforest,IsolationForest,remove,0,7,0.8296296296296296
kc1,randomforest,IsolationForest,remove,0,8,0.8
kc1,randomforest,IsolationForest,remove,0,9,0.8507462686567164
kc1,randomforest,IsolationForest,remove,1,0,0.7851851851851852
kc1,randomforest,IsolationForest,remove,1,1,0.8444444444444444
kc1,randomforest,IsolationForest,remove,1,2,0.8592592592592593
kc1,randomforest,IsolationForest,remove,1,3,0.8814814814814815
kc1,randomforest,IsolationForest,remove,1,4,0.7851851851851852
kc1,randomforest,IsolationForest,remove,1,5,0.837037037037037
kc1,randomforest,IsolationForest,remove,1,6,0.8666666666666667
kc1,randomforest,IsolationForest,remove,1,7,0.8814814814814815
kc1,randomforest,IsolationForest,remove,1,8,0.8740740740740741
kc1,randomforest,IsolationForest,remove,1,9,0.835820895522388
kc1,randomforest,IsolationForest,remove,2,0,0.8222222222222222
kc1,randomforest,IsolationForest,remove,2,1,0.837037037037037
kc1,randomforest,IsolationForest,remove,2,2,0.9111111111111111
kc1,randomforest,IsolationForest,remove,2,3,0.8074074074074075
kc1,randomforest,IsolationForest,remove,2,4,0.8888888888888888
kc1,randomforest,IsolationForest,remove,2,5,0.8814814814814815
kc1,randomforest,IsolationForest,remove,2,6,0.8148148148148148
kc1,randomforest,IsolationForest,remove,2,7,0.8592592592592593
kc1,randomforest,IsolationForest,remove,2,8,0.8222222222222222
kc1,randomforest,IsolationForest,remove,2,9,0.7910447761194029
kc1,randomforest,LOF,remove,0,0,0.8296296296296296
kc1,randomforest,LOF,remove,0,1,0.8666666666666667
kc1,randomforest,LOF,remove,0,2,0.837037037037037
kc1,randomforest,LOF,remove,0,3,0.8518518518518519
kc1,randomforest,LOF,remove,0,4,0.8518518518518519
kc1,randomforest,LOF,remove,0,5,0.8222222222222222
kc1,randomforest,LOF,remove,0,6,0.8962962962962963
kc1,randomforest,LOF,remove,0,7,0.8296296296296296
kc1,randomforest,LOF,remove,0,8,0.8074074074074075
kc1,randomforest,LOF,remove,0,9,0.8208955223880597
kc1,randomforest,LOF,remove,1,0,0.8074074074074075
kc1,randomforest,LOF,remove,1,1,0.8592592592592593
kc1,randomforest,LOF,remove,1,2,0.8518518518518519
kc1,randomforest,LOF,remove,1,3,0.8666666666666667
kc1,randomforest,LOF,remove,1,4,0.8
kc1,randomforest,LOF,remove,1,5,0.8222222222222222
kc1,randomforest,LOF,remove,1,6,0.8592592592592593
kc1,randomforest,LOF,remove,1,7,0.8666666666666667
kc1,randomforest,LOF,remove,1,8,0.8444444444444444
kc1,randomforest,LOF,remove,1,9,0.835820895522388
kc1,randomforest,LOF,remove,2,0,0.8518518518518519
kc1,randomforest,LOF,remove,2,1,0.837037037037037
kc1,randomforest,LOF,remove,2,2,0.8888888888888888
kc1,randomforest,LOF,remove,2,3,0.8444444444444444
kc1,randomforest,LOF,remove,2,4,0.8740740740740741
kc1,randomforest,LOF,remove,2,5,0.8740740740740741
kc1,randomforest,LOF,remove,2,6,0.8296296296296296
kc1,randomforest,LOF,remove,2,7,0.8740740740740741
kc1,randomforest,LOF,remove,2,8,0.8296296296296296
kc1,randomforest,LOF,remove,2,9,0.8208955223880597
kc1,randomforest,Autoencoder,remove,0,0,0.8444444444444444
kc1,randomforest,Autoencoder,remove,0,1,0.8296296296296296
kc1,randomforest,Autoencoder,remove,0,2,0.8740740740740741
kc1,randomforest,Autoencoder,remove,0,3,0.8518518518518519
kc1,randomforest,Autoencoder,remove,0,4,0.8074074074074075
kc1,randomforest,Autoencoder,remove,0,5,0.8296296296296296
kc1,randomforest,Autoencoder,remove,0,6,0.9037037037037037
kc1,randomforest,Autoencoder,remove,0,7,0.8296296296296296
kc1,randomforest,Autoencoder,remove,0,8,0.7925925925925926
kc1,randomforest,Autoencoder,remove,0,9,0.8208955223880597
kc1,randomforest,Autoencoder,remove,1,0,0.8148148148148148
kc1,randomforest,Autoencoder,remove,1,1,0.8518518518518519
kc1,randomforest,Autoencoder,remove,1,2,0.8444444444444444
kc1,randomforest,Autoencoder,remove,1,3,0.8888888888888888
kc1,randomforest,Autoencoder,remove,1,4,0.8222222222222222
kc1,randomforest,Autoencoder,remove,1,5,0.8148148148148148
kc1,randomforest,Autoencoder,remove,1,6,0.8666666666666667
kc1,randomforest,Autoencoder,remove,1,7,0.8592592592592593
kc1,randomforest,Autoencoder,remove,1,8,0.8666666666666667
kc1,randomforest,Autoencoder,remove,1,9,0.835820895522388
kc1,randomforest,Autoencoder,remove,2,0,0.8518518518518519
kc1,randomforest,Autoencoder,remove,2,1,0.8444444444444444
kc1,randomforest,Autoencoder,remove,2,2,0.8962962962962963
kc1,randomforest,Autoencoder,remove,2,3,0.8
kc1,randomforest,Autoencoder,remove,2,4,0.8814814814814815
kc1,randomforest,Autoencoder,remove,2,5,0.8518518518518519
kc1,randomforest,Autoencoder,remove,2,6,0.7851851851851852
kc1,randomforest,Autoencoder,remove,2,7,0.8666666666666667
kc1,randomforest,Autoencoder,remove,2,8,0.8
kc1,randomforest,Autoencoder,remove,2,9,0.7835820895522388
phoneme,mlp,None,remove,0,0,0.8583815028901735
phoneme,mlp,None,remove,0,1,0.8641618497109826
phoneme,mlp,None,remove,0,2,0.8526011560693642
phoneme,mlp,None,remove,0,3,0.8583815028901735
phoneme,mlp,None,remove,0,4,0.8583815028901735
phoneme,mlp,None,remove,0,5,0.8526011560693642
phoneme,mlp,None,remove,0,6,0.861271676300578
phoneme,mlp,None,remove,0,7,0.8526011560693642
phoneme,mlp,None,remove,0,8,0.8405797101449275
phoneme,mlp,None,remove,0,9,0.8405797101449275
phoneme,mlp,None,remove,1,0,0.8352601156069365
phoneme,mlp,None,remove,1,1,0.8641618497109826
phoneme,mlp,None,remove,1,2,0.869942196531792
phoneme,mlp,None,remove,1,3,0.861271676300578
phoneme,mlp,None,remove,1,4,0.8526011560693642
phoneme,mlp,None,remove,1,5,0.8526011560693642
phoneme,mlp,None,remove,1,6,0.8439306358381503
phoneme,mlp,None,remove,1,7,0.8670520231213873
phoneme,mlp,None,remove,1,8,0.8579710144927536
phoneme,mlp,None,remove,1,9,0.8753623188405797
phoneme,mlp,None,remove,2,0,0.8583815028901735
phoneme,mlp,None,remove,2,1,0.8670520231213873
phoneme,mlp,None,remove,2,2,0.8410404624277457
phoneme,mlp,None,remove,2,3,0.8265895953757225
phoneme,mlp,None,remove,2,4,0.8583815028901735
phoneme,mlp,None,remove,2,5,0.8526011560693642
phoneme,mlp,None,remove,2,6,0.869942196531792
phoneme,mlp,None,remove,2,7,0.8583815028901735
phoneme,mlp,None,remove,2,8,0.8434782608695652
phoneme,mlp,None,remove,2,9,0.863768115942029
phoneme,mlp,ZScore,remove,0,0,0.8670520231213873
phoneme,mlp,ZScore,remove,0,1,0.861271676300578
phoneme,mlp,ZScore,remove,0,2,0.8526011560693642
phoneme,mlp,ZScore,remove,0,3,0.8583815028901735
phoneme,mlp,ZScore,remove,0,4,0.8410404624277457
phoneme,mlp,ZScore,remove,0,5,0.8554913294797688
phoneme,mlp,ZScore,remove,0,6,0.8526011560693642
phoneme,mlp,ZScore,remove,0,7,0.8497109826589595
phoneme,mlp,ZScore,remove,0,8,0.8463768115942029
phoneme,mlp,ZScore,remove,0,9,0.8260869565217391
phoneme,mlp,ZScore,remove,1,0,0.8410404624277457
phoneme,mlp,ZScore,remove,1,1,0.8670520231213873
phoneme,mlp,ZScore,remove,1,2,0.861271676300578
phoneme,mlp,ZScore,remove,1,3,0.8497109826589595
phoneme,mlp,ZScore,remove,1,4,0.8497109826589595
phoneme,mlp,ZScore,remove,1,5,0.8554913294797688
phoneme,mlp,ZScore,remove,1,6,0.838150289017341
phoneme,mlp,ZScore,remove,1,7,0.8526011560693642
phoneme,mlp,ZScore,remove,1,8,0.8521739130434782
phoneme,mlp,ZScore,remove,1,9,0.8782608695652174
phoneme,mlp,ZScore,remove,2,0,0.869942196531792
phoneme,mlp,ZScore,remove,2,1,0.8670520231213873
phoneme,mlp,ZScore,remove,2,2,0.8497109826589595
phoneme,mlp,ZScore,remove,2,3,0.8323699421965318
phoneme,mlp,ZScore,remove,2,4,0.861271676300578
phoneme,mlp,ZScore,remove,2,5,0.8583815028901735
phoneme,mlp,ZScore,remove,2,6,0.869942196531792
phoneme,mlp,ZScore,remove,2,7,0.861271676300578
phoneme,mlp,ZScore,remove,2,8,0.8434782608695652
phoneme,mlp,ZScore,remove,2,9,0.855072463768116
phoneme,mlp,ZScore,clip,0,0,0.8554913294797688
phoneme,mlp,ZScore,clip,0,1,0.8641618497109826
phoneme,mlp,ZScore,clip,0,2,0.8554913294797688
phoneme,mlp,ZScore,clip,0,3,0.8554913294797688
phoneme,mlp,ZScore,clip,0,4,0.8641618497109826
phoneme,mlp,ZScore,clip,0,5,0.8497109826589595
phoneme,mlp,ZScore,clip,0,6,0.8497109826589595
phoneme,mlp,ZScore,clip,0,7,0.8497109826589595
phoneme,mlp,ZScore,clip,0,8,0.8492753623188406
phoneme,mlp,ZScore,clip,0,9,0.8376811594202899
phoneme,mlp,ZScore,clip,1,0,0.8323699421965318
phoneme,mlp,ZScore,clip,1,1,0.8554913294797688
phoneme,mlp,ZScore,clip,1,2,0.869942196531792
phoneme,mlp,ZScore,clip,1,3,0.8497109826589595
phoneme,mlp,ZScore,clip,1,4,0.8554913294797688
phoneme,mlp,ZScore,clip,1,5,0.8554913294797688
phoneme,mlp,ZScore,clip,1,6,0.8323699421965318
phoneme,mlp,ZScore,clip,1,7,0.8728323699421965
phoneme,mlp,ZScore,clip,1,8,0.8579710144927536
phoneme,mlp,ZScore,clip,1,9,0.8724637681159421
phoneme,mlp,ZScore,clip,2,0,0.869942196531792
phoneme,mlp,ZScore,clip,2,1,0.869942196531792
phoneme,mlp,ZScore,clip,2,2,0.8352601156069365
phoneme,mlp,ZScore,clip,2,3,0.8323699421965318
phoneme,mlp,ZScore,clip,2,4,0.8583815028901735
phoneme,mlp,ZScore,clip,2,5,0.8410404624277457
phoneme,mlp,ZScore,clip,2,6,0.8728323699421965
phoneme,mlp,ZScore,clip,2,7,0.8554913294797688
phoneme,mlp,ZScore,clip,2,8,0.8463768115942029
phoneme,mlp,ZScore,clip,2,9,0.855072463768116
phoneme,mlp,Percentile,remove,0,0,0.8352601156069365
phoneme,mlp,Percentile,remove,0,1,0.8208092485549133
phoneme,mlp,Percentile,remove,0,2,0.8641618497109826
phoneme,mlp,Percentile,remove,0,3,0.8497109826589595
phoneme,mlp,Percentile,remove,0,4,0.8352601156069365
phoneme,mlp,Percentile,remove,0,5,0.846820809248555
phoneme,mlp,Percentile,remove,0,6,0.838150289017341
phoneme,mlp,Percentile,remove,0,7,0.8352601156069365
phoneme,mlp,Percentile,remove,0,8,0.8463768115942029
phoneme,mlp,Percentile,remove,0,9,0.8115942028985508
phoneme,mlp,Percentile,remove,1,0,0.8352601156069365
phoneme,mlp,Percentile,remove,1,1,0.8410404624277457
phoneme,mlp,Percentile,remove,1,2,0.8641618497109826
phoneme,mlp,Percentile,remove,1,3,0.8439306358381503
phoneme,mlp,Percentile,remove,1,4,0.838150289017341
phoneme,mlp,Percentile,remove,1,5,0.846820809248555
phoneme,mlp,Percentile,remove,1,6,0.8208092485549133
phoneme,mlp,Percentile,remove,1,7,0.8410404624277457
phoneme,mlp,Percentile,remove,1,8,0.8260869565217391
phoneme,mlp,Percentile,remove,1,9,0.8492753623188406
phoneme,mlp,Percentile,remove,2,0,0.838150289017341
phoneme,mlp,Percentile,remove,2,1,0.861271676300578
phoneme,mlp,Percentile,remove,2,2,0.8439306358381503
phoneme,mlp,Percentile,remove,2,3,0.8179190751445087
phoneme,mlp,Percentile,remove,2,4,0.8410404624277457
phoneme,mlp,Percentile,remove,2,5,0.8323699421965318
phoneme,mlp,Percentile,remove,2,6,0.8352601156069365
phoneme,mlp,Percentile,remove,2,7,0.8294797687861272
phoneme,mlp,Percentile,remove,2,8,0.8318840579710145
phoneme,mlp,Percentile,remove,2,9,0.8492753623188406
phoneme,mlp,Percentile,clip,0,0,0.8670520231213873
phoneme,mlp,Percentile,clip,0,1,0.8583815028901735
phoneme,mlp,Percentile,clip,0,2,0.8641618497109826
phoneme,mlp,Percentile,clip,0,3,0.8670520231213873
phoneme,mlp,Percentile,clip,0,4,0.869942196531792
phoneme,mlp,Percentile,clip,0,5,0.869942196531792
phoneme,mlp,Percentile,clip,0,6,0.8439306358381503
phoneme,mlp,Percentile,clip,0,7,0.8526011560693642
phoneme,mlp,Percentile,clip,0,8,0.8492753623188406
phoneme,mlp,Percentile,clip,0,9,0.8434782608695652
phoneme,mlp,Percentile,clip,1,0,0.8439306358381503
phoneme,mlp,Percentile,clip,1,1,0.8583815028901735
phoneme,mlp,Percentile,clip,1,2,0.8872832369942196
phoneme,mlp,Percentile,clip,1,3,0.861271676300578
phoneme,mlp,Percentile,clip,1,4,0.861271676300578
phoneme,mlp,Percentile,clip,1,5,0.8554913294797688
phoneme,mlp,Percentile,clip,1,6,0.8323699421965318
phoneme,mlp,Percentile,clip,1,7,0.8497109826589595
phoneme,mlp,Percentile,clip,1,8,0.8521739130434782
phoneme,mlp,Percentile,clip,1,9,0.8695652173913043
phoneme,mlp,Percentile,clip,2,0,0.8670520231213873
phoneme,mlp,Percentile,clip,2,1,0.8815028901734104
phoneme,mlp,Percentile,clip,2,2,0.8208092485549133
phoneme,mlp,Percentile,clip,2,3,0.8352601156069365
phoneme,mlp,Percentile,clip,2,4,0.8670520231213873
phoneme,mlp,Percentile,clip,2,5,0.838150289017341
phoneme,mlp,Percentile,clip,2,6,0.8554913294797688
phoneme,mlp,Percentile,clip,2,7,0.8815028901734104
phoneme,mlp,Percentile,clip,2,8,0.8492753623188406
phoneme,mlp,Percentile,clip,2,9,0.863768115942029
phoneme,mlp,IsolationForest,remove,0,0,0.8670520231213873
phoneme,mlp,IsolationForest,remove,0,1,0.869942196531792
phoneme,mlp,IsolationForest,remove,0,2,0.861271676300578
phoneme,mlp,IsolationForest,remove,0,3,0.8554913294797688
phoneme,mlp,IsolationForest,remove,0,4,0.8641618497109826
phoneme,mlp,IsolationForest,remove,0,5,0.8670520231213873
phoneme,mlp,IsolationForest,remove,0,6,0.8526011560693642
phoneme,mlp,IsolationForest,remove,0,7,0.838150289017341
phoneme,mlp,IsolationForest,remove,0,8,0.8492753623188406
phoneme,mlp,IsolationForest,remove,0,9,0.8434782608695652
phoneme,mlp,IsolationForest,remove,1,0,0.846820809248555
phoneme,mlp,IsolationForest,remove,1,1,0.8815028901734104
phoneme,mlp,IsolationForest,remove,1,2,0.869942196531792
phoneme,mlp,IsolationForest,remove,1,3,0.846820809248555
phoneme,mlp,IsolationForest,remove,1,4,0.8583815028901735
phoneme,mlp,IsolationForest,remove,1,5,0.8554913294797688
phoneme,mlp,IsolationForest,remove,1,6,0.8439306358381503
phoneme,mlp,IsolationForest,remove,1,7,0.8641618497109826
phoneme,mlp,IsolationForest,remove,1,8,0.8753623188405797
phoneme,mlp,IsolationForest,remove,1,9,0.881159420289855
phoneme,mlp,IsolationForest,remove,2,0,0.861271676300578
phoneme,mlp,IsolationForest,remove,2,1,0.8757225433526011
phoneme,mlp,IsolationForest,remove,2,2,0.8439306358381503
phoneme,mlp,IsolationForest,remove,2,3,0.8323699421965318
phoneme,mlp,IsolationForest,remove,2,4,0.8670520231213873
phoneme,mlp,IsolationForest,remove,2,5,0.8497109826589595
phoneme,mlp,IsolationForest,remove,2,6,0.8757225433526011
phoneme,mlp,IsolationForest,remove,2,7,0.8728323699421965
phoneme,mlp,IsolationForest,remove,2,8,0.8521739130434782
phoneme,mlp,IsolationForest,remove,2,9,0.8608695652173913
phoneme,mlp,LOF,remove,0,0,0.8670520231213873
phoneme,mlp,LOF,remove,0,1,0.861271676300578
phoneme,mlp,LOF,remove,0,2,0.8670520231213873
phoneme,mlp,LOF,remove,0,3,0.8670520231213873
phoneme,mlp,LOF,remove,0,4,0.8526011560693642
phoneme,mlp,LOF,remove,0,5,0.846820809248555
phoneme,mlp,LOF,remove,0,6,0.8526011560693642
phoneme,mlp,LOF,remove,0,7,0.8526011560693642
phoneme,mlp,LOF,remove,0,8,0.8463768115942029
phoneme,mlp,LOF,remove,0,9,0.8405797101449275
phoneme,mlp,LOF,remove,1,0,0.846820809248555
phoneme,mlp,LOF,remove,1,1,0.8728323699421965
phoneme,mlp,LOF,remove,1,2,0.861271676300578
phoneme,mlp,LOF,remove,1,3,0.8410404624277457
phoneme,mlp,LOF,remove,1,4,0.8526011560693642
phoneme,mlp,LOF,remove,1,5,0.8526011560693642
phoneme,mlp,LOF,remove,1,6,0.8352601156069365
phoneme,mlp,LOF,remove,1,7,0.8641618497109826
phoneme,mlp,LOF,remove,1,8,0.8434782608695652
phoneme,mlp,LOF,remove,1,9,0.881159420289855
phoneme,mlp,LOF,remove,2,0,0.869942196531792
phoneme,mlp,LOF,remove,2,1,0.8815028901734104
phoneme,mlp,LOF,remove,2,2,0.8439306358381503
phoneme,mlp,LOF,remove,2,3,0.8294797687861272
phoneme,mlp,LOF,remove,2,4,0.8641618497109826
phoneme,mlp,LOF,remove,2,5,0.861271676300578
phoneme,mlp,LOF,remove,2,6,0.8728323699421965
phoneme,mlp,LOF,remove,2,7,0.8815028901734104
phoneme,mlp,LOF,remove,2,8,0.8376811594202899
phoneme,mlp,LOF,remove,2,9,0.8521739130434782
phoneme,mlp,Autoencoder,remove,0,0,0.8670520231213873
phoneme,mlp,Autoencoder,remove,0,1,0.861271676300578
phoneme,mlp,Autoencoder,remove,0,2,0.8554913294797688
phoneme,mlp,Autoencoder,remove,0,3,0.8439306358381503
phoneme,mlp,Autoencoder,remove,0,4,0.8526011560693642
phoneme,mlp,Autoencoder,remove,0,5,0.846820809248555
phoneme,mlp,Autoencoder,remove,0,6,0.8323699421965318
phoneme,mlp,Autoencoder,remove,0,7,0.8554913294797688
phoneme,mlp,Autoencoder,remove,0,8,0.8492753623188406
phoneme,mlp,Autoencoder,remove,0,9,0.8347826086956521
phoneme,mlp,Autoencoder,remove,1,0,0.8323699421965318
phoneme,mlp,Autoencoder,remove,1,1,0.861271676300578
phoneme,mlp,Autoencoder,remove,1,2,0.869942196531792
phoneme,mlp,Autoencoder,remove,1,3,0.838150289017341
phoneme,mlp,Autoencoder,remove,1,4,0.8641618497109826
phoneme,mlp,Autoencoder,remove,1,5,0.8554913294797688
phoneme,mlp,Autoencoder,remove,1,6,0.846820809248555
phoneme,mlp,Autoencoder,remove,1,7,0.8554913294797688
phoneme,mlp,Autoencoder,remove,1,8,0.8521739130434782
phoneme,mlp,Autoencoder,remove,1,9,0.8898550724637682
phoneme,mlp,Autoencoder,remove,2,0,0.869942196531792
phoneme,mlp,Autoencoder,remove,2,1,0.8786127167630058
phoneme,mlp,Autoencoder,remove,2,2,0.838150289017341
phoneme,mlp,Autoencoder,remove,2,3,0.8410404624277457
phoneme,mlp,Autoencoder,remove,2,4,0.8554913294797688
phoneme,mlp,Autoencoder,remove,2,5,0.846820809248555
phoneme,mlp,Autoencoder,remove,2,6,0.8670520231213873
phoneme,mlp,Autoencoder,remove,2,7,0.8583815028901735
phoneme,mlp,Autoencoder,remove,2,8,0.8521739130434782
phoneme,mlp,Autoencoder,remove,2,9,0.8376811594202899
phoneme,xgboost,None,remove,0,0,0.8815028901734104
phoneme,xgboost,None,remove,0,1,0.9104046242774566
phoneme,xgboost,None,remove,0,2,0.8815028901734104
phoneme,xgboost,None,remove,0,3,0.8815028901734104
phoneme,xgboost,None,remove,0,4,0.8901734104046243
phoneme,xgboost,None,remove,0,5,0.8959537572254336
phoneme,xgboost,None,remove,0,6,0.8554913294797688
phoneme,xgboost,None,remove,0,7,0.8815028901734104
phoneme,xgboost,None,remove,0,8,0.8869565217391304
phoneme,xgboost,None,remove,0,9,0.8898550724637682
phoneme,xgboost,None,remove,1,0,0.884393063583815
phoneme,xgboost,None,remove,1,1,0.884393063583815
phoneme,xgboost,None,remove,1,2,0.8930635838150289
phoneme,xgboost,None,remove,1,3,0.8872832369942196
phoneme,xgboost,None,remove,1,4,0.8872832369942196
phoneme,xgboost,None,remove,1,5,0.869942196531792
phoneme,xgboost,None,remove,1,6,0.884393063583815
phoneme,xgboost,None,remove,1,7,0.9046242774566474
phoneme,xgboost,None,remove,1,8,0.9101449275362319
phoneme,xgboost,None,remove,1,9,0.8927536231884058
phoneme,xgboost,None,remove,2,0,0.8959537572254336
phoneme,xgboost,None,remove,2,1,0.8901734104046243
phoneme,xgboost,None,remove,2,2,0.8988439306358381
phoneme,xgboost,None,remove,2,3,0.8728323699421965
phoneme,xgboost,None,remove,2,4,0.9132947976878613
phoneme,xgboost,None,remove,2,5,0.8988439306358381
phoneme,xgboost,None,remove,2,6,0.9075144508670521
phoneme,xgboost,None,remove,2,7,0.8872832369942196
phoneme,xgboost,None,remove,2,8,0.8840579710144928
phoneme,xgboost,None,remove,2,9,0.863768115942029
phoneme,xgboost,ZScore,remove,0,0,0.8872832369942196
phoneme,xgboost,ZScore,remove,0,1,0.8930635838150289
phoneme,xgboost,ZScore,remove,0,2,0.8786127167630058
phoneme,xgboost,ZScore,remove,0,3,0.8757225433526011
phoneme,xgboost,ZScore,remove,0,4,0.8901734104046243
phoneme,xgboost,ZScore,remove,0,5,0.8930635838150289
phoneme,xgboost,ZScore,remove,0,6,0.8757225433526011
phoneme,xgboost,ZScore,remove,0,7,0.8815028901734104
phoneme,xgboost,ZScore,remove,0,8,0.8753623188405797
phoneme,xgboost,ZScore,remove,0,9,0.8869565217391304
phoneme,xgboost,ZScore,remove,1,0,0.8988439306358381
phoneme,xgboost,ZScore,remove,1,1,0.8930635838150289
phoneme,xgboost,ZScore,remove,1,2,0.8815028901734104
phoneme,xgboost,ZScore,remove,1,3,0.8959537572254336
phoneme,xgboost,ZScore,remove,1,4,0.8901734104046243
phoneme,xgboost,ZScore,remove,1,5,0.8583815028901735
phoneme,xgboost,ZScore,remove,1,6,0.8815028901734104
phoneme,xgboost,ZScore,remove,1,7,0.8959537572254336
phoneme,xgboost,ZScore,remove,1,8,0.9014492753623189
phoneme,xgboost,ZScore,remove,1,9,0.8695652173913043
phoneme,xgboost,ZScore,remove,2,0,0.8930635838150289
phoneme,xgboost,ZScore,remove,2,1,0.884393063583815
phoneme,xgboost,ZScore,remove,2,2,0.8815028901734104
phoneme,xgboost,ZScore,remove,2,3,0.8930635838150289
phoneme,xgboost,ZScore,remove,2,4,0.8988439306358381
phoneme,xgboost,ZScore,remove,2,5,0.8728323699421965
phoneme,xgboost,ZScore,remove,2,6,0.9190751445086706
phoneme,xgboost,ZScore,remove,2,7,0.8988439306358381
phoneme,xgboost,ZScore,remove,2,8,0.8724637681159421
phoneme,xgboost,ZScore,remove,2,9,0.8608695652173913
phoneme,xgboost,ZScore,clip,0,0,0.8930635838150289
phoneme,xgboost,ZScore,clip,0,1,0.9161849710982659
phoneme,xgboost,ZScore,clip,0,2,0.8959537572254336
phoneme,xgboost,ZScore,clip,0,3,0.8872832369942196
phoneme,xgboost,ZScore,clip,0,4,0.8988439306358381
phoneme,xgboost,ZScore,clip,0,5,0.8988439306358381
phoneme,xgboost,ZScore,clip,0,6,0.884393063583815
phoneme,xgboost,ZScore,clip,0,7,0.8901734104046243
phoneme,xgboost,ZScore,clip,0,8,0.8840579710144928
phoneme,xgboost,ZScore,clip,0,9,0.8782608695652174
phoneme,xgboost,ZScore,clip,1,0,0.8786127167630058
phoneme,xgboost,ZScore,clip,1,1,0.8901734104046243
phoneme,xgboost,ZScore,clip,1,2,0.8959537572254336
phoneme,xgboost,ZScore,clip,1,3,0.884393063583815
phoneme,xgboost,ZScore,clip,1,4,0.8988439306358381
phoneme,xgboost,ZScore,clip,1,5,0.869942196531792
phoneme,xgboost,ZScore,clip,1,6,0.8786127167630058
phoneme,xgboost,ZScore,clip,1,7,0.9104046242774566
phoneme,xgboost,ZScore,clip,1,8,0.9014492753623189
phoneme,xgboost,ZScore,clip,1,9,0.8840579710144928
phoneme,xgboost,ZScore,clip,2,0,0.8988439306358381
phoneme,xgboost,ZScore,clip,2,1,0.8988439306358381
phoneme,xgboost,ZScore,clip,2,2,0.8930635838150289
phoneme,xgboost,ZScore,clip,2,3,0.8641618497109826
phoneme,xgboost,ZScore,clip,2,4,0.9104046242774566
phoneme,xgboost,ZScore,clip,2,5,0.9017341040462428
phoneme,xgboost,ZScore,clip,2,6,0.9075144508670521
phoneme,xgboost,ZScore,clip,2,7,0.9017341040462428
phoneme,xgboost,ZScore,clip,2,8,0.8724637681159421
phoneme,xgboost,ZScore,clip,2,9,0.8666666666666667
phoneme,xgboost,Percentile,remove,0,0,0.8786127167630058
phoneme,xgboost,Percentile,remove,0,1,0.846820809248555
phoneme,xgboost,Percentile,remove,0,2,0.8670520231213873
phoneme,xgboost,Percentile,remove,0,3,0.8670520231213873
phoneme,xgboost,Percentile,remove,0,4,0.8670520231213873
phoneme,xgboost,Percentile,remove,0,5,0.8641618497109826
phoneme,xgboost,Percentile,remove,0,6,0.846820809248555
phoneme,xgboost,Percentile,remove,0,7,0.884393063583815
phoneme,xgboost,Percentile,remove,0,8,0.8579710144927536
phoneme,xgboost,Percentile,remove,0,9,0.8695652173913043
phoneme,xgboost,Percentile,remove,1,0,0.8236994219653179
phoneme,xgboost,Percentile,remove,1,1,0.8959537572254336
phoneme,xgboost,Percentile,remove,1,2,0.8757225433526011
phoneme,xgboost,Percentile,remove,1,3,0.8670520231213873
phoneme,xgboost,Percentile,remove,1,4,0.8439306358381503
phoneme,xgboost,Percentile,remove,1,5,0.846820809248555
phoneme,xgboost,Percentile,remove,1,6,0.8670520231213873
phoneme,xgboost,Percentile,remove,1,7,0.8872832369942196
phoneme,xgboost,Percentile,remove,1,8,0.863768115942029
phoneme,xgboost,Percentile,remove,1,9,0.8608695652173913
phoneme,xgboost,Percentile,remove,2,0,0.8930635838150289
phoneme,xgboost,Percentile,remove,2,1,0.861271676300578
phoneme,xgboost,Percentile,remove,2,2,0.8728323699421965
phoneme,xgboost,Percentile,remove,2,3,0.8439306358381503
phoneme,xgboost,Percentile,remove,2,4,0.8641618497109826
phoneme,xgboost,Percentile,remove,2,5,0.8554913294797688
phoneme,xgboost,Percentile,remove,2,6,0.8786127167630058
phoneme,xgboost,Percentile,remove,2,7,0.869942196531792
phoneme,xgboost,Percentile,remove,2,8,0.8463768115942029
phoneme,xgboost,Percentile,remove,2,9,0.863768115942029
phoneme,xgboost,Percentile,clip,0,0,0.8786127167630058
phoneme,xgboost,Percentile,clip,0,1,0.9132947976878613
phoneme,xgboost,Percentile,clip,0,2,0.884393063583815
phoneme,xgboost,Percentile,clip,0,3,0.8901734104046243
phoneme,xgboost,Percentile,clip,0,4,0.8988439306358381
phoneme,xgboost,Percentile,clip,0,5,0.9075144508670521
phoneme,xgboost,Percentile,clip,0,6,0.8641618497109826
phoneme,xgboost,Percentile,clip,0,7,0.8815028901734104
phoneme,xgboost,Percentile,clip,0,8,0.881159420289855
phoneme,xgboost,Percentile,clip,0,9,0.8608695652173913
phoneme,xgboost,Percentile,clip,1,0,0.8872832369942196
phoneme,xgboost,Percentile,clip,1,1,0.8815028901734104
phoneme,xgboost,Percentile,clip,1,2,0.8901734104046243
phoneme,xgboost,Percentile,clip,1,3,0.9017341040462428
phoneme,xgboost,Percentile,clip,1,4,0.884393063583815
phoneme,xgboost,Percentile,clip,1,5,0.8641618497109826
phoneme,xgboost,Percentile,clip,1,6,0.884393063583815
phoneme,xgboost,Percentile,clip,1,7,0.9075144508670521
phoneme,xgboost,Percentile,clip,1,8,0.9101449275362319
phoneme,xgboost,Percentile,clip,1,9,0.8898550724637682
phoneme,xgboost,Percentile,clip,2,0,0.8988439306358381
phoneme,xgboost,Percentile,clip,2,1,0.8901734104046243
phoneme,xgboost,Percentile,clip,2,2,0.8901734104046243
phoneme,xgboost,Percentile,clip,2,3,0.8872832369942196
phoneme,xgboost,Percentile,clip,2,4,0.9046242774566474
phoneme,xgboost,Percentile,clip,2,5,0.884393063583815
phoneme,xgboost,Percentile,clip,2,6,0.9075144508670521
phoneme,xgboost,Percentile,clip,2,7,0.8959537572254336
phoneme,xgboost,Percentile,clip,2,8,0.8666666666666667
phoneme,xgboost,Percentile,clip,2,9,0.8782608695652174
phoneme,xgboost,IsolationForest,remove,0,0,0.8815028901734104
phoneme,xgboost,IsolationForest,remove,0,1,0.9017341040462428
phoneme,xgboost,IsolationForest,remove,0,2,0.8786127167630058
phoneme,xgboost,IsolationForest,remove,0,3,0.8930635838150289
phoneme,xgboost,IsolationForest,remove,0,4,0.8901734104046243
phoneme,xgboost,IsolationForest,remove,0,5,0.9046242774566474
phoneme,xgboost,IsolationForest,remove,0,6,0.884393063583815
phoneme,xgboost,IsolationForest,remove,0,7,0.8786127167630058
phoneme,xgboost,IsolationForest,remove,0,8,0.8753623188405797
phoneme,xgboost,IsolationForest,remove,0,9,0.881159420289855
phoneme,xgboost,IsolationForest,remove,1,0,0.8641618497109826
phoneme,xgboost,IsolationForest,remove,1,1,0.8901734104046243
phoneme,xgboost,IsolationForest,remove,1,2,0.884393063583815
phoneme,xgboost,IsolationForest,remove,1,3,0.9075144508670521
phoneme,xgboost,IsolationForest,remove,1,4,0.8815028901734104
phoneme,xgboost,IsolationForest,remove,1,5,0.8670520231213873
phoneme,xgboost,IsolationForest,remove,1,6,0.8901734104046243
phoneme,xgboost,IsolationForest,remove,1,7,0.8959537572254336
phoneme,xgboost,IsolationForest,remove,1,8,0.9014492753623189
phoneme,xgboost,IsolationForest,remove,1,9,0.8840579710144928
phoneme,xgboost,IsolationForest,remove,2,0,0.8988439306358381
phoneme,xgboost,IsolationForest,remove,2,1,0.8815028901734104
phoneme,xgboost,IsolationForest,remove,2,2,0.9046242774566474
phoneme,xgboost,IsolationForest,remove,2,3,0.8641618497109826
phoneme,xgboost,IsolationForest,remove,2,4,0.8872832369942196
phoneme,xgboost,IsolationForest,remove,2,5,0.8815028901734104
phoneme,xgboost,IsolationForest,remove,2,6,0.9190751445086706
phoneme,xgboost,IsolationForest,remove,2,7,0.9075144508670521
phoneme,xgboost,IsolationForest,remove,2,8,0.8753623188405797
phoneme,xgboost,IsolationForest,remove,2,9,0.8840579710144928
phoneme,xgboost,LOF,remove,0,0,0.884393063583815
phoneme,xgboost,LOF,remove,0,1,0.9104046242774566
phoneme,xgboost,LOF,remove,0,2,0.8930635838150289
phoneme,xgboost,LOF,remove,0,3,0.8670520231213873
phoneme,xgboost,LOF,remove,0,4,0.8901734104046243
phoneme,xgboost,LOF,remove,0,5,0.9075144508670521
phoneme,xgboost,LOF,remove,0,6,0.8901734104046243
phoneme,xgboost,LOF,remove,0,7,0.8786127167630058
phoneme,xgboost,LOF,remove,0,8,0.8898550724637682
phoneme,xgboost,LOF,remove,0,9,0.8898550724637682
phoneme,xgboost,LOF,remove,1,0,0.8757225433526011
phoneme,xgboost,LOF,remove,1,1,0.8959537572254336
phoneme,xgboost,LOF,remove,1,2,0.8988439306358381
phoneme,xgboost,LOF,remove,1,3,0.8930635838150289
phoneme,xgboost,LOF,remove,1,4,0.8988439306358381
phoneme,xgboost,LOF,remove,1,5,0.8641618497109826
phoneme,xgboost,LOF,remove,1,6,0.8815028901734104
phoneme,xgboost,LOF,remove,1,7,0.9161849710982659
phoneme,xgboost,LOF,remove,1,8,0.8956521739130435
phoneme,xgboost,LOF,remove,1,9,0.8898550724637682
phoneme,xgboost,LOF,remove,2,0,0.9161849710982659
phoneme,xgboost,LOF,remove,2,1,0.8786127167630058
phoneme,xgboost,LOF,remove,2,2,0.9046242774566474
phoneme,xgboost,LOF,remove,2,3,0.8728323699421965
phoneme,xgboost,LOF,remove,2,4,0.8930635838150289
phoneme,xgboost,LOF,remove,2,5,0.8988439306358381
phoneme,xgboost,LOF,remove,2,6,0.9190751445086706
phoneme,xgboost,LOF,remove,2,7,0.884393063583815
phoneme,xgboost,LOF,remove,2,8,0.8724637681159421
phoneme,xgboost,LOF,remove,2,9,0.8724637681159421
phoneme,xgboost,Autoencoder,remove,0,0,0.9075144508670521
phoneme,xgboost,Autoencoder,remove,0,1,0.8988439306358381
phoneme,xgboost,Autoencoder,remove,0,2,0.884393063583815
phoneme,xgboost,Autoencoder,remove,0,3,0.8757225433526011
phoneme,xgboost,Autoencoder,remove,0,4,0.884393063583815
phoneme,xgboost,Autoencoder,remove,0,5,0.8988439306358381
phoneme,xgboost,Autoencoder,remove,0,6,0.861271676300578
phoneme,xgboost,Autoencoder,remove,0,7,0.8872832369942196
phoneme,xgboost,Autoencoder,remove,0,8,0.8927536231884058
phoneme,xgboost,Autoencoder,remove,0,9,0.8898550724637682
phoneme,xgboost,Autoencoder,remove,1,0,0.8670520231213873
phoneme,xgboost,Autoencoder,remove,1,1,0.8930635838150289
phoneme,xgboost,Autoencoder,remove,1,2,0.9017341040462428
phoneme,xgboost,Autoencoder,remove,1,3,0.9046242774566474
phoneme,xgboost,Autoencoder,remove,1,4,0.884393063583815
phoneme,xgboost,Autoencoder,remove,1,5,0.8526011560693642
phoneme,xgboost,Autoencoder,remove,1,6,0.8786127167630058
phoneme,xgboost,Autoencoder,remove,1,7,0.9104046242774566
phoneme,xgboost,Autoencoder,remove,1,8,0.8985507246376812
phoneme,xgboost,Autoencoder,remove,1,9,0.8724637681159421
phoneme,xgboost,Autoencoder,remove,2,0,0.9046242774566474
phoneme,xgboost,Autoencoder,remove,2,1,0.8815028901734104
phoneme,xgboost,Autoencoder,remove,2,2,0.8872832369942196
phoneme,xgboost,Autoencoder,remove,2,3,0.8786127167630058
phoneme,xgboost,Autoencoder,remove,2,4,0.9017341040462428
phoneme,xgboost,Autoencoder,remove,2,5,0.8901734104046243
phoneme,xgboost,Autoencoder,remove,2,6,0.9017341040462428
phoneme,xgboost,Autoencoder,remove,2,7,0.9046242774566474
phoneme,xgboost,Autoencoder,remove,2,8,0.8579710144927536
phoneme,xgboost,Autoencoder,remove,2,9,0.8724637681159421
phoneme,randomforest,None,remove,0,0,0.8930635838150289
phoneme,randomforest,None,remove,0,1,0.8959537572254336
phoneme,randomforest,None,remove,0,2,0.9075144508670521
phoneme,randomforest,None,remove,0,3,0.9075144508670521
phoneme,randomforest,None,remove,0,4,0.9046242774566474
phoneme,randomforest,None,remove,0,5,0.884393063583815
phoneme,randomforest,None,remove,0,6,0.8988439306358381
phoneme,randomforest,None,remove,0,7,0.8930635838150289
phoneme,randomforest,None,remove,0,8,0.8840579710144928
phoneme,randomforest,None,remove,0,9,0.9014492753623189
phoneme,randomforest,None,remove,1,0,0.8815028901734104
phoneme,randomforest,None,remove,1,1,0.9075144508670521
phoneme,randomforest,None,remove,1,2,0.8959537572254336
phoneme,randomforest,None,remove,1,3,0.884393063583815
phoneme,randomforest,None,remove,1,4,0.9161849710982659
phoneme,randomforest,None,remove,1,5,0.8786127167630058
phoneme,randomforest,None,remove,1,6,0.8959537572254336
phoneme,randomforest,None,remove,1,7,0.9219653179190751
phoneme,randomforest,None,remove,1,8,0.9072463768115943
phoneme,randomforest,None,remove,1,9,0.9014492753623189
phoneme,randomforest,None,remove,2,0,0.8988439306358381
phoneme,randomforest,None,remove,2,1,0.9046242774566474
phoneme,randomforest,None,remove,2,2,0.8901734104046243
phoneme,randomforest,None,remove,2,3,0.8872832369942196
phoneme,randomforest,None,remove,2,4,0.9132947976878613
phoneme,randomforest,None,remove,2,5,0.8959537572254336
phoneme,randomforest,None,remove,2,6,0.930635838150289
phoneme,randomforest,None,remove,2,7,0.9075144508670521
phoneme,randomforest,None,remove,2,8,0.8927536231884058
phoneme,randomforest,None,remove,2,9,0.8840579710144928
phoneme,randomforest,ZScore,remove,0,0,0.8988439306358381
phoneme,randomforest,ZScore,remove,0,1,0.8988439306358381
phoneme,randomforest,ZScore,remove,0,2,0.9075144508670521
phoneme,randomforest,ZScore,remove,0,3,0.9046242774566474
phoneme,randomforest,ZScore,remove,0,4,0.9046242774566474
phoneme,randomforest,ZScore,remove,0,5,0.8872832369942196
phoneme,randomforest,ZScore,remove,0,6,0.9046242774566474
phoneme,randomforest,ZScore,remove,0,7,0.8815028901734104
phoneme,randomforest,ZScore,remove,0,8,0.8927536231884058
phoneme,randomforest,ZScore,remove,0,9,0.8869565217391304
phoneme,randomforest,ZScore,remove,1,0,0.8872832369942196
phoneme,randomforest,ZScore,remove,1,1,0.9075144508670521
phoneme,randomforest,ZScore,remove,1,2,0.8815028901734104
phoneme,randomforest,ZScore,remove,1,3,0.8872832369942196
phoneme,randomforest,ZScore,remove,1,4,0.9017341040462428
phoneme,randomforest,ZScore,remove,1,5,0.8786127167630058
phoneme,randomforest,ZScore,remove,1,6,0.9046242774566474
phoneme,randomforest,ZScore,remove,1,7,0.9161849710982659
phoneme,randomforest,ZScore,remove,1,8,0.9130434782608695
phoneme,randomforest,ZScore,remove,1,9,0.9014492753623189
phoneme,randomforest,ZScore,remove,2,0,0.9046242774566474
phoneme,randomforest,ZScore,remove,2,1,0.8959537572254336
phoneme,randomforest,ZScore,remove,2,2,0.9075144508670521
phoneme,randomforest,ZScore,remove,2,3,0.8872832369942196
phoneme,randomforest,ZScore,remove,2,4,0.9219653179190751
phoneme,randomforest,ZScore,remove,2,5,0.8786127167630058
phoneme,randomforest,ZScore,remove,2,6,0.9132947976878613
phoneme,randomforest,ZScore,remove,2,7,0.9132947976878613
phoneme,randomforest,ZScore,remove,2,8,0.8869565217391304
phoneme,randomforest,ZScore,remove,2,9,0.8927536231884058
phoneme,randomforest,ZScore,clip,0,0,0.8959537572254336
phoneme,randomforest,ZScore,clip,0,1,0.8930635838150289
phoneme,randomforest,ZScore,clip,0,2,0.9132947976878613
phoneme,randomforest,ZScore,clip,0,3,0.9104046242774566
phoneme,randomforest,ZScore,clip,0,4,0.8988439306358381
phoneme,randomforest,ZScore,clip,0,5,0.8901734104046243
phoneme,randomforest,ZScore,clip,0,6,0.8959537572254336
phoneme,randomforest,ZScore,clip,0,7,0.8901734104046243
phoneme,randomforest,ZScore,clip,0,8,0.8898550724637682
phoneme,randomforest,ZScore,clip,0,9,0.8956521739130435
phoneme,randomforest,ZScore,clip,1,0,0.884393063583815
phoneme,randomforest,ZScore,clip,1,1,0.9132947976878613
phoneme,randomforest,ZScore,clip,1,2,0.9017341040462428
phoneme,randomforest,ZScore,clip,1,3,0.8815028901734104
phoneme,randomforest,ZScore,clip,1,4,0.9132947976878613
phoneme,randomforest,ZScore,clip,1,5,0.8757225433526011
phoneme,randomforest,ZScore,clip,1,6,0.884393063583815
phoneme,randomforest,ZScore,clip,1,7,0.9190751445086706
phoneme,randomforest,ZScore,clip,1,8,0.9043478260869565
phoneme,randomforest,ZScore,clip,1,9,0.9014492753623189
phoneme,randomforest,ZScore,clip,2,0,0.9075144508670521
phoneme,randomforest,ZScore,clip,2,1,0.9017341040462428
phoneme,randomforest,ZScore,clip,2,2,0.9017341040462428
phoneme,randomforest,ZScore,clip,2,3,0.8786127167630058
phoneme,randomforest,ZScore,clip,2,4,0.9075144508670521
phoneme,randomforest,ZScore,clip,2,5,0.8930635838150289
phoneme,randomforest,ZScore,clip,2,6,0.930635838150289
phoneme,randomforest,ZScore,clip,2,7,0.9075144508670521
phoneme,randomforest,ZScore,clip,2,8,0.8985507246376812
phoneme,randomforest,ZScore,clip,2,9,0.8753623188405797
phoneme,randomforest,Percentile,remove,0,0,0.8670520231213873
phoneme,randomforest,Percentile,remove,0,1,0.8497109826589595
phoneme,randomforest,Percentile,remove,0,2,0.8786127167630058
phoneme,randomforest,Percentile,remove,0,3,0.8815028901734104
phoneme,randomforest,Percentile,remove,0,4,0.8526011560693642
phoneme,randomforest,Percentile,remove,0,5,0.8728323699421965
phoneme,randomforest,Percentile,remove,0,6,0.8728323699421965
phoneme,randomforest,Percentile,remove,0,7,0.8872832369942196
phoneme,randomforest,Percentile,remove,0,8,0.8695652173913043
phoneme,randomforest,Percentile,remove,0,9,0.8695652173913043
phoneme,randomforest,Percentile,remove,1,0,0.8526011560693642
phoneme,randomforest,Percentile,remove,1,1,0.8930635838150289
phoneme,randomforest,Percentile,remove,1,2,0.884393063583815
phoneme,randomforest,Percentile,remove,1,3,0.8641618497109826
phoneme,randomforest,Percentile,remove,1,4,0.861271676300578
phoneme,randomforest,Percentile,remove,1,5,0.8641618497109826
phoneme,randomforest,Percentile,remove,1,6,0.8786127167630058
phoneme,randomforest,Percentile,remove,1,7,0.9017341040462428
phoneme,randomforest,Percentile,remove,1,8,0.8521739130434782
phoneme,randomforest,Percentile,remove,1,9,0.8724637681159421
phoneme,randomforest,Percentile,remove,2,0,0.8901734104046243
phoneme,randomforest,Percentile,remove,2,1,0.869942196531792
phoneme,randomforest,Percentile,remove,2,2,0.869942196531792
phoneme,randomforest,Percentile,remove,2,3,0.861271676300578
phoneme,randomforest,Percentile,remove,2,4,0.8786127167630058
phoneme,randomforest,Percentile,remove,2,5,0.8641618497109826
phoneme,randomforest,Percentile,remove,2,6,0.8815028901734104
phoneme,randomforest,Percentile,remove,2,7,0.8728323699421965
phoneme,randomforest,Percentile,remove,2,8,0.855072463768116
phoneme,randomforest,Percentile,remove,2,9,0.8579710144927536
phoneme,randomforest,Percentile,clip,0,0,0.8959537572254336
phoneme,randomforest,Percentile,clip,0,1,0.9017341040462428
phoneme,randomforest,Percentile,clip,0,2,0.8959537572254336
phoneme,randomforest,Percentile,clip,0,3,0.8959537572254336
phoneme,randomforest,Percentile,clip,0,4,0.9075144508670521
phoneme,randomforest,Percentile,clip,0,5,0.8988439306358381
phoneme,randomforest,Percentile,clip,0,6,0.8988439306358381
phoneme,randomforest,Percentile,clip,0,7,0.8901734104046243
phoneme,randomforest,Percentile,clip,0,8,0.8898550724637682
phoneme,randomforest,Percentile,clip,0,9,0.8782608695652174
phoneme,randomforest,Percentile,clip,1,0,0.8959537572254336
phoneme,randomforest,Percentile,clip,1,1,0.9046242774566474
phoneme,randomforest,Percentile,clip,1,2,0.8930635838150289
phoneme,randomforest,Percentile,clip,1,3,0.8786127167630058
phoneme,randomforest,Percentile,clip,1,4,0.9046242774566474
phoneme,randomforest,Percentile,clip,1,5,0.8815028901734104
phoneme,randomforest,Percentile,clip,1,6,0.8872832369942196
phoneme,randomforest,Percentile,clip,1,7,0.9161849710982659
phoneme,randomforest,Percentile,clip,1,8,0.9072463768115943
phoneme,randomforest,Percentile,clip,1,9,0.8898550724637682
phoneme,randomforest,Percentile,clip,2,0,0.9046242774566474
phoneme,randomforest,Percentile,clip,2,1,0.8872832369942196
phoneme,randomforest,Percentile,clip,2,2,0.9046242774566474
phoneme,randomforest,Percentile,clip,2,3,0.8872832369942196
phoneme,randomforest,Percentile,clip,2,4,0.9190751445086706
phoneme,randomforest,Percentile,clip,2,5,0.9017341040462428
phoneme,randomforest,Percentile,clip,2,6,0.9104046242774566
phoneme,randomforest,Percentile,clip,2,7,0.9046242774566474
phoneme,randomforest,Percentile,clip,2,8,0.8753623188405797
phoneme,randomforest,Percentile,clip,2,9,0.8840579710144928
phoneme,randomforest,IsolationForest,remove,0,0,0.8930635838150289
phoneme,randomforest,IsolationForest,remove,0,1,0.8959537572254336
phoneme,randomforest,IsolationForest,remove,0,2,0.8988439306358381
phoneme,randomforest,IsolationForest,remove,0,3,0.9161849710982659
phoneme,randomforest,IsolationForest,remove,0,4,0.8959537572254336
phoneme,randomforest,IsolationForest,remove,0,5,0.8988439306358381
phoneme,randomforest,IsolationForest,remove,0,6,0.9075144508670521
phoneme,randomforest,IsolationForest,remove,0,7,0.8959537572254336
phoneme,randomforest,IsolationForest,remove,0,8,0.8956521739130435
phoneme,randomforest,IsolationForest,remove,0,9,0.8927536231884058
phoneme,randomforest,IsolationForest,remove,1,0,0.8872832369942196
phoneme,randomforest,IsolationForest,remove,1,1,0.9190751445086706
phoneme,randomforest,IsolationForest,remove,1,2,0.8872832369942196
phoneme,randomforest,IsolationForest,remove,1,3,0.8959537572254336
phoneme,randomforest,IsolationForest,remove,1,4,0.8988439306358381
phoneme,randomforest,IsolationForest,remove,1,5,0.869942196531792
phoneme,randomforest,IsolationForest,remove,1,6,0.8930635838150289
phoneme,randomforest,IsolationForest,remove,1,7,0.9132947976878613
phoneme,randomforest,IsolationForest,remove,1,8,0.9101449275362319
phoneme,randomforest,IsolationForest,remove,1,9,0.8840579710144928
phoneme,randomforest,IsolationForest,remove,2,0,0.8988439306358381
phoneme,randomforest,IsolationForest,remove,2,1,0.8815028901734104
phoneme,randomforest,IsolationForest,remove,2,2,0.9075144508670521
phoneme,randomforest,IsolationForest,remove,2,3,0.8901734104046243
phoneme,randomforest,IsolationForest,remove,2,4,0.9017341040462428
phoneme,randomforest,IsolationForest,remove,2,5,0.8815028901734104
phoneme,randomforest,IsolationForest,remove,2,6,0.9190751445086706
phoneme,randomforest,IsolationForest,remove,2,7,0.9104046242774566
phoneme,randomforest,IsolationForest,remove,2,8,0.8985507246376812
phoneme,randomforest,IsolationForest,remove,2,9,0.9072463768115943
phoneme,randomforest,LOF,remove,0,0,0.8815028901734104
phoneme,randomforest,LOF,remove,0,1,0.9017341040462428
phoneme,randomforest,LOF,remove,0,2,0.8959537572254336
phoneme,randomforest,LOF,remove,0,3,0.9075144508670521
phoneme,randomforest,LOF,remove,0,4,0.8988439306358381
phoneme,randomforest,LOF,remove,0,5,0.9017341040462428
phoneme,randomforest,LOF,remove,0,6,0.884393063583815
phoneme,randomforest,LOF,remove,0,7,0.9046242774566474
phoneme,randomforest,LOF,remove,0,8,0.8927536231884058
phoneme,randomforest,LOF,remove,0,9,0.8956521739130435
phoneme,randomforest,LOF,remove,1,0,0.8815028901734104
phoneme,randomforest,LOF,remove,1,1,0.9161849710982659
phoneme,randomforest,LOF,remove,1,2,0.9017341040462428
phoneme,randomforest,LOF,remove,1,3,0.884393063583815
phoneme,randomforest,LOF,remove,1,4,0.9017341040462428
phoneme,randomforest,LOF,remove,1,5,0.8757225433526011
phoneme,randomforest,LOF,remove,1,6,0.8872832369942196
phoneme,randomforest,LOF,remove,1,7,0.9104046242774566
phoneme,randomforest,LOF,remove,1,8,0.9130434782608695
phoneme,randomforest,LOF,remove,1,9,0.9043478260869565
phoneme,randomforest,LOF,remove,2,0,0.9046242774566474
phoneme,randomforest,LOF,remove,2,1,0.8988439306358381
phoneme,randomforest,LOF,remove,2,2,0.8988439306358381
phoneme,randomforest,LOF,remove,2,3,0.8872832369942196
phoneme,randomforest,LOF,remove,2,4,0.9190751445086706
phoneme,randomforest,LOF,remove,2,5,0.9017341040462428
phoneme,randomforest,LOF,remove,2,6,0.9190751445086706
phoneme,randomforest,LOF,remove,2,7,0.9075144508670521
phoneme,randomforest,LOF,remove,2,8,0.8927536231884058
phoneme,randomforest,LOF,remove,2,9,0.8956521739130435
phoneme,randomforest,Autoencoder,remove,0,0,0.9046242774566474
phoneme,randomforest,Autoencoder,remove,0,1,0.8815028901734104
phoneme,randomforest,Autoencoder,remove,0,2,0.9075144508670521
phoneme,randomforest,Autoencoder,remove,0,3,0.9075144508670521
phoneme,randomforest,Autoencoder,remove,0,4,0.9017341040462428
phoneme,randomforest,Autoencoder,remove,0,5,0.884393063583815
phoneme,randomforest,Autoencoder,remove,0,6,0.8757225433526011
phoneme,randomforest,Autoencoder,remove,0,7,0.8959537572254336
phoneme,randomforest,Autoencoder,remove,0,8,0.9014492753623189
phoneme,randomforest,Autoencoder,remove,0,9,0.8869565217391304
phoneme,randomforest,Autoencoder,remove,1,0,0.869942196531792
phoneme,randomforest,Autoencoder,remove,1,1,0.9046242774566474
phoneme,randomforest,Autoencoder,remove,1,2,0.8872832369942196
phoneme,randomforest,Autoencoder,remove,1,3,0.8959537572254336
phoneme,randomforest,Autoencoder,remove,1,4,0.9017341040462428
phoneme,randomforest,Autoencoder,remove,1,5,0.8815028901734104
phoneme,randomforest,Autoencoder,remove,1,6,0.9075144508670521
phoneme,randomforest,Autoencoder,remove,1,7,0.9132947976878613
phoneme,randomforest,Autoencoder,remove,1,8,0.9043478260869565
phoneme,randomforest,Autoencoder,remove,1,9,0.9014492753623189
phoneme,randomforest,Autoencoder,remove,2,0,0.8872832369942196
phoneme,randomforest,Autoencoder,remove,2,1,0.8930635838150289
phoneme,randomforest,Autoencoder,remove,2,2,0.8959537572254336
phoneme,randomforest,Autoencoder,remove,2,3,0.9046242774566474
phoneme,randomforest,Autoencoder,remove,2,4,0.9075144508670521
phoneme,randomforest,Autoencoder,remove,2,5,0.8815028901734104
phoneme,randomforest,Autoencoder,remove,2,6,0.9075144508670521
phoneme,randomforest,Autoencoder,remove,2,7,0.9132947976878613
phoneme,randomforest,Autoencoder,remove,2,8,0.8869565217391304
phoneme,randomforest,Autoencoder,remove,2,9,0.8956521739130435
pol,mlp,None,remove,0,0,0.9860681114551083
pol,mlp,None,remove,0,1,0.9721362229102167
pol,mlp,None,remove,0,2,0.9844961240310077
pol,mlp,None,remove,0,3,0.9844961240310077
pol,mlp,None,remove,0,4,0.9844961240310077
pol,mlp,None,remove,0,5,0.986046511627907
pol,mlp,None,remove,0,6,0.9829457364341085
pol,mlp,None,remove,0,7,0.9953488372093023
pol,mlp,None,remove,0,8,0.9875968992248062
pol,mlp,None,remove,0,9,0.9953488372093023
pol,mlp,None,remove,1,0,0.9829721362229102
pol,mlp,None,remove,1,1,0.9907120743034056
pol,mlp,None,remove,1,2,0.9875968992248062
pol,mlp,None,remove,1,3,0.9906976744186047
pol,mlp,None,remove,1,4,0.9844961240310077
pol,mlp,None,remove,1,5,0.9798449612403101
pol,mlp,None,remove,1,6,0.986046511627907
pol,mlp,None,remove,1,7,0.9813953488372092
pol,mlp,None,remove,1,8,0.986046511627907
pol,mlp,None,remove,1,9,0.9829457364341085
pol,mlp,None,remove,2,0,0.9845201238390093
pol,mlp,None,remove,2,1,0.9767801857585139
pol,mlp,None,remove,2,2,0.9844961240310077
pol,mlp,None,remove,2,3,0.9844961240310077
pol,mlp,None,remove,2,4,0.986046511627907
pol,mlp,None,remove,2,5,0.9844961240310077
pol,mlp,None,remove,2,6,0.9875968992248062
pol,mlp,None,remove,2,7,0.9844961240310077
pol,mlp,None,remove,2,8,0.9844961240310077
pol,mlp,None,remove,2,9,0.9844961240310077
pol,mlp,ZScore,remove,0,0,0.8962848297213623
pol,mlp,ZScore,remove,0,1,0.8637770897832817
pol,mlp,ZScore,remove,0,2,0.8728682170542635
pol,mlp,ZScore,remove,0,3,0.8930232558139535
pol,mlp,ZScore,remove,0,4,0.8744186046511628
pol,mlp,ZScore,remove,0,5,0.8821705426356589
pol,mlp,ZScore,remove,0,6,0.8744186046511628
pol,mlp,ZScore,remove,0,7,0.8976744186046511
pol,mlp,ZScore,remove,0,8,0.8821705426356589
pol,mlp,ZScore,remove,0,9,0.8837209302325582
pol,mlp,ZScore,remove,1,0,0.8993808049535603
pol,mlp,ZScore,remove,1,1,0.9148606811145511
pol,mlp,ZScore,remove,1,2,0.8434108527131783
pol,mlp,ZScore,remove,1,3,0.862015503875969
pol,mlp,ZScore,remove,1,4,0.8930232558139535
pol,mlp,ZScore,remove,1,5,0.8837209302325582
pol,mlp,ZScore,remove,1,6,0.8558139534883721
pol,mlp,ZScore,remove,1,7,0.8852713178294573
pol,mlp,ZScore,remove,1,8,0.8558139534883721
pol,mlp,ZScore,remove,1,9,0.875968992248062
pol,mlp,ZScore,remove,2,0,0.8777089783281734
pol,mlp,ZScore,remove,2,1,0.8808049535603715
pol,mlp,ZScore,remove,2,2,0.8573643410852713
pol,mlp,ZScore,remove,2,3,0.8883720930232558
pol,mlp,ZScore,remove,2,4,0.8573643410852713
pol,mlp,ZScore,remove,2,5,0.8790697674418605
pol,mlp,ZScore,remove,2,6,0.8713178294573644
pol,mlp,ZScore,remove,2,7,0.8868217054263566
pol,mlp,ZScore,remove,2,8,0.875968992248062
pol,mlp,ZScore,remove,2,9,0.8992248062015504
pol,mlp,ZScore,clip,0,0,0.9829721362229102
pol,mlp,ZScore,clip,0,1,0.9736842105263158
pol,mlp,ZScore,clip,0,2,0.9813953488372092
pol,mlp,ZScore,clip,0,3,0.9813953488372092
pol,mlp,ZScore,clip,0,4,0.9891472868217054
pol,mlp,ZScore,clip,0,5,0.9829457364341085
pol,mlp,ZScore,clip,0,6,0.9798449612403101
pol,mlp,ZScore,clip,0,7,0.9922480620155039
pol,mlp,ZScore,clip,0,8,0.9829457364341085
pol,mlp,ZScore,clip,0,9,0.986046511627907
pol,mlp,ZScore,clip,1,0,0.9845201238390093
pol,mlp,ZScore,clip,1,1,0.9860681114551083
pol,mlp,ZScore,clip,1,2,0.986046511627907
pol,mlp,ZScore,clip,1,3,0.986046511627907
pol,mlp,ZScore,clip,1,4,0.9767441860465116
pol,mlp,ZScore,clip,1,5,0.9844961240310077
pol,mlp,ZScore,clip,1,6,0.9813953488372092
pol,mlp,ZScore,clip,1,7,0.9798449612403101
pol,mlp,ZScore,clip,1,8,0.9798449612403101
pol,mlp,ZScore,clip,1,9,0.9813953488372092
pol,mlp,ZScore,clip,2,0,0.9860681114551083
pol,mlp,ZScore,clip,2,1,0.9814241486068112
pol,mlp,ZScore,clip,2,2,0.9844961240310077
pol,mlp,ZScore,clip,2,3,0.9813953488372092
pol,mlp,ZScore,clip,2,4,0.9798449612403101
pol,mlp,ZScore,clip,2,5,0.9844961240310077
pol,mlp,ZScore,clip,2,6,0.9798449612403101
pol,mlp,ZScore,clip,2,7,0.9875968992248062
pol,mlp,ZScore,clip,2,8,0.986046511627907
pol,mlp,ZScore,clip,2,9,0.9829457364341085
pol,mlp,Percentile,remove,0,0,0.8235294117647058
pol,mlp,Percentile,remove,0,1,0.8126934984520123
pol,mlp,Percentile,remove,0,2,0.7875968992248062
pol,mlp,Percentile,remove,0,3,0.8155038759689922
pol,mlp,Percentile,remove,0,4,0.8108527131782945
pol,mlp,Percentile,remove,0,5,0.8201550387596899
pol,mlp,Percentile,remove,0,6,0.8031007751937984
pol,mlp,Percentile,remove,0,7,0.8108527131782945
pol,mlp,Percentile,remove,0,8,0.8263565891472868
pol,mlp,Percentile,remove,0,9,0.8263565891472868
pol,mlp,Percentile,remove,1,0,0.8297213622291022
pol,mlp,Percentile,remove,1,1,0.8297213622291022
pol,mlp,Percentile,remove,1,2,0.7906976744186046
pol,mlp,Percentile,remove,1,3,0.8031007751937984
pol,mlp,Percentile,remove,1,4,0.813953488372093
pol,mlp,Percentile,remove,1,5,0.8155038759689922
pol,mlp,Percentile,remove,1,6,0.8108527131782945
pol,mlp,Percentile,remove,1,7,0.8403100775193798
pol,mlp,Percentile,remove,1,8,0.8046511627906977
pol,mlp,Percentile,remove,1,9,0.8108527131782945
pol,mlp,Percentile,remove,2,0,0.8281733746130031
pol,mlp,Percentile,remove,2,1,0.8142414860681114
pol,mlp,Percentile,remove,2,2,0.8031007751937984
pol,mlp,Percentile,remove,2,3,0.8155038759689922
pol,mlp,Percentile,remove,2,4,0.8
pol,mlp,Percentile,remove,2,5,0.8201550387596899
pol,mlp,Percentile,remove,2,6,0.8015503875968992
pol,mlp,Percentile,remove,2,7,0.8186046511627907
pol,mlp,Percentile,remove,2,8,0.8
pol,mlp,Percentile,remove,2,9,0.8372093023255814
pol,mlp,Percentile,clip,0,0,0.9752321981424149
pol,mlp,Percentile,clip,0,1,0.9613003095975232
pol,mlp,Percentile,clip,0,2,0.9736434108527132
pol,mlp,Percentile,clip,0,3,0.9720930232558139
pol,mlp,Percentile,clip,0,4,0.9767441860465116
pol,mlp,Percentile,clip,0,5,0.9674418604651163
pol,mlp,Percentile,clip,0,6,0.9813953488372092
pol,mlp,Percentile,clip,0,7,0.9736434108527132
pol,mlp,Percentile,clip,0,8,0.9782945736434109
pol,mlp,Percentile,clip,0,9,0.9705426356589147
pol,mlp,Percentile,clip,1,0,0.9752321981424149
pol,mlp,Percentile,clip,1,1,0.9798761609907121
pol,mlp,Percentile,clip,1,2,0.9705426356589147
pol,mlp,Percentile,clip,1,3,0.9767441860465116
pol,mlp,Percentile,clip,1,4,0.9720930232558139
pol,mlp,Percentile,clip,1,5,0.9798449612403101
pol,mlp,Percentile,clip,1,6,0.9643410852713178
pol,mlp,Percentile,clip,1,7,0.9798449612403101
pol,mlp,Percentile,clip,1,8,0.9751937984496124
pol,mlp,Percentile,clip,1,9,0.9674418604651163
pol,mlp,Percentile,clip,2,0,0.9798761609907121
pol,mlp,Percentile,clip,2,1,0.9690402476780186
pol,mlp,Percentile,clip,2,2,0.9658914728682171
pol,mlp,Percentile,clip,2,3,0.9720930232558139
pol,mlp,Percentile,clip,2,4,0.9674418604651163
pol,mlp,Percentile,clip,2,5,0.9689922480620154
pol,mlp,Percentile,clip,2,6,0.9782945736434109
pol,mlp,Percentile,clip,2,7,0.9720930232558139
pol,mlp,Percentile,clip,2,8,0.9674418604651163
pol,mlp,Percentile,clip,2,9,0.9736434108527132
pol,mlp,IsolationForest,remove,0,0,0.9860681114551083
pol,mlp,IsolationForest,remove,0,1,0.9690402476780186
pol,mlp,IsolationForest,remove,0,2,0.9844961240310077
pol,mlp,IsolationForest,remove,0,3,0.9782945736434109
pol,mlp,IsolationForest,remove,0,4,0.9891472868217054
pol,mlp,IsolationForest,remove,0,5,0.9829457364341085
pol,mlp,IsolationForest,remove,0,6,0.9813953488372092
pol,mlp,IsolationForest,remove,0,7,0.993798449612403
pol,mlp,IsolationForest,remove,0,8,0.9767441860465116
pol,mlp,IsolationForest,remove,0,9,0.9922480620155039
pol,mlp,IsolationForest,remove,1,0,0.9845201238390093
pol,mlp,IsolationForest,remove,1,1,0.9907120743034056
pol,mlp,IsolationForest,remove,1,2,0.9844961240310077
pol,mlp,IsolationForest,remove,1,3,0.9891472868217054
pol,mlp,IsolationForest,remove,1,4,0.9813953488372092
pol,mlp,IsolationForest,remove,1,5,0.9813953488372092
pol,mlp,IsolationForest,remove,1,6,0.9829457364341085
pol,mlp,IsolationForest,remove,1,7,0.9813953488372092
pol,mlp,IsolationForest,remove,1,8,0.9844961240310077
pol,mlp,IsolationForest,remove,1,9,0.9767441860465116
pol,mlp,IsolationForest,remove,2,0,0.9845201238390093
pol,mlp,IsolationForest,remove,2,1,0.9845201238390093
pol,mlp,IsolationForest,remove,2,2,0.9829457364341085
pol,mlp,IsolationForest,remove,2,3,0.9844961240310077
pol,mlp,IsolationForest,remove,2,4,0.9829457364341085
pol,mlp,IsolationForest,remove,2,5,0.9829457364341085
pol,mlp,IsolationForest,remove,2,6,0.9813953488372092
pol,mlp,IsolationForest,remove,2,7,0.986046511627907
pol,mlp,IsolationForest,remove,2,8,0.9829457364341085
pol,mlp,IsolationForest,remove,2,9,0.9844961240310077
pol,mlp,LOF,remove,0,0,0.9829721362229102
pol,mlp,LOF,remove,0,1,0.9705882352941176
pol,mlp,LOF,remove,0,2,0.9813953488372092
pol,mlp,LOF,remove,0,3,0.9829457364341085
pol,mlp,LOF,remove,0,4,0.9844961240310077
pol,mlp,LOF,remove,0,5,0.986046511627907
pol,mlp,LOF,remove,0,6,0.9798449612403101
pol,mlp,LOF,remove,0,7,0.986046511627907
pol,mlp,LOF,remove,0,8,0.9844961240310077
pol,mlp,LOF,remove,0,9,0.9798449612403101
pol,mlp,LOF,remove,1,0,0.978328173374613
pol,mlp,LOF,remove,1,1,0.9876160990712074
pol,mlp,LOF,remove,1,2,0.9798449612403101
pol,mlp,LOF,remove,1,3,0.986046511627907
pol,mlp,LOF,remove,1,4,0.9813953488372092
pol,mlp,LOF,remove,1,5,0.9705426356589147
pol,mlp,LOF,remove,1,6,0.9798449612403101
pol,mlp,LOF,remove,1,7,0.9813953488372092
pol,mlp,LOF,remove,1,8,0.9782945736434109
pol,mlp,LOF,remove,1,9,0.9798449612403101
pol,mlp,LOF,remove,2,0,0.9829721362229102
pol,mlp,LOF,remove,2,1,0.9736842105263158
pol,mlp,LOF,remove,2,2,0.9829457364341085
pol,mlp,LOF,remove,2,3,0.9813953488372092
pol,mlp,LOF,remove,2,4,0.9767441860465116
pol,mlp,LOF,remove,2,5,0.9782945736434109
pol,mlp,LOF,remove,2,6,0.9813953488372092
pol,mlp,LOF,remove,2,7,0.9798449612403101
pol,mlp,LOF,remove,2,8,0.9829457364341085
pol,mlp,LOF,remove,2,9,0.9798449612403101
pol,mlp,Autoencoder,remove,0,0,0.9845201238390093
pol,mlp,Autoencoder,remove,0,1,0.9721362229102167
pol,mlp,Autoencoder,remove,0,2,0.9829457364341085
pol,mlp,Autoencoder,remove,0,3,0.9813953488372092
pol,mlp,Autoencoder,remove,0,4,0.986046511627907
pol,mlp,Autoencoder,remove,0,5,0.9829457364341085
pol,mlp,Autoencoder,remove,0,6,0.9782945736434109
pol,mlp,Autoencoder,remove,0,7,0.9922480620155039
pol,mlp,Autoencoder,remove,0,8,0.986046511627907
pol,mlp,Autoencoder,remove,0,9,0.9922480620155039
pol,mlp,Autoencoder,remove,1,0,0.9829721362229102
pol,mlp,Autoencoder,remove,1,1,0.9891640866873065
pol,mlp,Autoencoder,remove,1,2,0.9844961240310077
pol,mlp,Autoencoder,remove,1,3,0.9891472868217054
pol,mlp,Autoencoder,remove,1,4,0.9829457364341085
pol,mlp,Autoencoder,remove,1,5,0.9813953488372092
pol,mlp,Autoencoder,remove,1,6,0.9844961240310077
pol,mlp,Autoencoder,remove,1,7,0.9813953488372092
pol,mlp,Autoencoder,remove,1,8,0.9813953488372092
pol,mlp,Autoencoder,remove,1,9,0.9782945736434109
pol,mlp,Autoencoder,remove,2,0,0.9814241486068112
pol,mlp,Autoencoder,remove,2,1,0.978328173374613
pol,mlp,Autoencoder,remove,2,2,0.986046511627907
pol,mlp,Autoencoder,remove,2,3,0.986046511627907
pol,mlp,Autoencoder,remove,2,4,0.9829457364341085
pol,mlp,Autoencoder,remove,2,5,0.986046511627907
pol,mlp,Autoencoder,remove,2,6,0.9782945736434109
pol,mlp,Autoencoder,remove,2,7,0.986046511627907
pol,mlp,Autoencoder,remove,2,8,0.986046511627907
pol,mlp,Autoencoder,remove,2,9,0.9829457364341085
pol,xgboost,None,remove,0,0,0.9845201238390093
pol,xgboost,None,remove,0,1,0.9798761609907121
pol,xgboost,None,remove,0,2,0.9782945736434109
pol,xgboost,None,remove,0,3,0.9844961240310077
pol,xgboost,None,remove,0,4,0.9844961240310077
pol,xgboost,None,remove,0,5,0.9798449612403101
pol,xgboost,None,remove,0,6,0.9844961240310077
pol,xgboost,None,remove,0,7,0.9922480620155039
pol,xgboost,None,remove,0,8,0.9906976744186047
pol,xgboost,None,remove,0,9,0.986046511627907
pol,xgboost,None,remove,1,0,0.9907120743034056
pol,xgboost,None,remove,1,1,0.9876160990712074
pol,xgboost,None,remove,1,2,0.9922480620155039
pol,xgboost,None,remove,1,3,0.9767441860465116
pol,xgboost,None,remove,1,4,0.9782945736434109
pol,xgboost,None,remove,1,5,0.9829457364341085
pol,xgboost,None,remove,1,6,0.9875968992248062
pol,xgboost,None,remove,1,7,0.9844961240310077
pol,xgboost,None,remove,1,8,0.986046511627907
pol,xgboost,None,remove,1,9,0.9782945736434109
pol,xgboost,None,remove,2,0,0.9798761609907121
pol,xgboost,None,remove,2,1,0.9891640866873065
pol,xgboost,None,remove,2,2,0.986046511627907
pol,xgboost,None,remove,2,3,0.9829457364341085
pol,xgboost,None,remove,2,4,0.9767441860465116
pol,xgboost,None,remove,2,5,0.9844961240310077
pol,xgboost,None,remove,2,6,0.9782945736434109
pol,xgboost,None,remove,2,7,0.986046511627907
pol,xgboost,None,remove,2,8,0.9813953488372092
pol,xgboost,None,remove,2,9,0.9906976744186047
pol,xgboost,ZScore,remove,0,0,0.8947368421052632
pol,xgboost,ZScore,remove,0,1,0.871517027863777
pol,xgboost,ZScore,remove,0,2,0.862015503875969
pol,xgboost,ZScore,remove,0,3,0.9100775193798449
pol,xgboost,ZScore,remove,0,4,0.8883720930232558
pol,xgboost,ZScore,remove,0,5,0.8883720930232558
pol,xgboost,ZScore,remove,0,6,0.896124031007752
pol,xgboost,ZScore,remove,0,7,0.8945736434108527
pol,xgboost,ZScore,remove,0,8,0.8992248062015504
pol,xgboost,ZScore,remove,0,9,0.8914728682170543
pol,xgboost,ZScore,remove,1,0,0.9055727554179567
pol,xgboost,ZScore,remove,1,1,0.9226006191950464
pol,xgboost,ZScore,remove,1,2,0.8744186046511628
pol,xgboost,ZScore,remove,1,3,0.8868217054263566
pol,xgboost,ZScore,remove,1,4,0.9038759689922481
pol,xgboost,ZScore,remove,1,5,0.8992248062015504
pol,xgboost,ZScore,remove,1,6,0.8852713178294573
pol,xgboost,ZScore,remove,1,7,0.8976744186046511
pol,xgboost,ZScore,remove,1,8,0.8558139534883721
pol,xgboost,ZScore,remove,1,9,0.8883720930232558
pol,xgboost,ZScore,remove,2,0,0.8978328173374613
pol,xgboost,ZScore,remove,2,1,0.8978328173374613
pol,xgboost,ZScore,remove,2,2,0.8821705426356589
pol,xgboost,ZScore,remove,2,3,0.8852713178294573
pol,xgboost,ZScore,remove,2,4,0.8728682170542635
pol,xgboost,ZScore,remove,2,5,0.8914728682170543
pol,xgboost,ZScore,remove,2,6,0.8744186046511628
pol,xgboost,ZScore,remove,2,7,0.896124031007752
pol,xgboost,ZScore,remove,2,8,0.8837209302325582
pol,xgboost,ZScore,remove,2,9,0.9100775193798449
pol,xgboost,ZScore,clip,0,0,0.9798761609907121
pol,xgboost,ZScore,clip,0,1,0.978328173374613
pol,xgboost,ZScore,clip,0,2,0.9782945736434109
pol,xgboost,ZScore,clip,0,3,0.9813953488372092
pol,xgboost,ZScore,clip,0,4,0.9844961240310077
pol,xgboost,ZScore,clip,0,5,0.9844961240310077
pol,xgboost,ZScore,clip,0,6,0.986046511627907
pol,xgboost,ZScore,clip,0,7,0.9922480620155039
pol,xgboost,ZScore,clip,0,8,0.9875968992248062
pol,xgboost,ZScore,clip,0,9,0.986046511627907
pol,xgboost,ZScore,clip,1,0,0.9922600619195047
pol,xgboost,ZScore,clip,1,1,0.9876160990712074
pol,xgboost,ZScore,clip,1,2,0.9906976744186047
pol,xgboost,ZScore,clip,1,3,0.9767441860465116
pol,xgboost,ZScore,clip,1,4,0.9782945736434109
pol,xgboost,ZScore,clip,1,5,0.9829457364341085
pol,xgboost,ZScore,clip,1,6,0.9844961240310077
pol,xgboost,ZScore,clip,1,7,0.9829457364341085
pol,xgboost,ZScore,clip,1,8,0.986046511627907
pol,xgboost,ZScore,clip,1,9,0.9767441860465116
pol,xgboost,ZScore,clip,2,0,0.9829721362229102
pol,xgboost,ZScore,clip,2,1,0.9876160990712074
pol,xgboost,ZScore,clip,2,2,0.986046511627907
pol,xgboost,ZScore,clip,2,3,0.986046511627907
pol,xgboost,ZScore,clip,2,4,0.9782945736434109
pol,xgboost,ZScore,clip,2,5,0.9844961240310077
pol,xgboost,ZScore,clip,2,6,0.9798449612403101
pol,xgboost,ZScore,clip,2,7,0.9813953488372092
pol,xgboost,ZScore,clip,2,8,0.9813953488372092
pol,xgboost,ZScore,clip,2,9,0.9906976744186047
pol,xgboost,Percentile,remove,0,0,0.8730650154798761
pol,xgboost,Percentile,remove,0,1,0.8544891640866873
pol,xgboost,Percentile,remove,0,2,0.8372093023255814
pol,xgboost,Percentile,remove,0,3,0.8806201550387597
pol,xgboost,Percentile,remove,0,4,0.8511627906976744
pol,xgboost,Percentile,remove,0,5,0.8728682170542635
pol,xgboost,Percentile,remove,0,6,0.8480620155038759
pol,xgboost,Percentile,remove,0,7,0.8589147286821706
pol,xgboost,Percentile,remove,0,8,0.8713178294573644
pol,xgboost,Percentile,remove,0,9,0.8527131782945736
pol,xgboost,Percentile,remove,1,0,0.8777089783281734
pol,xgboost,Percentile,remove,1,1,0.8854489164086687
pol,xgboost,Percentile,remove,1,2,0.8387596899224806
pol,xgboost,Percentile,remove,1,3,0.8604651162790697
pol,xgboost,Percentile,remove,1,4,0.862015503875969
pol,xgboost,Percentile,remove,1,5,0.8604651162790697
pol,xgboost,Percentile,remove,1,6,0.8589147286821706
pol,xgboost,Percentile,remove,1,7,0.8806201550387597
pol,xgboost,Percentile,remove,1,8,0.834108527131783
pol,xgboost,Percentile,remove,1,9,0.8589147286821706
pol,xgboost,Percentile,remove,2,0,0.8622291021671826
pol,xgboost,Percentile,remove,2,1,0.8637770897832817
pol,xgboost,Percentile,remove,2,2,0.8573643410852713
pol,xgboost,Percentile,remove,2,3,0.8511627906976744
pol,xgboost,Percentile,remove,2,4,0.8434108527131783
pol,xgboost,Percentile,remove,2,5,0.8542635658914729
pol,xgboost,Percentile,remove,2,6,0.8558139534883721
pol,xgboost,Percentile,remove,2,7,0.8790697674418605
pol,xgboost,Percentile,remove,2,8,0.8651162790697674
pol,xgboost,Percentile,remove,2,9,0.8868217054263566
pol,xgboost,Percentile,clip,0,0,0.9798761609907121
pol,xgboost,Percentile,clip,0,1,0.9767801857585139
pol,xgboost,Percentile,clip,0,2,0.9720930232558139
pol,xgboost,Percentile,clip,0,3,0.9813953488372092
pol,xgboost,Percentile,clip,0,4,0.9891472868217054
pol,xgboost,Percentile,clip,0,5,0.9720930232558139
pol,xgboost,Percentile,clip,0,6,0.9813953488372092
pol,xgboost,Percentile,clip,0,7,0.9844961240310077
pol,xgboost,Percentile,clip,0,8,0.9829457364341085
pol,xgboost,Percentile,clip,0,9,0.9891472868217054
pol,xgboost,Percentile,clip,1,0,0.9860681114551083
pol,xgboost,Percentile,clip,1,1,0.9829721362229102
pol,xgboost,Percentile,clip,1,2,0.9813953488372092
pol,xgboost,Percentile,clip,1,3,0.9751937984496124
pol,xgboost,Percentile,clip,1,4,0.9767441860465116
pol,xgboost,Percentile,clip,1,5,0.9782945736434109
pol,xgboost,Percentile,clip,1,6,0.9844961240310077
pol,xgboost,Percentile,clip,1,7,0.9782945736434109
pol,xgboost,Percentile,clip,1,8,0.9782945736434109
pol,xgboost,Percentile,clip,1,9,0.9720930232558139
pol,xgboost,Percentile,clip,2,0,0.9798761609907121
pol,xgboost,Percentile,clip,2,1,0.9829721362229102
pol,xgboost,Percentile,clip,2,2,0.9829457364341085
pol,xgboost,Percentile,clip,2,3,0.9813953488372092
pol,xgboost,Percentile,clip,2,4,0.9751937984496124
pol,xgboost,Percentile,clip,2,5,0.9829457364341085
pol,xgboost,Percentile,clip,2,6,0.9751937984496124
pol,xgboost,Percentile,clip,2,7,0.9782945736434109
pol,xgboost,Percentile,clip,2,8,0.9751937984496124
pol,xgboost,Percentile,clip,2,9,0.9844961240310077
pol,xgboost,IsolationForest,remove,0,0,0.9860681114551083
pol,xgboost,IsolationForest,remove,0,1,0.9829721362229102
pol,xgboost,IsolationForest,remove,0,2,0.9736434108527132
pol,xgboost,IsolationForest,remove,0,3,0.9782945736434109
pol,xgboost,IsolationForest,remove,0,4,0.986046511627907
pol,xgboost,IsolationForest,remove,0,5,0.9829457364341085
pol,xgboost,IsolationForest,remove,0,6,0.9844961240310077
pol,xgboost,IsolationForest,remove,0,7,0.9922480620155039
pol,xgboost,IsolationForest,remove,0,8,0.9875968992248062
pol,xgboost,IsolationForest,remove,0,9,0.9829457364341085
pol,xgboost,IsolationForest,remove,1,0,0.9891640866873065
pol,xgboost,IsolationForest,remove,1,1,0.9860681114551083
pol,xgboost,IsolationForest,remove,1,2,0.9922480620155039
pol,xgboost,IsolationForest,remove,1,3,0.9751937984496124
pol,xgboost,IsolationForest,remove,1,4,0.9767441860465116
pol,xgboost,IsolationForest,remove,1,5,0.9798449612403101
pol,xgboost,IsolationForest,remove,1,6,0.9891472868217054
pol,xgboost,IsolationForest,remove,1,7,0.9829457364341085
pol,xgboost,IsolationForest,remove,1,8,0.9844961240310077
pol,xgboost,IsolationForest,remove,1,9,0.9782945736434109
pol,xgboost,IsolationForest,remove,2,0,0.9814241486068112
pol,xgboost,IsolationForest,remove,2,1,0.9907120743034056
pol,xgboost,IsolationForest,remove,2,2,0.9844961240310077
pol,xgboost,IsolationForest,remove,2,3,0.9798449612403101
pol,xgboost,IsolationForest,remove,2,4,0.9767441860465116
pol,xgboost,IsolationForest,remove,2,5,0.986046511627907
pol,xgboost,IsolationForest,remove,2,6,0.9782945736434109
pol,xgboost,IsolationForest,remove,2,7,0.9844961240310077
pol,xgboost,IsolationForest,remove,2,8,0.9813953488372092
pol,xgboost,IsolationForest,remove,2,9,0.9891472868217054
pol,xgboost,LOF,remove,0,0,0.9860681114551083
pol,xgboost,LOF,remove,0,1,0.9752321981424149
pol,xgboost,LOF,remove,0,2,0.9751937984496124
pol,xgboost,LOF,remove,0,3,0.9782945736434109
pol,xgboost,LOF,remove,0,4,0.9891472868217054
pol,xgboost,LOF,remove,0,5,0.9829457364341085
pol,xgboost,LOF,remove,0,6,0.9829457364341085
pol,xgboost,LOF,remove,0,7,0.9922480620155039
pol,xgboost,LOF,remove,0,8,0.9891472868217054
pol,xgboost,LOF,remove,0,9,0.9891472868217054
pol,xgboost,LOF,remove,1,0,0.9907120743034056
pol,xgboost,LOF,remove,1,1,0.9798761609907121
pol,xgboost,LOF,remove,1,2,0.9906976744186047
pol,xgboost,LOF,remove,1,3,0.9751937984496124
pol,xgboost,LOF,remove,1,4,0.9798449612403101
pol,xgboost,LOF,remove,1,5,0.9813953488372092
pol,xgboost,LOF,remove,1,6,0.9906976744186047
pol,xgboost,LOF,remove,1,7,0.9844961240310077
pol,xgboost,LOF,remove,1,8,0.9844961240310077
pol,xgboost,LOF,remove,1,9,0.9813953488372092
pol,xgboost,LOF,remove,2,0,0.9845201238390093
pol,xgboost,LOF,remove,2,1,0.9860681114551083
pol,xgboost,LOF,remove,2,2,0.9813953488372092
pol,xgboost,LOF,remove,2,3,0.9844961240310077
pol,xgboost,LOF,remove,2,4,0.9751937984496124
pol,xgboost,LOF,remove,2,5,0.9875968992248062
pol,xgboost,LOF,remove,2,6,0.9798449612403101
pol,xgboost,LOF,remove,2,7,0.9844961240310077
pol,xgboost,LOF,remove,2,8,0.9767441860465116
pol,xgboost,LOF,remove,2,9,0.9891472868217054
pol,xgboost,Autoencoder,remove,0,0,0.9814241486068112
pol,xgboost,Autoencoder,remove,0,1,0.9767801857585139
pol,xgboost,Autoencoder,remove,0,2,0.9798449612403101
pol,xgboost,Autoencoder,remove,0,3,0.9829457364341085
pol,xgboost,Autoencoder,remove,0,4,0.9844961240310077
pol,xgboost,Autoencoder,remove,0,5,0.9813953488372092
pol,xgboost,Autoencoder,remove,0,6,0.986046511627907
pol,xgboost,Autoencoder,remove,0,7,0.9922480620155039
pol,xgboost,Autoencoder,remove,0,8,0.9875968992248062
pol,xgboost,Autoencoder,remove,0,9,0.9875968992248062
pol,xgboost,Autoencoder,remove,1,0,0.9907120743034056
pol,xgboost,Autoencoder,remove,1,1,0.9860681114551083
pol,xgboost,Autoencoder,remove,1,2,0.9891472868217054
pol,xgboost,Autoencoder,remove,1,3,0.9782945736434109
pol,xgboost,Autoencoder,remove,1,4,0.9798449612403101
pol,xgboost,Autoencoder,remove,1,5,0.9829457364341085
pol,xgboost,Autoencoder,remove,1,6,0.9844961240310077
pol,xgboost,Autoencoder,remove,1,7,0.9829457364341085
pol,xgboost,Autoencoder,remove,1,8,0.9829457364341085
pol,xgboost,Autoencoder,remove,1,9,0.9798449612403101
pol,xgboost,Autoencoder,remove,2,0,0.9860681114551083
pol,xgboost,Autoencoder,remove,2,1,0.9876160990712074
pol,xgboost,Autoencoder,remove,2,2,0.9844961240310077
pol,xgboost,Autoencoder,remove,2,3,0.9844961240310077
pol,xgboost,Autoencoder,remove,2,4,0.9829457364341085
pol,xgboost,Autoencoder,remove,2,5,0.9891472868217054
pol,xgboost,Autoencoder,remove,2,6,0.9767441860465116
pol,xgboost,Autoencoder,remove,2,7,0.9844961240310077
pol,xgboost,Autoencoder,remove,2,8,0.9844961240310077
pol,xgboost,Autoencoder,remove,2,9,0.9891472868217054
pol,randomforest,None,remove,0,0,0.978328173374613
pol,randomforest,None,remove,0,1,0.9690402476780186
pol,randomforest,None,remove,0,2,0.9751937984496124
pol,randomforest,None,remove,0,3,0.9813953488372092
pol,randomforest,None,remove,0,4,0.9891472868217054
pol,randomforest,None,remove,0,5,0.9844961240310077
pol,randomforest,None,remove,0,6,0.9844961240310077
pol,randomforest,None,remove,0,7,0.9798449612403101
pol,randomforest,None,remove,0,8,0.9844961240310077
pol,randomforest,None,remove,0,9,0.9906976744186047
pol,randomforest,None,remove,1,0,0.9876160990712074
pol,randomforest,None,remove,1,1,0.9907120743034056
pol,randomforest,None,remove,1,2,0.9844961240310077
pol,randomforest,None,remove,1,3,0.9782945736434109
pol,randomforest,None,remove,1,4,0.9798449612403101
pol,randomforest,None,remove,1,5,0.9720930232558139
pol,randomforest,None,remove,1,6,0.9891472868217054
pol,randomforest,None,remove,1,7,0.9829457364341085
pol,randomforest,None,remove,1,8,0.9782945736434109
pol,randomforest,None,remove,1,9,0.9813953488372092
pol,randomforest,None,remove,2,0,0.9829721362229102
pol,randomforest,None,remove,2,1,0.9798761609907121
pol,randomforest,None,remove,2,2,0.9782945736434109
pol,randomforest,None,remove,2,3,0.9844961240310077
pol,randomforest,None,remove,2,4,0.9813953488372092
pol,randomforest,None,remove,2,5,0.9844961240310077
pol,randomforest,None,remove,2,6,0.9736434108527132
pol,randomforest,None,remove,2,7,0.9844961240310077
pol,randomforest,None,remove,2,8,0.9767441860465116
pol,randomforest,None,remove,2,9,0.9813953488372092
pol,randomforest,ZScore,remove,0,0,0.8947368421052632
pol,randomforest,ZScore,remove,0,1,0.8792569659442725
pol,randomforest,ZScore,remove,0,2,0.8697674418604651
pol,randomforest,ZScore,remove,0,3,0.9085271317829458
pol,randomforest,ZScore,remove,0,4,0.8914728682170543
pol,randomforest,ZScore,remove,0,5,0.889922480620155
pol,randomforest,ZScore,remove,0,6,0.8992248062015504
pol,randomforest,ZScore,remove,0,7,0.8930232558139535
pol,randomforest,ZScore,remove,0,8,0.9069767441860465
pol,randomforest,ZScore,remove,0,9,0.896124031007752
pol,randomforest,ZScore,remove,1,0,0.9102167182662538
pol,randomforest,ZScore,remove,1,1,0.9210526315789473
pol,randomforest,ZScore,remove,1,2,0.8744186046511628
pol,randomforest,ZScore,remove,1,3,0.8883720930232558
pol,randomforest,ZScore,remove,1,4,0.8992248062015504
pol,randomforest,ZScore,remove,1,5,0.8930232558139535
pol,randomforest,ZScore,remove,1,6,0.8914728682170543
pol,randomforest,ZScore,remove,1,7,0.9038759689922481
pol,randomforest,ZScore,remove,1,8,0.8635658914728682
pol,randomforest,ZScore,remove,1,9,0.8883720930232558
pol,randomforest,ZScore,remove,2,0,0.8993808049535603
pol,randomforest,ZScore,remove,2,1,0.8900928792569659
pol,randomforest,ZScore,remove,2,2,0.8837209302325582
pol,randomforest,ZScore,remove,2,3,0.8976744186046511
pol,randomforest,ZScore,remove,2,4,0.8806201550387597
pol,randomforest,ZScore,remove,2,5,0.8914728682170543
pol,randomforest,ZScore,remove,2,6,0.8821705426356589
pol,randomforest,ZScore,remove,2,7,0.9038759689922481
pol,randomforest,ZScore,remove,2,8,0.8930232558139535
pol,randomforest,ZScore,remove,2,9,0.9100775193798449
pol,randomforest,ZScore,clip,0,0,0.9736842105263158
pol,randomforest,ZScore,clip,0,1,0.9736842105263158
pol,randomforest,ZScore,clip,0,2,0.9736434108527132
pol,randomforest,ZScore,clip,0,3,0.9813953488372092
pol,randomforest,ZScore,clip,0,4,0.9891472868217054
pol,randomforest,ZScore,clip,0,5,0.986046511627907
pol,randomforest,ZScore,clip,0,6,0.986046511627907
pol,randomforest,ZScore,clip,0,7,0.9844961240310077
pol,randomforest,ZScore,clip,0,8,0.9813953488372092
pol,randomforest,ZScore,clip,0,9,0.986046511627907
pol,randomforest,ZScore,clip,1,0,0.9891640866873065
pol,randomforest,ZScore,clip,1,1,0.9891640866873065
pol,randomforest,ZScore,clip,1,2,0.9829457364341085
pol,randomforest,ZScore,clip,1,3,0.9798449612403101
pol,randomforest,ZScore,clip,1,4,0.9813953488372092
pol,randomforest,ZScore,clip,1,5,0.9705426356589147
pol,randomforest,ZScore,clip,1,6,0.9844961240310077
pol,randomforest,ZScore,clip,1,7,0.9844961240310077
pol,randomforest,ZScore,clip,1,8,0.9751937984496124
pol,randomforest,ZScore,clip,1,9,0.9767441860465116
pol,randomforest,ZScore,clip,2,0,0.9814241486068112
pol,randomforest,ZScore,clip,2,1,0.9798761609907121
pol,randomforest,ZScore,clip,2,2,0.9813953488372092
pol,randomforest,ZScore,clip,2,3,0.9875968992248062
pol,randomforest,ZScore,clip,2,4,0.9782945736434109
pol,randomforest,ZScore,clip,2,5,0.9844961240310077
pol,randomforest,ZScore,clip,2,6,0.9720930232558139
pol,randomforest,ZScore,clip,2,7,0.9829457364341085
pol,randomforest,ZScore,clip,2,8,0.9751937984496124
pol,randomforest,ZScore,clip,2,9,0.9813953488372092
pol,randomforest,Percentile,remove,0,0,0.8560371517027864
pol,randomforest,Percentile,remove,0,1,0.8513931888544891
pol,randomforest,Percentile,remove,0,2,0.8294573643410853
pol,randomforest,Percentile,remove,0,3,0.8852713178294573
pol,randomforest,Percentile,remove,0,4,0.8542635658914729
pol,randomforest,Percentile,remove,0,5,0.8666666666666667
pol,randomforest,Percentile,remove,0,6,0.8496124031007752
pol,randomforest,Percentile,remove,0,7,0.8635658914728682
pol,randomforest,Percentile,remove,0,8,0.862015503875969
pol,randomforest,Percentile,remove,0,9,0.8682170542635659
pol,randomforest,Percentile,remove,1,0,0.8606811145510835
pol,randomforest,Percentile,remove,1,1,0.8823529411764706
pol,randomforest,Percentile,remove,1,2,0.8403100775193798
pol,randomforest,Percentile,remove,1,3,0.8589147286821706
pol,randomforest,Percentile,remove,1,4,0.8635658914728682
pol,randomforest,Percentile,remove,1,5,0.8542635658914729
pol,randomforest,Percentile,remove,1,6,0.8651162790697674
pol,randomforest,Percentile,remove,1,7,0.875968992248062
pol,randomforest,Percentile,remove,1,8,0.8418604651162791
pol,randomforest,Percentile,remove,1,9,0.8589147286821706
pol,randomforest,Percentile,remove,2,0,0.8591331269349846
pol,randomforest,Percentile,remove,2,1,0.8622291021671826
pol,randomforest,Percentile,remove,2,2,0.8449612403100775
pol,randomforest,Percentile,remove,2,3,0.8511627906976744
pol,randomforest,Percentile,remove,2,4,0.8573643410852713
pol,randomforest,Percentile,remove,2,5,0.8480620155038759
pol,randomforest,Percentile,remove,2,6,0.8496124031007752
pol,randomforest,Percentile,remove,2,7,0.8651162790697674
pol,randomforest,Percentile,remove,2,8,0.8542635658914729
pol,randomforest,Percentile,remove,2,9,0.8744186046511628
pol,randomforest,Percentile,clip,0,0,0.9736842105263158
pol,randomforest,Percentile,clip,0,1,0.9628482972136223
pol,randomforest,Percentile,clip,0,2,0.9643410852713178
pol,randomforest,Percentile,clip,0,3,0.9782945736434109
pol,randomforest,Percentile,clip,0,4,0.9891472868217054
pol,randomforest,Percentile,clip,0,5,0.9782945736434109
pol,randomforest,Percentile,clip,0,6,0.9829457364341085
pol,randomforest,Percentile,clip,0,7,0.9751937984496124
pol,randomforest,Percentile,clip,0,8,0.9813953488372092
pol,randomforest,Percentile,clip,0,9,0.9798449612403101
pol,randomforest,Percentile,clip,1,0,0.978328173374613
pol,randomforest,Percentile,clip,1,1,0.978328173374613
pol,randomforest,Percentile,clip,1,2,0.9829457364341085
pol,randomforest,Percentile,clip,1,3,0.9782945736434109
pol,randomforest,Percentile,clip,1,4,0.9782945736434109
pol,randomforest,Percentile,clip,1,5,0.9705426356589147
pol,randomforest,Percentile,clip,1,6,0.986046511627907
pol,randomforest,Percentile,clip,1,7,0.9751937984496124
pol,randomforest,Percentile,clip,1,8,0.9736434108527132
pol,randomforest,Percentile,clip,1,9,0.9751937984496124
pol,randomforest,Percentile,clip,2,0,0.978328173374613
pol,randomforest,Percentile,clip,2,1,0.9705882352941176
pol,randomforest,Percentile,clip,2,2,0.9813953488372092
pol,randomforest,Percentile,clip,2,3,0.9829457364341085
pol,randomforest,Percentile,clip,2,4,0.9720930232558139
pol,randomforest,Percentile,clip,2,5,0.9813953488372092
pol,randomforest,Percentile,clip,2,6,0.9751937984496124
pol,randomforest,Percentile,clip,2,7,0.9798449612403101
pol,randomforest,Percentile,clip,2,8,0.9612403100775194
pol,randomforest,Percentile,clip,2,9,0.9829457364341085
pol,randomforest,IsolationForest,remove,0,0,0.978328173374613
pol,randomforest,IsolationForest,remove,0,1,0.9721362229102167
pol,randomforest,IsolationForest,remove,0,2,0.9720930232558139
pol,randomforest,IsolationForest,remove,0,3,0.9813953488372092
pol,randomforest,IsolationForest,remove,0,4,0.9891472868217054
pol,randomforest,IsolationForest,remove,0,5,0.9844961240310077
pol,randomforest,IsolationForest,remove,0,6,0.9844961240310077
pol,randomforest,IsolationForest,remove,0,7,0.9798449612403101
pol,randomforest,IsolationForest,remove,0,8,0.986046511627907
pol,randomforest,IsolationForest,remove,0,9,0.986046511627907
pol,randomforest,IsolationForest,remove,1,0,0.9891640866873065
pol,randomforest,IsolationForest,remove,1,1,0.9860681114551083
pol,randomforest,IsolationForest,remove,1,2,0.9829457364341085
pol,randomforest,IsolationForest,remove,1,3,0.9767441860465116
pol,randomforest,IsolationForest,remove,1,4,0.9844961240310077
pol,randomforest,IsolationForest,remove,1,5,0.9736434108527132
pol,randomforest,IsolationForest,remove,1,6,0.9875968992248062
pol,randomforest,IsolationForest,remove,1,7,0.9798449612403101
pol,randomforest,IsolationForest,remove,1,8,0.9782945736434109
pol,randomforest,IsolationForest,remove,1,9,0.9844961240310077
pol,randomforest,IsolationForest,remove,2,0,0.9829721362229102
pol,randomforest,IsolationForest,remove,2,1,0.9829721362229102
pol,randomforest,IsolationForest,remove,2,2,0.9813953488372092
pol,randomforest,IsolationForest,remove,2,3,0.9891472868217054
pol,randomforest,IsolationForest,remove,2,4,0.9767441860465116
pol,randomforest,IsolationForest,remove,2,5,0.9891472868217054
pol,randomforest,IsolationForest,remove,2,6,0.9782945736434109
pol,randomforest,IsolationForest,remove,2,7,0.9829457364341085
pol,randomforest,IsolationForest,remove,2,8,0.9751937984496124
pol,randomforest,IsolationForest,remove,2,9,0.9829457364341085
pol,randomforest,LOF,remove,0,0,0.9705882352941176
pol,randomforest,LOF,remove,0,1,0.9705882352941176
pol,randomforest,LOF,remove,0,2,0.9674418604651163
pol,randomforest,LOF,remove,0,3,0.9720930232558139
pol,randomforest,LOF,remove,0,4,0.9891472868217054
pol,randomforest,LOF,remove,0,5,0.9767441860465116
pol,randomforest,LOF,remove,0,6,0.9829457364341085
pol,randomforest,LOF,remove,0,7,0.986046511627907
pol,randomforest,LOF,remove,0,8,0.9829457364341085
pol,randomforest,LOF,remove,0,9,0.986046511627907
pol,randomforest,LOF,remove,1,0,0.9767801857585139
pol,randomforest,LOF,remove,1,1,0.9845201238390093
pol,randomforest,LOF,remove,1,2,0.9751937984496124
pol,randomforest,LOF,remove,1,3,0.9767441860465116
pol,randomforest,LOF,remove,1,4,0.9844961240310077
pol,randomforest,LOF,remove,1,5,0.9674418604651163
pol,randomforest,LOF,remove,1,6,0.986046511627907
pol,randomforest,LOF,remove,1,7,0.9798449612403101
pol,randomforest,LOF,remove,1,8,0.9705426356589147
pol,randomforest,LOF,remove,1,9,0.9736434108527132
pol,randomforest,LOF,remove,2,0,0.9752321981424149
pol,randomforest,LOF,remove,2,1,0.9798761609907121
pol,randomforest,LOF,remove,2,2,0.9736434108527132
pol,randomforest,LOF,remove,2,3,0.9829457364341085
pol,randomforest,LOF,remove,2,4,0.9767441860465116
pol,randomforest,LOF,remove,2,5,0.9813953488372092
pol,randomforest,LOF,remove,2,6,0.9720930232558139
pol,randomforest,LOF,remove,2,7,0.9767441860465116
pol,randomforest,LOF,remove,2,8,0.9782945736434109
pol,randomforest,LOF,remove,2,9,0.9782945736434109
pol,randomforest,Autoencoder,remove,0,0,0.978328173374613
pol,randomforest,Autoencoder,remove,0,1,0.9767801857585139
pol,randomforest,Autoencoder,remove,0,2,0.9751937984496124
pol,randomforest,Autoencoder,remove,0,3,0.9829457364341085
pol,randomforest,Autoencoder,remove,0,4,0.9875968992248062
pol,randomforest,Autoencoder,remove,0,5,0.986046511627907
pol,randomforest,Autoencoder,remove,0,6,0.9875968992248062
pol,randomforest,Autoencoder,remove,0,7,0.9829457364341085
pol,randomforest,Autoencoder,remove,0,8,0.986046511627907
pol,randomforest,Autoencoder,remove,0,9,0.9844961240310077
pol,randomforest,Autoencoder,remove,1,0,0.9891640866873065
pol,randomforest,Autoencoder,remove,1,1,0.9876160990712074
pol,randomforest,Autoencoder,remove,1,2,0.9844961240310077
pol,randomforest,Autoencoder,remove,1,3,0.9751937984496124
pol,randomforest,Autoencoder,remove,1,4,0.9829457364341085
pol,randomforest,Autoencoder,remove,1,5,0.9736434108527132
pol,randomforest,Autoencoder,remove,1,6,0.9891472868217054
pol,randomforest,Autoencoder,remove,1,7,0.9813953488372092
pol,randomforest,Autoencoder,remove,1,8,0.9798449612403101
pol,randomforest,Autoencoder,remove,1,9,0.9813953488372092
pol,randomforest,Autoencoder,remove,2,0,0.9829721362229102
pol,randomforest,Autoencoder,remove,2,1,0.9814241486068112
pol,randomforest,Autoencoder,remove,2,2,0.9782945736434109
pol,randomforest,Autoencoder,remove,2,3,0.9844961240310077
pol,randomforest,Autoencoder,remove,2,4,0.9767441860465116
pol,randomforest,Autoencoder,remove,2,5,0.9875968992248062
pol,randomforest,Autoencoder,remove,2,6,0.9813953488372092
pol,randomforest,Autoencoder,remove,2,7,0.9829457364341085
pol,randomforest,Autoencoder,remove,2,8,0.9767441860465116
pol,randomforest,Autoencoder,remove,2,9,0.9798449612403101
socmob,mlp,None,remove,0,0,1229.1269942821232
socmob,mlp,None,remove,0,1,447.22574007320816
socmob,mlp,None,remove,0,2,1094.9166827755478
socmob,mlp,None,remove,0,3,831.4246582790909
socmob,mlp,None,remove,0,4,325.679938087158
socmob,mlp,None,remove,0,5,322.51609256851924
socmob,mlp,None,remove,0,6,652.5188599251869
socmob,mlp,None,remove,0,7,743.484725673664
socmob,mlp,None,remove,0,8,3097.5233663308345
socmob,mlp,None,remove,0,9,975.042245811166
socmob,mlp,None,remove,1,0,269.19759577192434
socmob,mlp,None,remove,1,1,1564.5592660976426
socmob,mlp,None,remove,1,2,785.1293696948438
socmob,mlp,None,remove,1,3,799.4550156905252
socmob,mlp,None,remove,1,4,1687.1590148727544
socmob,mlp,None,remove,1,5,530.4843055281232
socmob,mlp,None,remove,1,6,823.3346783928479
socmob,mlp,None,remove,1,7,706.1654864755606
socmob,mlp,None,remove,1,8,1721.821568100433
socmob,mlp,None,remove,1,9,713.8635817879663
socmob,mlp,None,remove,2,0,203.1914138855375
socmob,mlp,None,remove,2,1,2048.1188925242386
socmob,mlp,None,remove,2,2,546.9594179403354
socmob,mlp,None,remove,2,3,597.9750541062944
socmob,mlp,None,remove,2,4,938.7229825581982
socmob,mlp,None,remove,2,5,1530.4249183472148
socmob,mlp,None,remove,2,6,967.3321679820419
socmob,mlp,None,remove,2,7,272.56419911667274
socmob,mlp,None,remove,2,8,1613.7953105544052
socmob,mlp,None,remove,2,9,874.4669796715431
socmob,mlp,ZScore,remove,0,0,1229.1269942821232
socmob,mlp,ZScore,remove,0,1,447.22574007320816
socmob,mlp,ZScore,remove,0,2,1094.9166827755478
socmob,mlp,ZScore,remove,0,3,831.4246582790909
socmob,mlp,ZScore,remove,0,4,325.679938087158
socmob,mlp,ZScore,remove,0,5,322.51609256851924
socmob,mlp,ZScore,remove,0,6,652.5188599251869
socmob,mlp,ZScore,remove,0,7,743.484725673664
socmob,mlp,ZScore,remove,0,8,3097.5233663308345
socmob,mlp,ZScore,remove,0,9,975.042245811166
socmob,mlp,ZScore,remove,1,0,269.19759577192434
socmob,mlp,ZScore,remove,1,1,1564.5592660976426
socmob,mlp,ZScore,remove,1,2,785.1293696948438
socmob,mlp,ZScore,remove,1,3,799.4550156905252
socmob,mlp,ZScore,remove,1,4,1687.1590148727544
socmob,mlp,ZScore,remove,1,5,530.4843055281232
socmob,mlp,ZScore,remove,1,6,823.3346783928479
socmob,mlp,ZScore,remove,1,7,706.1654864755606
socmob,mlp,ZScore,remove,1,8,1721.821568100433
socmob,mlp,ZScore,remove,1,9,713.8635817879663
socmob,mlp,ZScore,remove,2,0,203.1914138855375
socmob,mlp,ZScore,remove,2,1,2048.1188925242386
socmob,mlp,ZScore,remove,2,2,546.9594179403354
socmob,mlp,ZScore,remove,2,3,597.9750541062944
socmob,mlp,ZScore,remove,2,4,938.7229825581982
socmob,mlp,ZScore,remove,2,5,1530.4249183472148
socmob,mlp,ZScore,remove,2,6,967.3321679820419
socmob,mlp,ZScore,remove,2,7,272.56419911667274
socmob,mlp,ZScore,remove,2,8,1613.7953105544052
socmob,mlp,ZScore,remove,2,9,874.4669796715431
socmob,mlp,ZScore,clip,0,0,1229.1269942821232
socmob,mlp,ZScore,clip,0,1,447.22574007320816
socmob,mlp,ZScore,clip,0,2,1094.9166827755478
socmob,mlp,ZScore,clip,0,3,831.4246582790909
socmob,mlp,ZScore,clip,0,4,325.679938087158
socmob,mlp,ZScore,clip,0,5,322.51609256851924
socmob,mlp,ZScore,clip,0,6,652.5188599251869
socmob,mlp,ZScore,clip,0,7,743.484725673664
socmob,mlp,ZScore,clip,0,8,3097.5233663308345
socmob,mlp,ZScore,clip,0,9,975.042245811166
socmob,mlp,ZScore,clip,1,0,269.19759577192434
socmob,mlp,ZScore,clip,1,1,1564.5592660976426
socmob,mlp,ZScore,clip,1,2,785.1293696948438
socmob,mlp,ZScore,clip,1,3,799.4550156905252
socmob,mlp,ZScore,clip,1,4,1687.1590148727544
socmob,mlp,ZScore,clip,1,5,530.4843055281232
socmob,mlp,ZScore,clip,1,6,823.3346783928479
socmob,mlp,ZScore,clip,1,7,706.1654864755606
socmob,mlp,ZScore,clip,1,8,1721.821568100433
socmob,mlp,ZScore,clip,1,9,713.8635817879663
socmob,mlp,ZScore,clip,2,0,203.1914138855375
socmob,mlp,ZScore,clip,2,1,2048.1188925242386
socmob,mlp,ZScore,clip,2,2,546.9594179403354
socmob,mlp,ZScore,clip,2,3,597.9750541062944
socmob,mlp,ZScore,clip,2,4,938.7229825581982
socmob,mlp,ZScore,clip,2,5,1530.4249183472148
socmob,mlp,ZScore,clip,2,6,967.3321679820419
socmob,mlp,ZScore,clip,2,7,272.56419911667274
socmob,mlp,ZScore,clip,2,8,1613.7953105544052
socmob,mlp,ZScore,clip,2,9,874.4669796715431
socmob,mlp,Percentile,remove,0,0,1195.0483453134493
socmob,mlp,Percentile,remove,0,1,461.60161515523066
socmob,mlp,Percentile,remove,0,2,1174.113841886662
socmob,mlp,Percentile,remove,0,3,810.644707626163
socmob,mlp,Percentile,remove,0,4,323.85787309582355
socmob,mlp,Percentile,remove,0,5,297.4955968276088
socmob,mlp,Percentile,remove,0,6,652.9076784389313
socmob,mlp,Percentile,remove,0,7,726.7132119364114
socmob,mlp,Percentile,remove,0,8,3390.2193710876527
socmob,mlp,Percentile,remove,0,9,928.482596865359
socmob,mlp,Percentile,remove,1,0,295.7853244560167
socmob,mlp,Percentile,remove,1,1,1511.789999685847
socmob,mlp,Percentile,remove,1,2,775.0622365797514
socmob,mlp,Percentile,remove,1,3,803.8551652083434
socmob,mlp,Percentile,remove,1,4,1680.2757344215256
socmob,mlp,Percentile,remove,1,5,504.5109591240986
socmob,mlp,Percentile,remove,1,6,1028.8515517054077
socmob,mlp,Percentile,remove,1,7,757.1261498425818
socmob,mlp,Percentile,remove,1,8,1757.6753911314715
socmob,mlp,Percentile,remove,1,9,719.290903224518
socmob,mlp,Percentile,remove,2,0,205.44737557864482
socmob,mlp,Percentile,remove,2,1,2164.1171202801097
socmob,mlp,Percentile,remove,2,2,542.8964422981356
socmob,mlp,Percentile,remove,2,3,674.8950086222408
socmob,mlp,Percentile,remove,2,4,984.0158819212927
socmob,mlp,Percentile,remove,2,5,1573.462638677185
socmob,mlp,Percentile,remove,2,6,1000.9767665908321
socmob,mlp,Percentile,remove,2,7,279.4727778010363
socmob,mlp,Percentile,remove,2,8,1553.4233947783584
socmob,mlp,Percentile,remove,2,9,879.7444801127128
socmob,mlp,Percentile,clip,0,0,1229.4088342802017
socmob,mlp,Percentile,clip,0,1,443.745827375573
socmob,mlp,Percentile,clip,0,2,1081.3083123419067
socmob,mlp,Percentile,clip,0,3,828.7066279223361
socmob,mlp,Percentile,clip,0,4,327.6676258107053
socmob,mlp,Percentile,clip,0,5,325.4890307901836
socmob,mlp,Percentile,clip,0,6,652.5265200716477
socmob,mlp,Percentile,clip,0,7,733.3744833137027
socmob,mlp,Percentile,clip,0,8,3076.5369379239382
socmob,mlp,Percentile,clip,0,9,967.6615025017453
socmob,mlp,Percentile,clip,1,0,269.62755039075205
socmob,mlp,Percentile,clip,1,1,1553.5836585407553
socmob,mlp,Percentile,clip,1,2,778.5013835541821
socmob,mlp,Percentile,clip,1,3,800.6345334839128
socmob,mlp,Percentile,clip,1,4,1685.1866031575876
socmob,mlp,Percentile,clip,1,5,525.2836818616133
socmob,mlp,Percentile,clip,1,6,818.8424456078294
socmob,mlp,Percentile,clip,1,7,704.9017682765597
socmob,mlp,Percentile,clip,1,8,1721.2368320669586
socmob,mlp,Percentile,clip,1,9,711.1552554368923
socmob,mlp,Percentile,clip,2,0,198.83902368626116
socmob,mlp,Percentile,clip,2,1,2043.2696789466183
socmob,mlp,Percentile,clip,2,2,543.295047361092
socmob,mlp,Percentile,clip,2,3,595.5759766108828
socmob,mlp,Percentile,clip,2,4,934.4727093694046
socmob,mlp,Percentile,clip,2,5,1525.6007877818483
socmob,mlp,Percentile,clip,2,6,963.9000747106933
socmob,mlp,Percentile,clip,2,7,272.0208899303052
socmob,mlp,Percentile,clip,2,8,1609.9065459134013
socmob,mlp,Percentile,clip,2,9,866.1316573023317
socmob,mlp,IsolationForest,remove,0,0,1232.8622286757482
socmob,mlp,IsolationForest,remove,0,1,450.6537873329887
socmob,mlp,IsolationForest,remove,0,2,1128.8452887487954
socmob,mlp,IsolationForest,remove,0,3,837.9713092869143
socmob,mlp,IsolationForest,remove,0,4,327.78373842890693
socmob,mlp,IsolationForest,remove,0,5,322.58398713191923
socmob,mlp,IsolationForest,remove,0,6,663.7740520992395
socmob,mlp,IsolationForest,remove,0,7,761.8676825784308
socmob,mlp,IsolationForest,remove,0,8,3166.9340661696256
socmob,mlp,IsolationForest,remove,0,9,982.9375209578996
socmob,mlp,IsolationForest,remove,1,0,273.4052002770003
socmob,mlp,IsolationForest,remove,1,1,1570.5935760213893
socmob,mlp,IsolationForest,remove,1,2,809.0351451693535
socmob,mlp,IsolationForest,remove,1,3,816.0342814307198
socmob,mlp,IsolationForest,remove,1,4,1704.0838431966295
socmob,mlp,IsolationForest,remove,1,5,545.9926679712352
socmob,mlp,IsolationForest,remove,1,6,829.4652349486929
socmob,mlp,IsolationForest,remove,1,7,718.0176223688297
socmob,mlp,IsolationForest,remove,1,8,1704.305549074257
socmob,mlp,IsolationForest,remove,1,9,741.3650617668607
socmob,mlp,IsolationForest,remove,2,0,206.0319284287698
socmob,mlp,IsolationForest,remove,2,1,2074.1339268303473
socmob,mlp,IsolationForest,remove,2,2,563.478135920529
socmob,mlp,IsolationForest,remove,2,3,604.0321661695158
socmob,mlp,IsolationForest,remove,2,4,957.0606646910469
socmob,mlp,IsolationForest,remove,2,5,1557.185007884827
socmob,mlp,IsolationForest,remove,2,6,975.867570271088
socmob,mlp,IsolationForest,remove,2,7,282.34587228558917
socmob,mlp,IsolationForest,remove,2,8,1643.8948675086917
socmob,mlp,IsolationForest,remove,2,9,896.2117392574011
socmob,mlp,LOF,remove,0,0,1250.3252028243419
socmob,mlp,LOF,remove,0,1,454.33200376111307
socmob,mlp,LOF,remove,0,2,1098.9840921868417
socmob,mlp,LOF,remove,0,3,829.8502587270833
socmob,mlp,LOF,remove,0,4,338.62284490416334
socmob,mlp,LOF,remove,0,5,329.0448667034364
socmob,mlp,LOF,remove,0,6,658.140914671686
socmob,mlp,LOF,remove,0,7,750.0513324610358
socmob,mlp,LOF,remove,0,8,3090.0883060854994
socmob,mlp,LOF,remove,0,9,984.3167328463455
socmob,mlp,LOF,remove,1,0,266.7195009725055
socmob,mlp,LOF,remove,1,1,1550.6997878752977
socmob,mlp,LOF,remove,1,2,784.4683404117817
socmob,mlp,LOF,remove,1,3,821.9850557132736
socmob,mlp,LOF,remove,1,4,1683.1831281298619
socmob,mlp,LOF,remove,1,5,535.7187699862965
socmob,mlp,LOF,remove,1,6,818.942355725601
socmob,mlp,LOF,remove,1,7,706.4032917508247
socmob,mlp,LOF,remove,1,8,1730.4745209653242
socmob,mlp,LOF,remove,1,9,735.1975710639784
socmob,mlp,LOF,remove,2,0,198.94513182874078
socmob,mlp,LOF,remove,2,1,2033.0326657468297
socmob,mlp,LOF,remove,2,2,548.2576787824889
socmob,mlp,LOF,remove,2,3,596.6625261677575
socmob,mlp,LOF,remove,2,4,949.4460835498203
socmob,mlp,LOF,remove,2,5,1519.314142870376
socmob,mlp,LOF,remove,2,6,966.3386847159967
socmob,mlp,LOF,remove,2,7,270.8028017256513
socmob,mlp,LOF,remove,2,8,1596.097180120563
socmob,mlp,LOF,remove,2,9,888.4604534238637
socmob,mlp,Autoencoder,remove,0,0,1196.384607772948
socmob,mlp,Autoencoder,remove,0,1,415.6920051208351
socmob,mlp,Autoencoder,remove,0,2,1100.8412135587757
socmob,mlp,Autoencoder,remove,0,3,833.1319011256676
socmob,mlp,Autoencoder,remove,0,4,309.4729689114398
socmob,mlp,Autoencoder,remove,0,5,312.16953659386405
socmob,mlp,Autoencoder,remove,0,6,633.9616426161723
socmob,mlp,Autoencoder,remove,0,7,727.1779316234675
socmob,mlp,Autoencoder,remove,0,8,3088.686884079642
socmob,mlp,Autoencoder,remove,0,9,968.6305928906357
socmob,mlp,Autoencoder,remove,1,0,247.31571168940914
socmob,mlp,Autoencoder,remove,1,1,1554.235247825989
socmob,mlp,Autoencoder,remove,1,2,773.3157897321285
socmob,mlp,Autoencoder,remove,1,3,801.7261452704784
socmob,mlp,Autoencoder,remove,1,4,1643.9190886965778
socmob,mlp,Autoencoder,remove,1,5,520.3137882472711
socmob,mlp,Autoencoder,remove,1,6,825.1371979948988
socmob,mlp,Autoencoder,remove,1,7,711.6750543390057
socmob,mlp,Autoencoder,remove,1,8,1686.8917778025855
socmob,mlp,Autoencoder,remove,1,9,728.7391523355385
socmob,mlp,Autoencoder,remove,2,0,181.730442150526
socmob,mlp,Autoencoder,remove,2,1,2031.7005155369816
socmob,mlp,Autoencoder,remove,2,2,552.8911945958108
socmob,mlp,Autoencoder,remove,2,3,583.8454692065961
socmob,mlp,Autoencoder,remove,2,4,958.9462517793075
socmob,mlp,Autoencoder,remove,2,5,1456.0052148323302
socmob,mlp,Autoencoder,remove,2,6,968.6824075160101
socmob,mlp,Autoencoder,remove,2,7,267.27548542922744
socmob,mlp,Autoencoder,remove,2,8,1595.3082527264348
socmob,mlp,Autoencoder,remove,2,9,871.5098939697302
socmob,xgboost,None,remove,0,0,1337.538949612284
socmob,xgboost,None,remove,0,1,481.99328575072855
socmob,xgboost,None,remove,0,2,1514.6117449811095
socmob,xgboost,None,remove,0,3,984.6337742284086
socmob,xgboost,None,remove,0,4,280.744062709116
socmob,xgboost,None,remove,0,5,306.1696845975208
socmob,xgboost,None,remove,0,6,485.81792533095535
socmob,xgboost,None,remove,0,7,619.7094672005423
socmob,xgboost,None,remove,0,8,2987.736951652215
socmob,xgboost,None,remove,0,9,991.6412098862762
socmob,xgboost,None,remove,1,0,156.92178593675678
socmob,xgboost,None,remove,1,1,1551.7655320619017
socmob,xgboost,None,remove,1,2,899.139411434896
socmob,xgboost,None,remove,1,3,772.2199416044394
socmob,xgboost,None,remove,1,4,1744.8394295042847
socmob,xgboost,None,remove,1,5,646.7626337692419
socmob,xgboost,None,remove,1,6,922.611038536367
socmob,xgboost,None,remove,1,7,842.4671807920141
socmob,xgboost,None,remove,1,8,1793.4804113914665
socmob,xgboost,None,remove,1,9,770.9709338449534
socmob,xgboost,None,remove,2,0,199.07983223362478
socmob,xgboost,None,remove,2,1,2084.4811718681385
socmob,xgboost,None,remove,2,2,717.0326157424756
socmob,xgboost,None,remove,2,3,387.26385243414444
socmob,xgboost,None,remove,2,4,945.2892891203522
socmob,xgboost,None,remove,2,5,1308.3683326218306
socmob,xgboost,None,remove,2,6,865.395204326347
socmob,xgboost,None,remove,2,7,267.731247082177
socmob,xgboost,None,remove,2,8,2054.892540835337
socmob,xgboost,None,remove,2,9,911.0419747249147
socmob,xgboost,ZScore,remove,0,0,1337.538949612284
socmob,xgboost,ZScore,remove,0,1,481.99328575072855
socmob,xgboost,ZScore,remove,0,2,1514.6117449811095
socmob,xgboost,ZScore,remove,0,3,984.6337742284086
socmob,xgboost,ZScore,remove,0,4,280.744062709116
socmob,xgboost,ZScore,remove,0,5,306.1696845975208
socmob,xgboost,ZScore,remove,0,6,485.81792533095535
socmob,xgboost,ZScore,remove,0,7,619.7094672005423
socmob,xgboost,ZScore,remove,0,8,2987.736951652215
socmob,xgboost,ZScore,remove,0,9,991.6412098862762
socmob,xgboost,ZScore,remove,1,0,156.92178593675678
socmob,xgboost,ZScore,remove,1,1,1551.7655320619017
socmob,xgboost,ZScore,remove,1,2,899.139411434896
socmob,xgboost,ZScore,remove,1,3,772.2199416044394
socmob,xgboost,ZScore,remove,1,4,1744.8394295042847
socmob,xgboost,ZScore,remove,1,5,646.7626337692419
socmob,xgboost,ZScore,remove,1,6,922.611038536367
socmob,xgboost,ZScore,remove,1,7,842.4671807920141
socmob,xgboost,ZScore,remove,1,8,1793.4804113914665
socmob,xgboost,ZScore,remove,1,9,770.9709338449534
socmob,xgboost,ZScore,remove,2,0,199.07983223362478
socmob,xgboost,ZScore,remove,2,1,2084.4811718681385
socmob,xgboost,ZScore,remove,2,2,717.0326157424756
socmob,xgboost,ZScore,remove,2,3,387.26385243414444
socmob,xgboost,ZScore,remove,2,4,945.2892891203522
socmob,xgboost,ZScore,remove,2,5,1308.3683326218306
socmob,xgboost,ZScore,remove,2,6,865.395204326347
socmob,xgboost,ZScore,remove,2,7,267.731247082177
socmob,xgboost,ZScore,remove,2,8,2054.892540835337
socmob,xgboost,ZScore,remove,2,9,911.0419747249147
socmob,xgboost,ZScore,clip,0,0,1337.538949612284
socmob,xgboost,ZScore,clip,0,1,481.99328575072855
socmob,xgboost,ZScore,clip,0,2,1514.6117449811095
socmob,xgboost,ZScore,clip,0,3,984.6337742284086
socmob,xgboost,ZScore,clip,0,4,280.744062709116
socmob,xgboost,ZScore,clip,0,5,306.1696845975208
socmob,xgboost,ZScore,clip,0,6,485.81792533095535
socmob,xgboost,ZScore,clip,0,7,619.7094672005423
socmob,xgboost,ZScore,clip,0,8,2987.736951652215
socmob,xgboost,ZScore,clip,0,9,991.6412098862762
socmob,xgboost,ZScore,clip,1,0,156.92178593675678
socmob,xgboost,ZScore,clip,1,1,1551.7655320619017
socmob,xgboost,ZScore,clip,1,2,899.139411434896
socmob,xgboost,ZScore,clip,1,3,772.2199416044394
socmob,xgboost,ZScore,clip,1,4,1744.8394295042847
socmob,xgboost,ZScore,clip,1,5,646.7626337692419
socmob,xgboost,ZScore,clip,1,6,922.611038536367
socmob,xgboost,ZScore,clip,1,7,842.4671807920141
socmob,xgboost,ZScore,clip,1,8,1793.4804113914665
socmob,xgboost,ZScore,clip,1,9,770.9709338449534
socmob,xgboost,ZScore,clip,2,0,199.07983223362478
socmob,xgboost,ZScore,clip,2,1,2084.4811718681385
socmob,xgboost,ZScore,clip,2,2,717.0326157424756
socmob,xgboost,ZScore,clip,2,3,387.26385243414444
socmob,xgboost,ZScore,clip,2,4,945.2892891203522
socmob,xgboost,ZScore,clip,2,5,1308.3683326218306
socmob,xgboost,ZScore,clip,2,6,865.395204326347
socmob,xgboost,ZScore,clip,2,7,267.731247082177
socmob,xgboost,ZScore,clip,2,8,2054.892540835337
socmob,xgboost,ZScore,clip,2,9,911.0419747249147
socmob,xgboost,Percentile,remove,0,0,1283.8590955316033
socmob,xgboost,Percentile,remove,0,1,387.9024714236859
socmob,xgboost,Percentile,remove,0,2,1154.8010591843226
socmob,xgboost,Percentile,remove,0,3,813.6511853599724
socmob,xgboost,Percentile,remove,0,4,223.73778749494622
socmob,xgboost,Percentile,remove,0,5,302.9900809553376
socmob,xgboost,Percentile,remove,0,6,793.6746811761149
socmob,xgboost,Percentile,remove,0,7,803.6542688245333
socmob,xgboost,Percentile,remove,0,8,3164.190725995956
socmob,xgboost,Percentile,remove,0,9,1072.0337663061644
socmob,xgboost,Percentile,remove,1,0,224.6319224471217
socmob,xgboost,Percentile,remove,1,1,1221.0471145700967
socmob,xgboost,Percentile,remove,1,2,1348.019452433349
socmob,xgboost,Percentile,remove,1,3,744.6389984441181
socmob,xgboost,Percentile,remove,1,4,1715.8688968165811
socmob,xgboost,Percentile,remove,1,5,694.3225852161929
socmob,xgboost,Percentile,remove,1,6,834.4903674504496
socmob,xgboost,Percentile,remove,1,7,891.2334000158309
socmob,xgboost,Percentile,remove,1,8,1771.9121498077445
socmob,xgboost,Percentile,remove,1,9,622.241818675826
socmob,xgboost,Percentile,remove,2,0,182.9850672656204
socmob,xgboost,Percentile,remove,2,1,2126.4282197528346
socmob,xgboost,Percentile,remove,2,2,700.9899647675272
socmob,xgboost,Percentile,remove,2,3,426.61871311709024
socmob,xgboost,Percentile,remove,2,4,1234.560593898451
socmob,xgboost,Percentile,remove,2,5,1479.5233254885136
socmob,xgboost,Percentile,remove,2,6,1055.7973460107303
socmob,xgboost,Percentile,remove,2,7,346.0281356516311
socmob,xgboost,Percentile,remove,2,8,2364.919521802036
socmob,xgboost,Percentile,remove,2,9,1067.5998300436463
socmob,xgboost,Percentile,clip,0,0,1387.5901860655324
socmob,xgboost,Percentile,clip,0,1,364.5134749042228
socmob,xgboost,Percentile,clip,0,2,1600.1560684187768
socmob,xgboost,Percentile,clip,0,3,920.7303884585064
socmob,xgboost,Percentile,clip,0,4,308.0724187678512
socmob,xgboost,Percentile,clip,0,5,354.40033593040687
socmob,xgboost,Percentile,clip,0,6,532.445377136858
socmob,xgboost,Percentile,clip,0,7,709.5467397566284
socmob,xgboost,Percentile,clip,0,8,3064.09194561995
socmob,xgboost,Percentile,clip,0,9,1020.5786277704526
socmob,xgboost,Percentile,clip,1,0,256.68277598644374
socmob,xgboost,Percentile,clip,1,1,1195.6301644453313
socmob,xgboost,Percentile,clip,1,2,1066.0167314225305
socmob,xgboost,Percentile,clip,1,3,800.4256596852441
socmob,xgboost,Percentile,clip,1,4,1677.1904847579324
socmob,xgboost,Percentile,clip,1,5,640.7159878403145
socmob,xgboost,Percentile,clip,1,6,786.2972185216323
socmob,xgboost,Percentile,clip,1,7,693.1895929470021
socmob,xgboost,Percentile,clip,1,8,1732.6792829950034
socmob,xgboost,Percentile,clip,1,9,584.6853302552714
socmob,xgboost,Percentile,clip,2,0,183.29985045323286
socmob,xgboost,Percentile,clip,2,1,1948.8273470083288
socmob,xgboost,Percentile,clip,2,2,733.8571773100241
socmob,xgboost,Percentile,clip,2,3,386.81290112730585
socmob,xgboost,Percentile,clip,2,4,1155.1224997466152
socmob,xgboost,Percentile,clip,2,5,1342.1120864474817
socmob,xgboost,Percentile,clip,2,6,1198.515097884632
socmob,xgboost,Percentile,clip,2,7,280.83916826449496
socmob,xgboost,Percentile,clip,2,8,2010.140735862476
socmob,xgboost,Percentile,clip,2,9,788.0382807645271
socmob,xgboost,IsolationForest,remove,0,0,1306.6176017232578
socmob,xgboost,IsolationForest,remove,0,1,386.09565362991566
socmob,xgboost,IsolationForest,remove,0,2,1128.226156938077
socmob,xgboost,IsolationForest,remove,0,3,812.5243719774033
socmob,xgboost,IsolationForest,remove,0,4,340.0727814449769
socmob,xgboost,IsolationForest,remove,0,5,357.8447719543581
socmob,xgboost,IsolationForest,remove,0,6,633.7377936475006
socmob,xgboost,IsolationForest,remove,0,7,755.940010194779
socmob,xgboost,IsolationForest,remove,0,8,3425.7346842238194
socmob,xgboost,IsolationForest,remove,0,9,1074.848114216393
socmob,xgboost,IsolationForest,remove,1,0,222.67253256698677
socmob,xgboost,IsolationForest,remove,1,1,1256.4206861923215
socmob,xgboost,IsolationForest,remove,1,2,1143.606614208309
socmob,xgboost,IsolationForest,remove,1,3,861.4054574444807
socmob,xgboost,IsolationForest,remove,1,4,1435.5940130347874
socmob,xgboost,IsolationForest,remove,1,5,647.6118973988409
socmob,xgboost,IsolationForest,remove,1,6,1027.3581233869315
socmob,xgboost,IsolationForest,remove,1,7,668.4150769004048
socmob,xgboost,IsolationForest,remove,1,8,1727.5603881798404
socmob,xgboost,IsolationForest,remove,1,9,602.7044316672742
socmob,xgboost,IsolationForest,remove,2,0,324.2502680893018
socmob,xgboost,IsolationForest,remove,2,1,2480.8707081049524
socmob,xgboost,IsolationForest,remove,2,2,625.5889007698609
socmob,xgboost,IsolationForest,remove,2,3,356.6504435068295
socmob,xgboost,IsolationForest,remove,2,4,1316.283469657165
socmob,xgboost,IsolationForest,remove,2,5,1449.3711992799438
socmob,xgboost,IsolationForest,remove,2,6,942.2771981586268
socmob,xgboost,IsolationForest,remove,2,7,343.9428400679654
socmob,xgboost,IsolationForest,remove,2,8,2141.316521851391
socmob,xgboost,IsolationForest,remove,2,9,895.1008215269301
socmob,xgboost,LOF,remove,0,0,1155.6135228536098
socmob,xgboost,LOF,remove,0,1,407.61365995310297
socmob,xgboost,LOF,remove,0,2,978.8053353933739
socmob,xgboost,LOF,remove,0,3,692.5946793203234
socmob,xgboost,LOF,remove,0,4,284.5810014106404
socmob,xgboost,LOF,remove,0,5,313.5138058086041
socmob,xgboost,LOF,remove,0,6,492.4897222091822
socmob,xgboost,LOF,remove,0,7,449.1413512577985
socmob,xgboost,LOF,remove,0,8,2958.0649040381486
socmob,xgboost,LOF,remove,0,9,1029.4482431962995
socmob,xgboost,LOF,remove,1,0,209.81303220418292
socmob,xgboost,LOF,remove,1,1,1000.6878123132974
socmob,xgboost,LOF,remove,1,2,722.6186545857635
socmob,xgboost,LOF,remove,1,3,427.97226985942115
socmob,xgboost,LOF,remove,1,4,1767.6290878644988
socmob,xgboost,LOF,remove,1,5,544.511091619232
socmob,xgboost,LOF,remove,1,6,789.0713165809841
socmob,xgboost,LOF,remove,1,7,250.5044050078998
socmob,xgboost,LOF,remove,1,8,1542.2231636344745
socmob,xgboost,LOF,remove,1,9,545.1187359926416
socmob,xgboost,LOF,remove,2,0,197.97273566272122
socmob,xgboost,LOF,remove,2,1,1976.4940726130874
socmob,xgboost,LOF,remove,2,2,474.06130653486036
socmob,xgboost,LOF,remove,2,3,287.4874995058372
socmob,xgboost,LOF,remove,2,4,829.3765679934974
socmob,xgboost,LOF,remove,2,5,1331.0090981090066
socmob,xgboost,LOF,remove,2,6,918.6394761050294
socmob,xgboost,LOF,remove,2,7,240.72050282640123
socmob,xgboost,LOF,remove,2,8,1871.370450608131
socmob,xgboost,LOF,remove,2,9,877.9760271793582
socmob,xgboost,Autoencoder,remove,0,0,1461.3592444625572
socmob,xgboost,Autoencoder,remove,0,1,299.41018146092296
socmob,xgboost,Autoencoder,remove,0,2,1544.8101908279625
socmob,xgboost,Autoencoder,remove,0,3,962.1368896557518
socmob,xgboost,Autoencoder,remove,0,4,233.81106343099796
socmob,xgboost,Autoencoder,remove,0,5,284.98851102769106
socmob,xgboost,Autoencoder,remove,0,6,667.5648001845755
socmob,xgboost,Autoencoder,remove,0,7,681.7521261236328
socmob,xgboost,Autoencoder,remove,0,8,3109.809688280629
socmob,xgboost,Autoencoder,remove,0,9,1109.7461017324163
socmob,xgboost,Autoencoder,remove,1,0,225.50655797643142
socmob,xgboost,Autoencoder,remove,1,1,1445.0292906275797
socmob,xgboost,Autoencoder,remove,1,2,1288.6800925092243
socmob,xgboost,Autoencoder,remove,1,3,588.8876146198296
socmob,xgboost,Autoencoder,remove,1,4,1625.251920885981
socmob,xgboost,Autoencoder,remove,1,5,672.0737434508691
socmob,xgboost,Autoencoder,remove,1,6,878.7849419877397
socmob,xgboost,Autoencoder,remove,1,7,795.3874092943569
socmob,xgboost,Autoencoder,remove,1,8,1676.3017741934798
socmob,xgboost,Autoencoder,remove,1,9,765.7288458099359
socmob,xgboost,Autoencoder,remove,2,0,180.5051585051988
socmob,xgboost,Autoencoder,remove,2,1,2432.9677082424537
socmob,xgboost,Autoencoder,remove,2,2,772.3041307504778
socmob,xgboost,Autoencoder,remove,2,3,369.7891081174065
socmob,xgboost,Autoencoder,remove,2,4,1086.509815809088
socmob,xgboost,Autoencoder,remove,2,5,1423.2785782153783
socmob,xgboost,Autoencoder,remove,2,6,957.5900013338339
socmob,xgboost,Autoencoder,remove,2,7,310.84438377530967
socmob,xgboost,Autoencoder,remove,2,8,1969.9428864232607
socmob,xgboost,Autoencoder,remove,2,9,1242.4106420480557
socmob,randomforest,None,remove,0,0,1577.6850619189192
socmob,randomforest,None,remove,0,1,690.3648169864867
socmob,randomforest,None,remove,0,2,1620.5419879189192
socmob,randomforest,None,remove,0,3,1186.3894880540543
socmob,randomforest,None,remove,0,4,304.07167121621615
socmob,randomforest,None,remove,0,5,365.8531565810811
socmob,randomforest,None,remove,0,6,719.7808727837837
socmob,randomforest,None,remove,0,7,773.1686121486485
socmob,randomforest,None,remove,0,8,4369.427352783783
socmob,randomforest,None,remove,0,9,1651.5571392465756
socmob,randomforest,None,remove,1,0,270.91472459459453
socmob,randomforest,None,remove,1,1,2134.5342327567564
socmob,randomforest,None,remove,1,2,1185.4746507567565
socmob,randomforest,None,remove,1,3,906.03473
socmob,randomforest,None,remove,1,4,1929.690132391892
socmob,randomforest,None,remove,1,5,831.6967725000002
socmob,randomforest,None,remove,1,6,1171.8261021891892
socmob,randomforest,None,remove,1,7,942.4566442567568
socmob,randomforest,None,remove,1,8,2386.6282493378385
socmob,randomforest,None,remove,1,9,1230.8043873835616
socmob,randomforest,None,remove,2,0,194.85262308108113
socmob,randomforest,None,remove,2,1,2262.3424356486485
socmob,randomforest,None,remove,2,2,891.7121692702702
socmob,randomforest,None,remove,2,3,745.3519829324324
socmob,randomforest,None,remove,2,4,1302.536124121622
socmob,randomforest,None,remove,2,5,1718.273191837838
socmob,randomforest,None,remove,2,6,1407.312420445946
socmob,randomforest,None,remove,2,7,399.28276082432427
socmob,randomforest,None,remove,2,8,2889.475412040541
socmob,randomforest,None,remove,2,9,1224.0705654657538
socmob,randomforest,ZScore,remove,0,0,1577.6850619189192
socmob,randomforest,ZScore,remove,0,1,690.3648169864867
socmob,randomforest,ZScore,remove,0,2,1620.5419879189192
socmob,randomforest,ZScore,remove,0,3,1186.3894880540543
socmob,randomforest,ZScore,remove,0,4,304.07167121621615
socmob,randomforest,ZScore,remove,0,5,365.8531565810811
socmob,randomforest,ZScore,remove,0,6,719.7808727837837
socmob,randomforest,ZScore,remove,0,7,773.1686121486485
socmob,randomforest,ZScore,remove,0,8,4369.427352783783
socmob,randomforest,ZScore,remove,0,9,1651.5571392465756
socmob,randomforest,ZScore,remove,1,0,270.91472459459453
socmob,randomforest,ZScore,remove,1,1,2134.5342327567564
socmob,randomforest,ZScore,remove,1,2,1185.4746507567565
socmob,randomforest,ZScore,remove,1,3,906.03473
socmob,randomforest,ZScore,remove,1,4,1929.690132391892
socmob,randomforest,ZScore,remove,1,5,831.6967725000002
socmob,randomforest,ZScore,remove,1,6,1171.8261021891892
socmob,randomforest,ZScore,remove,1,7,942.4566442567568
socmob,randomforest,ZScore,remove,1,8,2386.6282493378385
socmob,randomforest,ZScore,remove,1,9,1230.8043873835616
socmob,randomforest,ZScore,remove,2,0,194.85262308108113
socmob,randomforest,ZScore,remove,2,1,2262.3424356486485
socmob,randomforest,ZScore,remove,2,2,891.7121692702702
socmob,randomforest,ZScore,remove,2,3,745.3519829324324
socmob,randomforest,ZScore,remove,2,4,1302.536124121622
socmob,randomforest,ZScore,remove,2,5,1718.273191837838
socmob,randomforest,ZScore,remove,2,6,1407.312420445946
socmob,randomforest,ZScore,remove,2,7,399.28276082432427
socmob,randomforest,ZScore,remove,2,8,2889.475412040541
socmob,randomforest,ZScore,remove,2,9,1224.0705654657538
socmob,randomforest,ZScore,clip,0,0,1577.6850619189192
socmob,randomforest,ZScore,clip,0,1,690.3648169864867
socmob,randomforest,ZScore,clip,0,2,1620.5419879189192
socmob,randomforest,ZScore,clip,0,3,1186.3894880540543
socmob,randomforest,ZScore,clip,0,4,304.07167121621615
socmob,randomforest,ZScore,clip,0,5,365.8531565810811
socmob,randomforest,ZScore,clip,0,6,719.7808727837837
socmob,randomforest,ZScore,clip,0,7,773.1686121486485
socmob,randomforest,ZScore,clip,0,8,4369.427352783783
socmob,randomforest,ZScore,clip,0,9,1651.5571392465756
socmob,randomforest,ZScore,clip,1,0,270.91472459459453
socmob,randomforest,ZScore,clip,1,1,2134.5342327567564
socmob,randomforest,ZScore,clip,1,2,1185.4746507567565
socmob,randomforest,ZScore,clip,1,3,906.03473
socmob,randomforest,ZScore,clip,1,4,1929.690132391892
socmob,randomforest,ZScore,clip,1,5,831.6967725000002
socmob,randomforest,ZScore,clip,1,6,1171.8261021891892
socmob,randomforest,ZScore,clip,1,7,942.4566442567568
socmob,randomforest,ZScore,clip,1,8,2386.6282493378385
socmob,randomforest,ZScore,clip,1,9,1230.8043873835616
socmob,randomforest,ZScore,clip,2,0,194.85262308108113
socmob,randomforest,ZScore,clip,2,1,2262.3424356486485
socmob,randomforest,ZScore,clip,2,2,891.7121692702702
socmob,randomforest,ZScore,clip,2,3,745.3519829324324
socmob,randomforest,ZScore,clip,2,4,1302.536124121622
socmob,randomforest,ZScore,clip,2,5,1718.273191837838
socmob,randomforest,ZScore,clip,2,6,1407.312420445946
socmob,randomforest,ZScore,clip,2,7,399.28276082432427
socmob,randomforest,ZScore,clip,2,8,2889.475412040541
socmob,randomforest,ZScore,clip,2,9,1224.0705654657538
socmob,randomforest,Percentile,remove,0,0,1825.7206672837833
socmob,randomforest,Percentile,remove,0,1,578.5124819594595
socmob,randomforest,Percentile,remove,0,2,1874.3341244459464
socmob,randomforest,Percentile,remove,0,3,1275.5639662297297
socmob,randomforest,Percentile,remove,0,4,408.474225527027
socmob,randomforest,Percentile,remove,0,5,378.25207327027033
socmob,randomforest,Percentile,remove,0,6,939.9170605135139
socmob,randomforest,Percentile,remove,0,7,1020.4225842567572
socmob,randomforest,Percentile,remove,0,8,4347.828810283783
socmob,randomforest,Percentile,remove,0,9,1731.1113881643837
socmob,randomforest,Percentile,remove,1,0,312.2538651621622
socmob,randomforest,Percentile,remove,1,1,2319.210283445946
socmob,randomforest,Percentile,remove,1,2,1377.668923067568
socmob,randomforest,Percentile,remove,1,3,1224.025211310811
socmob,randomforest,Percentile,remove,1,4,2049.338778513514
socmob,randomforest,Percentile,remove,1,5,908.4683494864864
socmob,randomforest,Percentile,remove,1,6,1275.9215169459458
socmob,randomforest,Percentile,remove,1,7,994.05996
socmob,randomforest,Percentile,remove,1,8,2398.312078918919
socmob,randomforest,Percentile,remove,1,9,1320.5309776575343
socmob,randomforest,Percentile,remove,2,0,245.6371081756757
socmob,randomforest,Percentile,remove,2,1,2670.080774783784
socmob,randomforest,Percentile,remove,2,2,891.1308004864865
socmob,randomforest,Percentile,remove,2,3,827.9801105675675
socmob,randomforest,Percentile,remove,2,4,1382.190250810811
socmob,randomforest,Percentile,remove,2,5,1762.1073079459463
socmob,randomforest,Percentile,remove,2,6,1393.6958919594595
socmob,randomforest,Percentile,remove,2,7,508.36541516216215
socmob,randomforest,Percentile,remove,2,8,2873.861305
socmob,randomforest,Percentile,remove,2,9,1443.6192831232877
socmob,randomforest,Percentile,clip,0,0,1587.4858284594598
socmob,randomforest,Percentile,clip,0,1,708.1155818108112
socmob,randomforest,Percentile,clip,0,2,1507.5171069999997
socmob,randomforest,Percentile,clip,0,3,1196.874463574054
socmob,randomforest,Percentile,clip,0,4,289.9699198648648
socmob,randomforest,Percentile,clip,0,5,355.62239075675683
socmob,randomforest,Percentile,clip,0,6,728.797790608108
socmob,randomforest,Percentile,clip,0,7,779.0133169324325
socmob,randomforest,Percentile,clip,0,8,4404.490550351352
socmob,randomforest,Percentile,clip,0,9,1680.8309936453575
socmob,randomforest,Percentile,clip,1,0,267.22796555405404
socmob,randomforest,Percentile,clip,1,1,2154.928633837837
socmob,randomforest,Percentile,clip,1,2,1157.2816417837837
socmob,randomforest,Percentile,clip,1,3,934.7194772687089
socmob,randomforest,Percentile,clip,1,4,1878.1880428513518
socmob,randomforest,Percentile,clip,1,5,844.6059416351355
socmob,randomforest,Percentile,clip,1,6,1190.4549363513513
socmob,randomforest,Percentile,clip,1,7,989.1752324459462
socmob,randomforest,Percentile,clip,1,8,2392.1754236351353
socmob,randomforest,Percentile,clip,1,9,1210.4606649999998
socmob,randomforest,Percentile,clip,2,0,190.49634858108112
socmob,randomforest,Percentile,clip,2,1,2283.499303702702
socmob,randomforest,Percentile,clip,2,2,910.1554532778378
socmob,randomforest,Percentile,clip,2,3,738.196729608108
socmob,randomforest,Percentile,clip,2,4,1273.8583551891895
socmob,randomforest,Percentile,clip,2,5,1727.1557084054057
socmob,randomforest,Percentile,clip,2,6,1404.6156466216216
socmob,randomforest,Percentile,clip,2,7,402.7235422027027
socmob,randomforest,Percentile,clip,2,8,2791.4842253243246
socmob,randomforest,Percentile,clip,2,9,1242.1226793561646
socmob,randomforest,IsolationForest,remove,0,0,1774.4981418648645
socmob,randomforest,IsolationForest,remove,0,1,695.4273184594595
socmob,randomforest,IsolationForest,remove,0,2,2057.920073418919
socmob,randomforest,IsolationForest,remove,0,3,1312.907958837838
socmob,randomforest,IsolationForest,remove,0,4,391.7526059189189
socmob,randomforest,IsolationForest,remove,0,5,419.30059112162155
socmob,randomforest,IsolationForest,remove,0,6,1012.7599196756757
socmob,randomforest,IsolationForest,remove,0,7,1113.2211445405405
socmob,randomforest,IsolationForest,remove,0,8,4494.324124310811
socmob,randomforest,IsolationForest,remove,0,9,1756.1746229041094
socmob,randomforest,IsolationForest,remove,1,0,345.13723831081074
socmob,randomforest,IsolationForest,remove,1,1,2343.388990554054
socmob,randomforest,IsolationForest,remove,1,2,1514.4368925540543
socmob,randomforest,IsolationForest,remove,1,3,1089.4742522432432
socmob,randomforest,IsolationForest,remove,1,4,2154.8570803108114
socmob,randomforest,IsolationForest,remove,1,5,950.7895718513515
socmob,randomforest,IsolationForest,remove,1,6,1298.6477395945947
socmob,randomforest,IsolationForest,remove,1,7,1216.6088786216214
socmob,randomforest,IsolationForest,remove,1,8,2320.4681879729733
socmob,randomforest,IsolationForest,remove,1,9,1473.532050671233
socmob,randomforest,IsolationForest,remove,2,0,262.0426475000001
socmob,randomforest,IsolationForest,remove,2,1,2922.3833934864865
socmob,randomforest,IsolationForest,remove,2,2,939.4074391081082
socmob,randomforest,IsolationForest,remove,2,3,872.9176186351351
socmob,randomforest,IsolationForest,remove,2,4,1513.1802990270273
socmob,randomforest,IsolationForest,remove,2,5,1990.3188895945943
socmob,randomforest,IsolationForest,remove,2,6,1515.3571686621617
socmob,randomforest,IsolationForest,remove,2,7,553.6627850675676
socmob,randomforest,IsolationForest,remove,2,8,2781.498558040541
socmob,randomforest,IsolationForest,remove,2,9,1526.966141410959
socmob,randomforest,LOF,remove,0,0,1483.4508924054064
socmob,randomforest,LOF,remove,0,1,494.67425044594603
socmob,randomforest,LOF,remove,0,2,1156.1665458108105
socmob,randomforest,LOF,remove,0,3,959.3850402702706
socmob,randomforest,LOF,remove,0,4,246.88126828378375
socmob,randomforest,LOF,remove,0,5,281.1361053918919
socmob,randomforest,LOF,remove,0,6,508.83956014864845
socmob,randomforest,LOF,remove,0,7,487.0169342162162
socmob,randomforest,LOF,remove,0,8,3865.768843310811
socmob,randomforest,LOF,remove,0,9,1123.1768769315067
socmob,randomforest,LOF,remove,1,0,244.85254787837835
socmob,randomforest,LOF,remove,1,1,1560.6565569189188
socmob,randomforest,LOF,remove,1,2,697.8179236216216
socmob,randomforest,LOF,remove,1,3,775.6434457837837
socmob,randomforest,LOF,remove,1,4,1934.7781175405405
socmob,randomforest,LOF,remove,1,5,526.2229917027028
socmob,randomforest,LOF,remove,1,6,950.1204624054051
socmob,randomforest,LOF,remove,1,7,513.4781667702703
socmob,randomforest,LOF,remove,1,8,2098.250069040541
socmob,randomforest,LOF,remove,1,9,810.4100289863011
socmob,randomforest,LOF,remove,2,0,163.71421536486494
socmob,randomforest,LOF,remove,2,1,2310.3719127702702
socmob,randomforest,LOF,remove,2,2,739.0380260135134
socmob,randomforest,LOF,remove,2,3,505.2012758918917
socmob,randomforest,LOF,remove,2,4,840.6647455135133
socmob,randomforest,LOF,remove,2,5,1281.791110756757
socmob,randomforest,LOF,remove,2,6,1134.504502716216
socmob,randomforest,LOF,remove,2,7,396.3965735675675
socmob,randomforest,LOF,remove,2,8,2709.596178513514
socmob,randomforest,LOF,remove,2,9,1137.2824945342468
socmob,randomforest,Autoencoder,remove,0,0,1819.948311878378
socmob,randomforest,Autoencoder,remove,0,1,596.7317723378378
socmob,randomforest,Autoencoder,remove,0,2,2047.9277417567566
socmob,randomforest,Autoencoder,remove,0,3,1276.5285536621625
socmob,randomforest,Autoencoder,remove,0,4,374.038852081081
socmob,randomforest,Autoencoder,remove,0,5,394.2972178378379
socmob,randomforest,Autoencoder,remove,0,6,827.2375420945948
socmob,randomforest,Autoencoder,remove,0,7,1077.897868310811
socmob,randomforest,Autoencoder,remove,0,8,4322.941679351352
socmob,randomforest,Autoencoder,remove,0,9,1665.6607764520545
socmob,randomforest,Autoencoder,remove,1,0,315.45761609459464
socmob,randomforest,Autoencoder,remove,1,1,2188.5381033783783
socmob,randomforest,Autoencoder,remove,1,2,1470.6013084324327
socmob,randomforest,Autoencoder,remove,1,3,1049.2354828918922
socmob,randomforest,Autoencoder,remove,1,4,2126.178282675676
socmob,randomforest,Autoencoder,remove,1,5,880.9560381756759
socmob,randomforest,Autoencoder,remove,1,6,1283.7176117297297
socmob,randomforest,Autoencoder,remove,1,7,1200.7103469729734
socmob,randomforest,Autoencoder,remove,1,8,2446.8575150270276
socmob,randomforest,Autoencoder,remove,1,9,1369.9788127123288
socmob,randomforest,Autoencoder,remove,2,0,232.01848514864872
socmob,randomforest,Autoencoder,remove,2,1,2835.0848438243247
socmob,randomforest,Autoencoder,remove,2,2,982.0009645810811
socmob,randomforest,Autoencoder,remove,2,3,694.4525723648647
socmob,randomforest,Autoencoder,remove,2,4,1348.827448148649
socmob,randomforest,Autoencoder,remove,2,5,1787.0703659864866
socmob,randomforest,Autoencoder,remove,2,6,1496.366062797297
socmob,randomforest,Autoencoder,remove,2,7,517.6852041081081
socmob,randomforest,Autoencoder,remove,2,8,2860.4280027297295
socmob,randomforest,Autoencoder,remove,2,9,1483.5179286438356
splice,mlp,None,remove,0,0,0.8731707317073171
splice,mlp,None,remove,0,1,0.8676470588235294
splice,mlp,None,remove,0,2,0.8578431372549019
splice,mlp,None,remove,0,3,0.8676470588235294
splice,mlp,None,remove,0,4,0.8872549019607843
splice,mlp,None,remove,0,5,0.8333333333333334
splice,mlp,None,remove,0,6,0.8774509803921569
splice,mlp,None,remove,0,7,0.8676470588235294
splice,mlp,None,remove,0,8,0.8872549019607843
splice,mlp,None,remove,0,9,0.8529411764705882
splice,mlp,None,remove,1,0,0.8390243902439024
splice,mlp,None,remove,1,1,0.8480392156862745
splice,mlp,None,remove,1,2,0.8774509803921569
splice,mlp,None,remove,1,3,0.8774509803921569
splice,mlp,None,remove,1,4,0.8725490196078431
splice,mlp,None,remove,1,5,0.8676470588235294
splice,mlp,None,remove,1,6,0.8676470588235294
splice,mlp,None,remove,1,7,0.8578431372549019
splice,mlp,None,remove,1,8,0.8725490196078431
splice,mlp,None,remove,1,9,0.8480392156862745
splice,mlp,None,remove,2,0,0.8682926829268293
splice,mlp,None,remove,2,1,0.8725490196078431
splice,mlp,None,remove,2,2,0.8578431372549019
splice,mlp,None,remove,2,3,0.8382352941176471
splice,mlp,None,remove,2,4,0.8578431372549019
splice,mlp,None,remove,2,5,0.8872549019607843
splice,mlp,None,remove,2,6,0.8823529411764706
splice,mlp,None,remove,2,7,0.8774509803921569
splice,mlp,None,remove,2,8,0.8578431372549019
splice,mlp,None,remove,2,9,0.8480392156862745
splice,mlp,ZScore,remove,0,0,0.8731707317073171
splice,mlp,ZScore,remove,0,1,0.8676470588235294
splice,mlp,ZScore,remove,0,2,0.8578431372549019
splice,mlp,ZScore,remove,0,3,0.8676470588235294
splice,mlp,ZScore,remove,0,4,0.8872549019607843
splice,mlp,ZScore,remove,0,5,0.8333333333333334
splice,mlp,ZScore,remove,0,6,0.8774509803921569
splice,mlp,ZScore,remove,0,7,0.8676470588235294
splice,mlp,ZScore,remove,0,8,0.8872549019607843
splice,mlp,ZScore,remove,0,9,0.8529411764705882
splice,mlp,ZScore,remove,1,0,0.8390243902439024
splice,mlp,ZScore,remove,1,1,0.8480392156862745
splice,mlp,ZScore,remove,1,2,0.8774509803921569
splice,mlp,ZScore,remove,1,3,0.8774509803921569
splice,mlp,ZScore,remove,1,4,0.8725490196078431
splice,mlp,ZScore,remove,1,5,0.8676470588235294
splice,mlp,ZScore,remove,1,6,0.8676470588235294
splice,mlp,ZScore,remove,1,7,0.8578431372549019
splice,mlp,ZScore,remove,1,8,0.8725490196078431
splice,mlp,ZScore,remove,1,9,0.8480392156862745
splice,mlp,ZScore,remove,2,0,0.8682926829268293
splice,mlp,ZScore,remove,2,1,0.8725490196078431
splice,mlp,ZScore,remove,2,2,0.8578431372549019
splice,mlp,ZScore,remove,2,3,0.8382352941176471
splice,mlp,ZScore,remove,2,4,0.8578431372549019
splice,mlp,ZScore,remove,2,5,0.8872549019607843
splice,mlp,ZScore,remove,2,6,0.8823529411764706
splice,mlp,ZScore,remove,2,7,0.8774509803921569
splice,mlp,ZScore,remove,2,8,0.8578431372549019
splice,mlp,ZScore,remove,2,9,0.8480392156862745
splice,mlp,ZScore,clip,0,0,0.8731707317073171
splice,mlp,ZScore,clip,0,1,0.8676470588235294
splice,mlp,ZScore,clip,0,2,0.8578431372549019
splice,mlp,ZScore,clip,0,3,0.8676470588235294
splice,mlp,ZScore,clip,0,4,0.8872549019607843
splice,mlp,ZScore,clip,0,5,0.8333333333333334
splice,mlp,ZScore,clip,0,6,0.8774509803921569
splice,mlp,ZScore,clip,0,7,0.8676470588235294
splice,mlp,ZScore,clip,0,8,0.8872549019607843
splice,mlp,ZScore,clip,0,9,0.8529411764705882
splice,mlp,ZScore,clip,1,0,0.8390243902439024
splice,mlp,ZScore,clip,1,1,0.8480392156862745
splice,mlp,ZScore,clip,1,2,0.8774509803921569
splice,mlp,ZScore,clip,1,3,0.8774509803921569
splice,mlp,ZScore,clip,1,4,0.8725490196078431
splice,mlp,ZScore,clip,1,5,0.8676470588235294
splice,mlp,ZScore,clip,1,6,0.8676470588235294
splice,mlp,ZScore,clip,1,7,0.8578431372549019
splice,mlp,ZScore,clip,1,8,0.8725490196078431
splice,mlp,ZScore,clip,1,9,0.8480392156862745
splice,mlp,ZScore,clip,2,0,0.8682926829268293
splice,mlp,ZScore,clip,2,1,0.8725490196078431
splice,mlp,ZScore,clip,2,2,0.8578431372549019
splice,mlp,ZScore,clip,2,3,0.8382352941176471
splice,mlp,ZScore,clip,2,4,0.8578431372549019
splice,mlp,ZScore,clip,2,5,0.8872549019607843
splice,mlp,ZScore,clip,2,6,0.8823529411764706
splice,mlp,ZScore,clip,2,7,0.8774509803921569
splice,mlp,ZScore,clip,2,8,0.8578431372549019
splice,mlp,ZScore,clip,2,9,0.8480392156862745
splice,mlp,Percentile,remove,0,0,0.8731707317073171
splice,mlp,Percentile,remove,0,1,0.8676470588235294
splice,mlp,Percentile,remove,0,2,0.8578431372549019
splice,mlp,Percentile,remove,0,3,0.8676470588235294
splice,mlp,Percentile,remove,0,4,0.8872549019607843
splice,mlp,Percentile,remove,0,5,0.8333333333333334
splice,mlp,Percentile,remove,0,6,0.8774509803921569
splice,mlp,Percentile,remove,0,7,0.8676470588235294
splice,mlp,Percentile,remove,0,8,0.8872549019607843
splice,mlp,Percentile,remove,0,9,0.8529411764705882
splice,mlp,Percentile,remove,1,0,0.8390243902439024
splice,mlp,Percentile,remove,1,1,0.8480392156862745
splice,mlp,Percentile,remove,1,2,0.8774509803921569
splice,mlp,Percentile,remove,1,3,0.8774509803921569
splice,mlp,Percentile,remove,1,4,0.8725490196078431
splice,mlp,Percentile,remove,1,5,0.8676470588235294
splice,mlp,Percentile,remove,1,6,0.8676470588235294
splice,mlp,Percentile,remove,1,7,0.8578431372549019
splice,mlp,Percentile,remove,1,8,0.8725490196078431
splice,mlp,Percentile,remove,1,9,0.8480392156862745
splice,mlp,Percentile,remove,2,0,0.8682926829268293
splice,mlp,Percentile,remove,2,1,0.8725490196078431
splice,mlp,Percentile,remove,2,2,0.8578431372549019
splice,mlp,Percentile,remove,2,3,0.8382352941176471
splice,mlp,Percentile,remove,2,4,0.8578431372549019
splice,mlp,Percentile,remove,2,5,0.8872549019607843
splice,mlp,Percentile,remove,2,6,0.8823529411764706
splice,mlp,Percentile,remove,2,7,0.8774509803921569
splice,mlp,Percentile,remove,2,8,0.8578431372549019
splice,mlp,Percentile,remove,2,9,0.8480392156862745
splice,mlp,Percentile,clip,0,0,0.8731707317073171
splice,mlp,Percentile,clip,0,1,0.8676470588235294
splice,mlp,Percentile,clip,0,2,0.8578431372549019
splice,mlp,Percentile,clip,0,3,0.8676470588235294
splice,mlp,Percentile,clip,0,4,0.8872549019607843
splice,mlp,Percentile,clip,0,5,0.8333333333333334
splice,mlp,Percentile,clip,0,6,0.8774509803921569
splice,mlp,Percentile,clip,0,7,0.8676470588235294
splice,mlp,Percentile,clip,0,8,0.8872549019607843
splice,mlp,Percentile,clip,0,9,0.8529411764705882
splice,mlp,Percentile,clip,1,0,0.8390243902439024
splice,mlp,Percentile,clip,1,1,0.8480392156862745
splice,mlp,Percentile,clip,1,2,0.8774509803921569
splice,mlp,Percentile,clip,1,3,0.8774509803921569
splice,mlp,Percentile,clip,1,4,0.8725490196078431
splice,mlp,Percentile,clip,1,5,0.8676470588235294
splice,mlp,Percentile,clip,1,6,0.8676470588235294
splice,mlp,Percentile,clip,1,7,0.8578431372549019
splice,mlp,Percentile,clip,1,8,0.8725490196078431
splice,mlp,Percentile,clip,1,9,0.8480392156862745
splice,mlp,Percentile,clip,2,0,0.8682926829268293
splice,mlp,Percentile,clip,2,1,0.8725490196078431
splice,mlp,Percentile,clip,2,2,0.8578431372549019
splice,mlp,Percentile,clip,2,3,0.8382352941176471
splice,mlp,Percentile,clip,2,4,0.8578431372549019
splice,mlp,Percentile,clip,2,5,0.8872549019607843
splice,mlp,Percentile,clip,2,6,0.8823529411764706
splice,mlp,Percentile,clip,2,7,0.8774509803921569
splice,mlp,Percentile,clip,2,8,0.8578431372549019
splice,mlp,Percentile,clip,2,9,0.8480392156862745
splice,mlp,IsolationForest,remove,0,0,0.8634146341463415
splice,mlp,IsolationForest,remove,0,1,0.8725490196078431
splice,mlp,IsolationForest,remove,0,2,0.8627450980392157
splice,mlp,IsolationForest,remove,0,3,0.8627450980392157
splice,mlp,IsolationForest,remove,0,4,0.8921568627450981
splice,mlp,IsolationForest,remove,0,5,0.8382352941176471
splice,mlp,IsolationForest,remove,0,6,0.8725490196078431
splice,mlp,IsolationForest,remove,0,7,0.8676470588235294
splice,mlp,IsolationForest,remove,0,8,0.8823529411764706
splice,mlp,IsolationForest,remove,0,9,0.8725490196078431
splice,mlp,IsolationForest,remove,1,0,0.8292682926829268
splice,mlp,IsolationForest,remove,1,1,0.8284313725490197
splice,mlp,IsolationForest,remove,1,2,0.8725490196078431
splice,mlp,IsolationForest,remove,1,3,0.8725490196078431
splice,mlp,IsolationForest,remove,1,4,0.8529411764705882
splice,mlp,IsolationForest,remove,1,5,0.8627450980392157
splice,mlp,IsolationForest,remove,1,6,0.8578431372549019
splice,mlp,IsolationForest,remove,1,7,0.8480392156862745
splice,mlp,IsolationForest,remove,1,8,0.8970588235294118
splice,mlp,IsolationForest,remove,1,9,0.8235294117647058
splice,mlp,IsolationForest,remove,2,0,0.8536585365853658
splice,mlp,IsolationForest,remove,2,1,0.8676470588235294
splice,mlp,IsolationForest,remove,2,2,0.8284313725490197
splice,mlp,IsolationForest,remove,2,3,0.8578431372549019
splice,mlp,IsolationForest,remove,2,4,0.8578431372549019
splice,mlp,IsolationForest,remove,2,5,0.8872549019607843
splice,mlp,IsolationForest,remove,2,6,0.8676470588235294
splice,mlp,IsolationForest,remove,2,7,0.9019607843137255
splice,mlp,IsolationForest,remove,2,8,0.8627450980392157
splice,mlp,IsolationForest,remove,2,9,0.8480392156862745
splice,mlp,LOF,remove,0,0,0.8634146341463415
splice,mlp,LOF,remove,0,1,0.8774509803921569
splice,mlp,LOF,remove,0,2,0.8529411764705882
splice,mlp,LOF,remove,0,3,0.8627450980392157
splice,mlp,LOF,remove,0,4,0.8872549019607843
splice,mlp,LOF,remove,0,5,0.8382352941176471
splice,mlp,LOF,remove,0,6,0.8676470588235294
splice,mlp,LOF,remove,0,7,0.8872549019607843
splice,mlp,LOF,remove,0,8,0.8725490196078431
splice,mlp,LOF,remove,0,9,0.8627450980392157
splice,mlp,LOF,remove,1,0,0.8097560975609757
splice,mlp,LOF,remove,1,1,0.8382352941176471
splice,mlp,LOF,remove,1,2,0.8725490196078431
splice,mlp,LOF,remove,1,3,0.8676470588235294
splice,mlp,LOF,remove,1,4,0.8431372549019608
splice,mlp,LOF,remove,1,5,0.8676470588235294
splice,mlp,LOF,remove,1,6,0.8578431372549019
splice,mlp,LOF,remove,1,7,0.8480392156862745
splice,mlp,LOF,remove,1,8,0.8872549019607843
splice,mlp,LOF,remove,1,9,0.8382352941176471
splice,mlp,LOF,remove,2,0,0.8634146341463415
splice,mlp,LOF,remove,2,1,0.8578431372549019
splice,mlp,LOF,remove,2,2,0.8333333333333334
splice,mlp,LOF,remove,2,3,0.8578431372549019
splice,mlp,LOF,remove,2,4,0.8627450980392157
splice,mlp,LOF,remove,2,5,0.8921568627450981
splice,mlp,LOF,remove,2,6,0.8529411764705882
splice,mlp,LOF,remove,2,7,0.8774509803921569
splice,mlp,LOF,remove,2,8,0.8676470588235294
splice,mlp,LOF,remove,2,9,0.8382352941176471
splice,mlp,Autoencoder,remove,0,0,0.8731707317073171
splice,mlp,Autoencoder,remove,0,1,0.8725490196078431
splice,mlp,Autoencoder,remove,0,2,0.8578431372549019
splice,mlp,Autoencoder,remove,0,3,0.8676470588235294
splice,mlp,Autoencoder,remove,0,4,0.8627450980392157
splice,mlp,Autoencoder,remove,0,5,0.8137254901960784
splice,mlp,Autoencoder,remove,0,6,0.8627450980392157
splice,mlp,Autoencoder,remove,0,7,0.8774509803921569
splice,mlp,Autoencoder,remove,0,8,0.8676470588235294
splice,mlp,Autoencoder,remove,0,9,0.8578431372549019
splice,mlp,Autoencoder,remove,1,0,0.8390243902439024
splice,mlp,Autoencoder,remove,1,1,0.8578431372549019
splice,mlp,Autoencoder,remove,1,2,0.8725490196078431
splice,mlp,Autoencoder,remove,1,3,0.8627450980392157
splice,mlp,Autoencoder,remove,1,4,0.8676470588235294
splice,mlp,Autoencoder,remove,1,5,0.8480392156862745
splice,mlp,Autoencoder,remove,1,6,0.8627450980392157
splice,mlp,Autoencoder,remove,1,7,0.8627450980392157
splice,mlp,Autoencoder,remove,1,8,0.8823529411764706
splice,mlp,Autoencoder,remove,1,9,0.8382352941176471
splice,mlp,Autoencoder,remove,2,0,0.8585365853658536
splice,mlp,Autoencoder,remove,2,1,0.8676470588235294
splice,mlp,Autoencoder,remove,2,2,0.8431372549019608
splice,mlp,Autoencoder,remove,2,3,0.8529411764705882
splice,mlp,Autoencoder,remove,2,4,0.8431372549019608
splice,mlp,Autoencoder,remove,2,5,0.8872549019607843
splice,mlp,Autoencoder,remove,2,6,0.8627450980392157
splice,mlp,Autoencoder,remove,2,7,0.8823529411764706
splice,mlp,Autoencoder,remove,2,8,0.8774509803921569
splice,mlp,Autoencoder,remove,2,9,0.8382352941176471
splice,xgboost,None,remove,0,0,0.9463414634146341
splice,xgboost,None,remove,0,1,0.9607843137254902
splice,xgboost,None,remove,0,2,0.9656862745098039
splice,xgboost,None,remove,0,3,0.9558823529411765
splice,xgboost,None,remove,0,4,0.9705882352941176
splice,xgboost,None,remove,0,5,0.9705882352941176
splice,xgboost,None,remove,0,6,0.946078431372549
splice,xgboost,None,remove,0,7,0.9411764705882353
splice,xgboost,None,remove,0,8,0.9705882352941176
splice,xgboost,None,remove,0,9,0.9558823529411765
splice,xgboost,None,remove,1,0,0.9463414634146341
splice,xgboost,None,remove,1,1,0.9607843137254902
splice,xgboost,None,remove,1,2,0.9558823529411765
splice,xgboost,None,remove,1,3,0.9313725490196079
splice,xgboost,None,remove,1,4,0.9705882352941176
splice,xgboost,None,remove,1,5,0.9558823529411765
splice,xgboost,None,remove,1,6,0.9705882352941176
splice,xgboost,None,remove,1,7,0.9509803921568627
splice,xgboost,None,remove,1,8,0.9852941176470589
splice,xgboost,None,remove,1,9,0.9509803921568627
splice,xgboost,None,remove,2,0,0.9609756097560975
splice,xgboost,None,remove,2,1,0.9607843137254902
splice,xgboost,None,remove,2,2,0.9509803921568627
splice,xgboost,None,remove,2,3,0.946078431372549
splice,xgboost,None,remove,2,4,0.9509803921568627
splice,xgboost,None,remove,2,5,0.9754901960784313
splice,xgboost,None,remove,2,6,0.946078431372549
splice,xgboost,None,remove,2,7,0.9656862745098039
splice,xgboost,None,remove,2,8,0.946078431372549
splice,xgboost,None,remove,2,9,0.9656862745098039
splice,xgboost,ZScore,remove,0,0,0.9463414634146341
splice,xgboost,ZScore,remove,0,1,0.9607843137254902
splice,xgboost,ZScore,remove,0,2,0.9656862745098039
splice,xgboost,ZScore,remove,0,3,0.9558823529411765
splice,xgboost,ZScore,remove,0,4,0.9705882352941176
splice,xgboost,ZScore,remove,0,5,0.9705882352941176
splice,xgboost,ZScore,remove,0,6,0.946078431372549
splice,xgboost,ZScore,remove,0,7,0.9411764705882353
splice,xgboost,ZScore,remove,0,8,0.9705882352941176
splice,xgboost,ZScore,remove,0,9,0.9558823529411765
splice,xgboost,ZScore,remove,1,0,0.9463414634146341
splice,xgboost,ZScore,remove,1,1,0.9607843137254902
splice,xgboost,ZScore,remove,1,2,0.9558823529411765
splice,xgboost,ZScore,remove,1,3,0.9313725490196079
splice,xgboost,ZScore,remove,1,4,0.9705882352941176
splice,xgboost,ZScore,remove,1,5,0.9558823529411765
splice,xgboost,ZScore,remove,1,6,0.9705882352941176
splice,xgboost,ZScore,remove,1,7,0.9509803921568627
splice,xgboost,ZScore,remove,1,8,0.9852941176470589
splice,xgboost,ZScore,remove,1,9,0.9509803921568627
splice,xgboost,ZScore,remove,2,0,0.9609756097560975
splice,xgboost,ZScore,remove,2,1,0.9607843137254902
splice,xgboost,ZScore,remove,2,2,0.9509803921568627
splice,xgboost,ZScore,remove,2,3,0.946078431372549
splice,xgboost,ZScore,remove,2,4,0.9509803921568627
splice,xgboost,ZScore,remove,2,5,0.9754901960784313
splice,xgboost,ZScore,remove,2,6,0.946078431372549
splice,xgboost,ZScore,remove,2,7,0.9656862745098039
splice,xgboost,ZScore,remove,2,8,0.946078431372549
splice,xgboost,ZScore,remove,2,9,0.9656862745098039
splice,xgboost,ZScore,clip,0,0,0.9463414634146341
splice,xgboost,ZScore,clip,0,1,0.9607843137254902
splice,xgboost,ZScore,clip,0,2,0.9656862745098039
splice,xgboost,ZScore,clip,0,3,0.9558823529411765
splice,xgboost,ZScore,clip,0,4,0.9705882352941176
splice,xgboost,ZScore,clip,0,5,0.9705882352941176
splice,xgboost,ZScore,clip,0,6,0.946078431372549
splice,xgboost,ZScore,clip,0,7,0.9411764705882353
splice,xgboost,ZScore,clip,0,8,0.9705882352941176
splice,xgboost,ZScore,clip,0,9,0.9558823529411765
splice,xgboost,ZScore,clip,1,0,0.9463414634146341
splice,xgboost,ZScore,clip,1,1,0.9607843137254902
splice,xgboost,ZScore,clip,1,2,0.9558823529411765
splice,xgboost,ZScore,clip,1,3,0.9313725490196079
splice,xgboost,ZScore,clip,1,4,0.9705882352941176
splice,xgboost,ZScore,clip,1,5,0.9558823529411765
splice,xgboost,ZScore,clip,1,6,0.9705882352941176
splice,xgboost,ZScore,clip,1,7,0.9509803921568627
splice,xgboost,ZScore,clip,1,8,0.9852941176470589
splice,xgboost,ZScore,clip,1,9,0.9509803921568627
splice,xgboost,ZScore,clip,2,0,0.9609756097560975
splice,xgboost,ZScore,clip,2,1,0.9607843137254902
splice,xgboost,ZScore,clip,2,2,0.9509803921568627
splice,xgboost,ZScore,clip,2,3,0.946078431372549
splice,xgboost,ZScore,clip,2,4,0.9509803921568627
splice,xgboost,ZScore,clip,2,5,0.9754901960784313
splice,xgboost,ZScore,clip,2,6,0.946078431372549
splice,xgboost,ZScore,clip,2,7,0.9656862745098039
splice,xgboost,ZScore,clip,2,8,0.946078431372549
splice,xgboost,ZScore,clip,2,9,0.9656862745098039
splice,xgboost,Percentile,remove,0,0,0.9463414634146341
splice,xgboost,Percentile,remove,0,1,0.9607843137254902
splice,xgboost,Percentile,remove,0,2,0.9656862745098039
splice,xgboost,Percentile,remove,0,3,0.9558823529411765
splice,xgboost,Percentile,remove,0,4,0.9705882352941176
splice,xgboost,Percentile,remove,0,5,0.9705882352941176
splice,xgboost,Percentile,remove,0,6,0.946078431372549
splice,xgboost,Percentile,remove,0,7,0.9411764705882353
splice,xgboost,Percentile,remove,0,8,0.9705882352941176
splice,xgboost,Percentile,remove,0,9,0.9558823529411765
splice,xgboost,Percentile,remove,1,0,0.9463414634146341
splice,xgboost,Percentile,remove,1,1,0.9607843137254902
splice,xgboost,Percentile,remove,1,2,0.9558823529411765
splice,xgboost,Percentile,remove,1,3,0.9313725490196079
splice,xgboost,Percentile,remove,1,4,0.9705882352941176
splice,xgboost,Percentile,remove,1,5,0.9558823529411765
splice,xgboost,Percentile,remove,1,6,0.9705882352941176
splice,xgboost,Percentile,remove,1,7,0.9509803921568627
splice,xgboost,Percentile,remove,1,8,0.9852941176470589
splice,xgboost,Percentile,remove,1,9,0.9509803921568627
splice,xgboost,Percentile,remove,2,0,0.9609756097560975
splice,xgboost,Percentile,remove,2,1,0.9607843137254902
splice,xgboost,Percentile,remove,2,2,0.9509803921568627
splice,xgboost,Percentile,remove,2,3,0.946078431372549
splice,xgboost,Percentile,remove,2,4,0.9509803921568627
splice,xgboost,Percentile,remove,2,5,0.9754901960784313
splice,xgboost,Percentile,remove,2,6,0.946078431372549
splice,xgboost,Percentile,remove,2,7,0.9656862745098039
splice,xgboost,Percentile,remove,2,8,0.946078431372549
splice,xgboost,Percentile,remove,2,9,0.9656862745098039
splice,xgboost,Percentile,clip,0,0,0.9463414634146341
splice,xgboost,Percentile,clip,0,1,0.9607843137254902
splice,xgboost,Percentile,clip,0,2,0.9656862745098039
splice,xgboost,Percentile,clip,0,3,0.9558823529411765
splice,xgboost,Percentile,clip,0,4,0.9705882352941176
splice,xgboost,Percentile,clip,0,5,0.9705882352941176
splice,xgboost,Percentile,clip,0,6,0.946078431372549
splice,xgboost,Percentile,clip,0,7,0.9411764705882353
splice,xgboost,Percentile,clip,0,8,0.9705882352941176
splice,xgboost,Percentile,clip,0,9,0.9558823529411765
splice,xgboost,Percentile,clip,1,0,0.9463414634146341
splice,xgboost,Percentile,clip,1,1,0.9607843137254902
splice,xgboost,Percentile,clip,1,2,0.9558823529411765
splice,xgboost,Percentile,clip,1,3,0.9313725490196079
splice,xgboost,Percentile,clip,1,4,0.9705882352941176
splice,xgboost,Percentile,clip,1,5,0.9558823529411765
splice,xgboost,Percentile,clip,1,6,0.9705882352941176
splice,xgboost,Percentile,clip,1,7,0.9509803921568627
splice,xgboost,Percentile,clip,1,8,0.9852941176470589
splice,xgboost,Percentile,clip,1,9,0.9509803921568627
splice,xgboost,Percentile,clip,2,0,0.9609756097560975
splice,xgboost,Percentile,clip,2,1,0.9607843137254902
splice,xgboost,Percentile,clip,2,2,0.9509803921568627
splice,xgboost,Percentile,clip,2,3,0.946078431372549
splice,xgboost,Percentile,clip,2,4,0.9509803921568627
splice,xgboost,Percentile,clip,2,5,0.9754901960784313
splice,xgboost,Percentile,clip,2,6,0.946078431372549
splice,xgboost,Percentile,clip,2,7,0.9656862745098039
splice,xgboost,Percentile,clip,2,8,0.946078431372549
splice,xgboost,Percentile,clip,2,9,0.9656862745098039
splice,xgboost,IsolationForest,remove,0,0,0.9512195121951219
splice,xgboost,IsolationForest,remove,0,1,0.9754901960784313
splice,xgboost,IsolationForest,remove,0,2,0.9558823529411765
splice,xgboost,IsolationForest,remove,0,3,0.946078431372549
splice,xgboost,IsolationForest,remove,0,4,0.9803921568627451
splice,xgboost,IsolationForest,remove,0,5,0.9656862745098039
splice,xgboost,IsolationForest,remove,0,6,0.946078431372549
splice,xgboost,IsolationForest,remove,0,7,0.9362745098039216
splice,xgboost,IsolationForest,remove,0,8,0.9705882352941176
splice,xgboost,IsolationForest,remove,0,9,0.9607843137254902
splice,xgboost,IsolationForest,remove,1,0,0.9414634146341463
splice,xgboost,IsolationForest,remove,1,1,0.9558823529411765
splice,xgboost,IsolationForest,remove,1,2,0.9509803921568627
splice,xgboost,IsolationForest,remove,1,3,0.9313725490196079
splice,xgboost,IsolationForest,remove,1,4,0.9705882352941176
splice,xgboost,IsolationForest,remove,1,5,0.946078431372549
splice,xgboost,IsolationForest,remove,1,6,0.9558823529411765
splice,xgboost,IsolationForest,remove,1,7,0.9558823529411765
splice,xgboost,IsolationForest,remove,1,8,0.9852941176470589
splice,xgboost,IsolationForest,remove,1,9,0.9607843137254902
splice,xgboost,IsolationForest,remove,2,0,0.9609756097560975
splice,xgboost,IsolationForest,remove,2,1,0.9607843137254902
splice,xgboost,IsolationForest,remove,2,2,0.9607843137254902
splice,xgboost,IsolationForest,remove,2,3,0.9509803921568627
splice,xgboost,IsolationForest,remove,2,4,0.9607843137254902
splice,xgboost,IsolationForest,remove,2,5,0.9754901960784313
splice,xgboost,IsolationForest,remove,2,6,0.9411764705882353
splice,xgboost,IsolationForest,remove,2,7,0.9656862745098039
splice,xgboost,IsolationForest,remove,2,8,0.946078431372549
splice,xgboost,IsolationForest,remove,2,9,0.9705882352941176
splice,xgboost,LOF,remove,0,0,0.9463414634146341
splice,xgboost,LOF,remove,0,1,0.9656862745098039
splice,xgboost,LOF,remove,0,2,0.9558823529411765
splice,xgboost,LOF,remove,0,3,0.9362745098039216
splice,xgboost,LOF,remove,0,4,0.9705882352941176
splice,xgboost,LOF,remove,0,5,0.9656862745098039
splice,xgboost,LOF,remove,0,6,0.946078431372549
splice,xgboost,LOF,remove,0,7,0.9411764705882353
splice,xgboost,LOF,remove,0,8,0.9754901960784313
splice,xgboost,LOF,remove,0,9,0.9558823529411765
splice,xgboost,LOF,remove,1,0,0.9512195121951219
splice,xgboost,LOF,remove,1,1,0.9607843137254902
splice,xgboost,LOF,remove,1,2,0.946078431372549
splice,xgboost,LOF,remove,1,3,0.9362745098039216
splice,xgboost,LOF,remove,1,4,0.9656862745098039
splice,xgboost,LOF,remove,1,5,0.946078431372549
splice,xgboost,LOF,remove,1,6,0.9558823529411765
splice,xgboost,LOF,remove,1,7,0.9509803921568627
splice,xgboost,LOF,remove,1,8,0.9901960784313726
splice,xgboost,LOF,remove,1,9,0.9558823529411765
splice,xgboost,LOF,remove,2,0,0.9609756097560975
splice,xgboost,LOF,remove,2,1,0.9558823529411765
splice,xgboost,LOF,remove,2,2,0.9607843137254902
splice,xgboost,LOF,remove,2,3,0.9509803921568627
splice,xgboost,LOF,remove,2,4,0.9509803921568627
splice,xgboost,LOF,remove,2,5,0.9754901960784313
splice,xgboost,LOF,remove,2,6,0.9313725490196079
splice,xgboost,LOF,remove,2,7,0.9754901960784313
splice,xgboost,LOF,remove,2,8,0.946078431372549
splice,xgboost,LOF,remove,2,9,0.9656862745098039
splice,xgboost,Autoencoder,remove,0,0,0.9414634146341463
splice,xgboost,Autoencoder,remove,0,1,0.9754901960784313
splice,xgboost,Autoencoder,remove,0,2,0.9607843137254902
splice,xgboost,Autoencoder,remove,0,3,0.9558823529411765
splice,xgboost,Autoencoder,remove,0,4,0.9656862745098039
splice,xgboost,Autoencoder,remove,0,5,0.9705882352941176
splice,xgboost,Autoencoder,remove,0,6,0.946078431372549
splice,xgboost,Autoencoder,remove,0,7,0.9362745098039216
splice,xgboost,Autoencoder,remove,0,8,0.9705882352941176
splice,xgboost,Autoencoder,remove,0,9,0.9656862745098039
splice,xgboost,Autoencoder,remove,1,0,0.9414634146341463
splice,xgboost,Autoencoder,remove,1,1,0.9607843137254902
splice,xgboost,Autoencoder,remove,1,2,0.9558823529411765
splice,xgboost,Autoencoder,remove,1,3,0.9362745098039216
splice,xgboost,Autoencoder,remove,1,4,0.9656862745098039
splice,xgboost,Autoencoder,remove,1,5,0.946078431372549
splice,xgboost,Autoencoder,remove,1,6,0.9607843137254902
splice,xgboost,Autoencoder,remove,1,7,0.946078431372549
splice,xgboost,Autoencoder,remove,1,8,0.9901960784313726
splice,xgboost,Autoencoder,remove,1,9,0.9607843137254902
splice,xgboost,Autoencoder,remove,2,0,0.9609756097560975
splice,xgboost,Autoencoder,remove,2,1,0.9558823529411765
splice,xgboost,Autoencoder,remove,2,2,0.9656862745098039
splice,xgboost,Autoencoder,remove,2,3,0.946078431372549
splice,xgboost,Autoencoder,remove,2,4,0.9509803921568627
splice,xgboost,Autoencoder,remove,2,5,0.9754901960784313
splice,xgboost,Autoencoder,remove,2,6,0.9411764705882353
splice,xgboost,Autoencoder,remove,2,7,0.9607843137254902
splice,xgboost,Autoencoder,remove,2,8,0.9411764705882353
splice,xgboost,Autoencoder,remove,2,9,0.9656862745098039
splice,randomforest,None,remove,0,0,0.975609756097561
splice,randomforest,None,remove,0,1,0.9558823529411765
splice,randomforest,None,remove,0,2,0.946078431372549
splice,randomforest,None,remove,0,3,0.946078431372549
splice,randomforest,None,remove,0,4,0.9411764705882353
splice,randomforest,None,remove,0,5,0.946078431372549
splice,randomforest,None,remove,0,6,0.9411764705882353
splice,randomforest,None,remove,0,7,0.9313725490196079
splice,randomforest,None,remove,0,8,0.946078431372549
splice,randomforest,None,remove,0,9,0.9509803921568627
splice,randomforest,None,remove,1,0,0.9219512195121952
splice,randomforest,None,remove,1,1,0.9607843137254902
splice,randomforest,None,remove,1,2,0.946078431372549
splice,randomforest,None,remove,1,3,0.9362745098039216
splice,randomforest,None,remove,1,4,0.946078431372549
splice,randomforest,None,remove,1,5,0.9411764705882353
splice,randomforest,None,remove,1,6,0.946078431372549
splice,randomforest,None,remove,1,7,0.9509803921568627
splice,randomforest,None,remove,1,8,0.9754901960784313
splice,randomforest,None,remove,1,9,0.9411764705882353
splice,randomforest,None,remove,2,0,0.9365853658536586
splice,randomforest,None,remove,2,1,0.9411764705882353
splice,randomforest,None,remove,2,2,0.9754901960784313
splice,randomforest,None,remove,2,3,0.9264705882352942
splice,randomforest,None,remove,2,4,0.946078431372549
splice,randomforest,None,remove,2,5,0.9803921568627451
splice,randomforest,None,remove,2,6,0.9558823529411765
splice,randomforest,None,remove,2,7,0.9607843137254902
splice,randomforest,None,remove,2,8,0.9411764705882353
splice,randomforest,None,remove,2,9,0.946078431372549
splice,randomforest,ZScore,remove,0,0,0.975609756097561
splice,randomforest,ZScore,remove,0,1,0.9558823529411765
splice,randomforest,ZScore,remove,0,2,0.946078431372549
splice,randomforest,ZScore,remove,0,3,0.946078431372549
splice,randomforest,ZScore,remove,0,4,0.9411764705882353
splice,randomforest,ZScore,remove,0,5,0.946078431372549
splice,randomforest,ZScore,remove,0,6,0.9411764705882353
splice,randomforest,ZScore,remove,0,7,0.9313725490196079
splice,randomforest,ZScore,remove,0,8,0.946078431372549
splice,randomforest,ZScore,remove,0,9,0.9509803921568627
splice,randomforest,ZScore,remove,1,0,0.9219512195121952
splice,randomforest,ZScore,remove,1,1,0.9607843137254902
splice,randomforest,ZScore,remove,1,2,0.946078431372549
splice,randomforest,ZScore,remove,1,3,0.9362745098039216
splice,randomforest,ZScore,remove,1,4,0.946078431372549
splice,randomforest,ZScore,remove,1,5,0.9411764705882353
splice,randomforest,ZScore,remove,1,6,0.946078431372549
splice,randomforest,ZScore,remove,1,7,0.9509803921568627
splice,randomforest,ZScore,remove,1,8,0.9754901960784313
splice,randomforest,ZScore,remove,1,9,0.9411764705882353
splice,randomforest,ZScore,remove,2,0,0.9365853658536586
splice,randomforest,ZScore,remove,2,1,0.9411764705882353
splice,randomforest,ZScore,remove,2,2,0.9754901960784313
splice,randomforest,ZScore,remove,2,3,0.9264705882352942
splice,randomforest,ZScore,remove,2,4,0.946078431372549
splice,randomforest,ZScore,remove,2,5,0.9803921568627451
splice,randomforest,ZScore,remove,2,6,0.9558823529411765
splice,randomforest,ZScore,remove,2,7,0.9607843137254902
splice,randomforest,ZScore,remove,2,8,0.9411764705882353
splice,randomforest,ZScore,remove,2,9,0.946078431372549
splice,randomforest,ZScore,clip,0,0,0.975609756097561
splice,randomforest,ZScore,clip,0,1,0.9558823529411765
splice,randomforest,ZScore,clip,0,2,0.946078431372549
splice,randomforest,ZScore,clip,0,3,0.946078431372549
splice,randomforest,ZScore,clip,0,4,0.9411764705882353
splice,randomforest,ZScore,clip,0,5,0.946078431372549
splice,randomforest,ZScore,clip,0,6,0.9411764705882353
splice,randomforest,ZScore,clip,0,7,0.9313725490196079
splice,randomforest,ZScore,clip,0,8,0.946078431372549
splice,randomforest,ZScore,clip,0,9,0.9509803921568627
splice,randomforest,ZScore,clip,1,0,0.9219512195121952
splice,randomforest,ZScore,clip,1,1,0.9607843137254902
splice,randomforest,ZScore,clip,1,2,0.946078431372549
splice,randomforest,ZScore,clip,1,3,0.9362745098039216
splice,randomforest,ZScore,clip,1,4,0.946078431372549
splice,randomforest,ZScore,clip,1,5,0.9411764705882353
splice,randomforest,ZScore,clip,1,6,0.946078431372549
splice,randomforest,ZScore,clip,1,7,0.9509803921568627
splice,randomforest,ZScore,clip,1,8,0.9754901960784313
splice,randomforest,ZScore,clip,1,9,0.9411764705882353
splice,randomforest,ZScore,clip,2,0,0.9365853658536586
splice,randomforest,ZScore,clip,2,1,0.9411764705882353
splice,randomforest,ZScore,clip,2,2,0.9754901960784313
splice,randomforest,ZScore,clip,2,3,0.9264705882352942
splice,randomforest,ZScore,clip,2,4,0.946078431372549
splice,randomforest,ZScore,clip,2,5,0.9803921568627451
splice,randomforest,ZScore,clip,2,6,0.9558823529411765
splice,randomforest,ZScore,clip,2,7,0.9607843137254902
splice,randomforest,ZScore,clip,2,8,0.9411764705882353
splice,randomforest,ZScore,clip,2,9,0.946078431372549
splice,randomforest,Percentile,remove,0,0,0.975609756097561
splice,randomforest,Percentile,remove,0,1,0.9558823529411765
splice,randomforest,Percentile,remove,0,2,0.946078431372549
splice,randomforest,Percentile,remove,0,3,0.946078431372549
splice,randomforest,Percentile,remove,0,4,0.9411764705882353
splice,randomforest,Percentile,remove,0,5,0.946078431372549
splice,randomforest,Percentile,remove,0,6,0.9411764705882353
splice,randomforest,Percentile,remove,0,7,0.9313725490196079
splice,randomforest,Percentile,remove,0,8,0.946078431372549
splice,randomforest,Percentile,remove,0,9,0.9509803921568627
splice,randomforest,Percentile,remove,1,0,0.9219512195121952
splice,randomforest,Percentile,remove,1,1,0.9607843137254902
splice,randomforest,Percentile,remove,1,2,0.946078431372549
splice,randomforest,Percentile,remove,1,3,0.9362745098039216
splice,randomforest,Percentile,remove,1,4,0.946078431372549
splice,randomforest,Percentile,remove,1,5,0.9411764705882353
splice,randomforest,Percentile,remove,1,6,0.946078431372549
splice,randomforest,Percentile,remove,1,7,0.9509803921568627
splice,randomforest,Percentile,remove,1,8,0.9754901960784313
splice,randomforest,Percentile,remove,1,9,0.9411764705882353
splice,randomforest,Percentile,remove,2,0,0.9365853658536586
splice,randomforest,Percentile,remove,2,1,0.9411764705882353
splice,randomforest,Percentile,remove,2,2,0.9754901960784313
splice,randomforest,Percentile,remove,2,3,0.9264705882352942
splice,randomforest,Percentile,remove,2,4,0.946078431372549
splice,randomforest,Percentile,remove,2,5,0.9803921568627451
splice,randomforest,Percentile,remove,2,6,0.9558823529411765
splice,randomforest,Percentile,remove,2,7,0.9607843137254902
splice,randomforest,Percentile,remove,2,8,0.9411764705882353
splice,randomforest,Percentile,remove,2,9,0.946078431372549
splice,randomforest,Percentile,clip,0,0,0.975609756097561
splice,randomforest,Percentile,clip,0,1,0.9558823529411765
splice,randomforest,Percentile,clip,0,2,0.946078431372549
splice,randomforest,Percentile,clip,0,3,0.946078431372549
splice,randomforest,Percentile,clip,0,4,0.9411764705882353
splice,randomforest,Percentile,clip,0,5,0.946078431372549
splice,randomforest,Percentile,clip,0,6,0.9411764705882353
splice,randomforest,Percentile,clip,0,7,0.9313725490196079
splice,randomforest,Percentile,clip,0,8,0.946078431372549
splice,randomforest,Percentile,clip,0,9,0.9509803921568627
splice,randomforest,Percentile,clip,1,0,0.9219512195121952
splice,randomforest,Percentile,clip,1,1,0.9607843137254902
splice,randomforest,Percentile,clip,1,2,0.946078431372549
splice,randomforest,Percentile,clip,1,3,0.9362745098039216
splice,randomforest,Percentile,clip,1,4,0.946078431372549
splice,randomforest,Percentile,clip,1,5,0.9411764705882353
splice,randomforest,Percentile,clip,1,6,0.946078431372549
splice,randomforest,Percentile,clip,1,7,0.9509803921568627
splice,randomforest,Percentile,clip,1,8,0.9754901960784313
splice,randomforest,Percentile,clip,1,9,0.9411764705882353
splice,randomforest,Percentile,clip,2,0,0.9365853658536586
splice,randomforest,Percentile,clip,2,1,0.9411764705882353
splice,randomforest,Percentile,clip,2,2,0.9754901960784313
splice,randomforest,Percentile,clip,2,3,0.9264705882352942
splice,randomforest,Percentile,clip,2,4,0.946078431372549
splice,randomforest,Percentile,clip,2,5,0.9803921568627451
splice,randomforest,Percentile,clip,2,6,0.9558823529411765
splice,randomforest,Percentile,clip,2,7,0.9607843137254902
splice,randomforest,Percentile,clip,2,8,0.9411764705882353
splice,randomforest,Percentile,clip,2,9,0.946078431372549
splice,randomforest,IsolationForest,remove,0,0,0.9609756097560975
splice,randomforest,IsolationForest,remove,0,1,0.946078431372549
splice,randomforest,IsolationForest,remove,0,2,0.9411764705882353
splice,randomforest,IsolationForest,remove,0,3,0.9313725490196079
splice,randomforest,IsolationForest,remove,0,4,0.9558823529411765
splice,randomforest,IsolationForest,remove,0,5,0.946078431372549
splice,randomforest,IsolationForest,remove,0,6,0.9411764705882353
splice,randomforest,IsolationForest,remove,0,7,0.9068627450980392
splice,randomforest,IsolationForest,remove,0,8,0.9558823529411765
splice,randomforest,IsolationForest,remove,0,9,0.9656862745098039
splice,randomforest,IsolationForest,remove,1,0,0.926829268292683
splice,randomforest,IsolationForest,remove,1,1,0.9607843137254902
splice,randomforest,IsolationForest,remove,1,2,0.946078431372549
splice,randomforest,IsolationForest,remove,1,3,0.9215686274509803
splice,randomforest,IsolationForest,remove,1,4,0.9509803921568627
splice,randomforest,IsolationForest,remove,1,5,0.9558823529411765
splice,randomforest,IsolationForest,remove,1,6,0.9411764705882353
splice,randomforest,IsolationForest,remove,1,7,0.946078431372549
splice,randomforest,IsolationForest,remove,1,8,0.9705882352941176
splice,randomforest,IsolationForest,remove,1,9,0.9558823529411765
splice,randomforest,IsolationForest,remove,2,0,0.9365853658536586
splice,randomforest,IsolationForest,remove,2,1,0.9362745098039216
splice,randomforest,IsolationForest,remove,2,2,0.9607843137254902
splice,randomforest,IsolationForest,remove,2,3,0.9215686274509803
splice,randomforest,IsolationForest,remove,2,4,0.946078431372549
splice,randomforest,IsolationForest,remove,2,5,0.9705882352941176
splice,randomforest,IsolationForest,remove,2,6,0.9411764705882353
splice,randomforest,IsolationForest,remove,2,7,0.9558823529411765
splice,randomforest,IsolationForest,remove,2,8,0.9607843137254902
splice,randomforest,IsolationForest,remove,2,9,0.9313725490196079
splice,randomforest,LOF,remove,0,0,0.9658536585365853
splice,randomforest,LOF,remove,0,1,0.9607843137254902
splice,randomforest,LOF,remove,0,2,0.946078431372549
splice,randomforest,LOF,remove,0,3,0.9313725490196079
splice,randomforest,LOF,remove,0,4,0.946078431372549
splice,randomforest,LOF,remove,0,5,0.9411764705882353
splice,randomforest,LOF,remove,0,6,0.946078431372549
splice,randomforest,LOF,remove,0,7,0.946078431372549
splice,randomforest,LOF,remove,0,8,0.9705882352941176
splice,randomforest,LOF,remove,0,9,0.9607843137254902
splice,randomforest,LOF,remove,1,0,0.9512195121951219
splice,randomforest,LOF,remove,1,1,0.9656862745098039
splice,randomforest,LOF,remove,1,2,0.946078431372549
splice,randomforest,LOF,remove,1,3,0.9313725490196079
splice,randomforest,LOF,remove,1,4,0.9509803921568627
splice,randomforest,LOF,remove,1,5,0.9558823529411765
splice,randomforest,LOF,remove,1,6,0.9362745098039216
splice,randomforest,LOF,remove,1,7,0.9558823529411765
splice,randomforest,LOF,remove,1,8,0.9607843137254902
splice,randomforest,LOF,remove,1,9,0.946078431372549
splice,randomforest,LOF,remove,2,0,0.9317073170731708
splice,randomforest,LOF,remove,2,1,0.9509803921568627
splice,randomforest,LOF,remove,2,2,0.9656862745098039
splice,randomforest,LOF,remove,2,3,0.9264705882352942
splice,randomforest,LOF,remove,2,4,0.9509803921568627
splice,randomforest,LOF,remove,2,5,0.9656862745098039
splice,randomforest,LOF,remove,2,6,0.946078431372549
splice,randomforest,LOF,remove,2,7,0.9509803921568627
splice,randomforest,LOF,remove,2,8,0.9362745098039216
splice,randomforest,LOF,remove,2,9,0.946078431372549
splice,randomforest,Autoencoder,remove,0,0,0.9609756097560975
splice,randomforest,Autoencoder,remove,0,1,0.9558823529411765
splice,randomforest,Autoencoder,remove,0,2,0.9264705882352942
splice,randomforest,Autoencoder,remove,0,3,0.9411764705882353
splice,randomforest,Autoencoder,remove,0,4,0.9509803921568627
splice,randomforest,Autoencoder,remove,0,5,0.9313725490196079
splice,randomforest,Autoencoder,remove,0,6,0.946078431372549
splice,randomforest,Autoencoder,remove,0,7,0.9264705882352942
splice,randomforest,Autoencoder,remove,0,8,0.9558823529411765
splice,randomforest,Autoencoder,remove,0,9,0.9607843137254902
splice,randomforest,Autoencoder,remove,1,0,0.9560975609756097
splice,randomforest,Autoencoder,remove,1,1,0.9705882352941176
splice,randomforest,Autoencoder,remove,1,2,0.9411764705882353
splice,randomforest,Autoencoder,remove,1,3,0.9264705882352942
splice,randomforest,Autoencoder,remove,1,4,0.9411764705882353
splice,randomforest,Autoencoder,remove,1,5,0.9509803921568627
splice,randomforest,Autoencoder,remove,1,6,0.9264705882352942
splice,randomforest,Autoencoder,remove,1,7,0.946078431372549
splice,randomforest,Autoencoder,remove,1,8,0.9852941176470589
splice,randomforest,Autoencoder,remove,1,9,0.9362745098039216
splice,randomforest,Autoencoder,remove,2,0,0.9365853658536586
splice,randomforest,Autoencoder,remove,2,1,0.9607843137254902
splice,randomforest,Autoencoder,remove,2,2,0.9607843137254902
splice,randomforest,Autoencoder,remove,2,3,0.9362745098039216
splice,randomforest,Autoencoder,remove,2,4,0.9509803921568627
splice,randomforest,Autoencoder,remove,2,5,0.9754901960784313
splice,randomforest,Autoencoder,remove,2,6,0.9362745098039216
splice,randomforest,Autoencoder,remove,2,7,0.9411764705882353
splice,randomforest,Autoencoder,remove,2,8,0.946078431372549
splice,randomforest,Autoencoder,remove,2,9,0.9362745098039216
vehicle,mlp,None,remove,0,0,0.8148148148148148
vehicle,mlp,None,remove,0,1,0.7777777777777778
vehicle,mlp,None,remove,0,2,0.7407407407407407
vehicle,mlp,None,remove,0,3,0.9074074074074074
vehicle,mlp,None,remove,0,4,0.8518518518518519
vehicle,mlp,None,remove,0,5,0.8148148148148148
vehicle,mlp,None,remove,0,6,0.7962962962962963
vehicle,mlp,None,remove,0,7,0.8703703703703703
vehicle,mlp,None,remove,0,8,0.8703703703703703
vehicle,mlp,None,remove,0,9,0.8888888888888888
vehicle,mlp,None,remove,1,0,0.8703703703703703
vehicle,mlp,None,remove,1,1,0.7222222222222222
vehicle,mlp,None,remove,1,2,0.8518518518518519
vehicle,mlp,None,remove,1,3,0.7592592592592593
vehicle,mlp,None,remove,1,4,0.9074074074074074
vehicle,mlp,None,remove,1,5,0.8333333333333334
vehicle,mlp,None,remove,1,6,0.9074074074074074
vehicle,mlp,None,remove,1,7,0.8518518518518519
vehicle,mlp,None,remove,1,8,0.7222222222222222
vehicle,mlp,None,remove,1,9,0.8518518518518519
vehicle,mlp,None,remove,2,0,0.8333333333333334
vehicle,mlp,None,remove,2,1,0.8333333333333334
vehicle,mlp,None,remove,2,2,0.8333333333333334
vehicle,mlp,None,remove,2,3,0.8333333333333334
vehicle,mlp,None,remove,2,4,0.7777777777777778
vehicle,mlp,None,remove,2,5,0.7962962962962963
vehicle,mlp,None,remove,2,6,0.8148148148148148
vehicle,mlp,None,remove,2,7,0.7962962962962963
vehicle,mlp,None,remove,2,8,0.7962962962962963
vehicle,mlp,None,remove,2,9,0.8333333333333334
vehicle,mlp,ZScore,remove,0,0,0.7962962962962963
vehicle,mlp,ZScore,remove,0,1,0.8148148148148148
vehicle,mlp,ZScore,remove,0,2,0.7407407407407407
vehicle,mlp,ZScore,remove,0,3,0.9074074074074074
vehicle,mlp,ZScore,remove,0,4,0.8333333333333334
vehicle,mlp,ZScore,remove,0,5,0.8148148148148148
vehicle,mlp,ZScore,remove,0,6,0.7962962962962963
vehicle,mlp,ZScore,remove,0,7,0.8703703703703703
vehicle,mlp,ZScore,remove,0,8,0.8148148148148148
vehicle,mlp,ZScore,remove,0,9,0.8333333333333334
vehicle,mlp,ZScore,remove,1,0,0.8333333333333334
vehicle,mlp,ZScore,remove,1,1,0.7407407407407407
vehicle,mlp,ZScore,remove,1,2,0.8703703703703703
vehicle,mlp,ZScore,remove,1,3,0.8148148148148148
vehicle,mlp,ZScore,remove,1,4,0.8888888888888888
vehicle,mlp,ZScore,remove,1,5,0.8333333333333334
vehicle,mlp,ZScore,remove,1,6,0.8518518518518519
vehicle,mlp,ZScore,remove,1,7,0.8518518518518519
vehicle,mlp,ZScore,remove,1,8,0.7407407407407407
vehicle,mlp,ZScore,remove,1,9,0.8333333333333334
vehicle,mlp,ZScore,remove,2,0,0.8333333333333334
vehicle,mlp,ZScore,remove,2,1,0.8518518518518519
vehicle,mlp,ZScore,remove,2,2,0.8148148148148148
vehicle,mlp,ZScore,remove,2,3,0.8518518518518519
vehicle,mlp,ZScore,remove,2,4,0.7962962962962963
vehicle,mlp,ZScore,remove,2,5,0.7777777777777778
vehicle,mlp,ZScore,remove,2,6,0.7962962962962963
vehicle,mlp,ZScore,remove,2,7,0.7037037037037037
vehicle,mlp,ZScore,remove,2,8,0.8148148148148148
vehicle,mlp,ZScore,remove,2,9,0.8333333333333334
vehicle,mlp,ZScore,clip,0,0,0.8333333333333334
vehicle,mlp,ZScore,clip,0,1,0.7777777777777778
vehicle,mlp,ZScore,clip,0,2,0.7407407407407407
vehicle,mlp,ZScore,clip,0,3,0.9074074074074074
vehicle,mlp,ZScore,clip,0,4,0.8333333333333334
vehicle,mlp,ZScore,clip,0,5,0.8333333333333334
vehicle,mlp,ZScore,clip,0,6,0.7962962962962963
vehicle,mlp,ZScore,clip,0,7,0.8703703703703703
vehicle,mlp,ZScore,clip,0,8,0.8703703703703703
vehicle,mlp,ZScore,clip,0,9,0.8703703703703703
vehicle,mlp,ZScore,clip,1,0,0.8703703703703703
vehicle,mlp,ZScore,clip,1,1,0.7407407407407407
vehicle,mlp,ZScore,clip,1,2,0.8703703703703703
vehicle,mlp,ZScore,clip,1,3,0.7592592592592593
vehicle,mlp,ZScore,clip,1,4,0.8703703703703703
vehicle,mlp,ZScore,clip,1,5,0.8518518518518519
vehicle,mlp,ZScore,clip,1,6,0.8703703703703703
vehicle,mlp,ZScore,clip,1,7,0.8518518518518519
vehicle,mlp,ZScore,clip,1,8,0.7037037037037037
vehicle,mlp,ZScore,clip,1,9,0.8703703703703703
vehicle,mlp,ZScore,clip,2,0,0.8333333333333334
vehicle,mlp,ZScore,clip,2,1,0.8518518518518519
vehicle,mlp,ZScore,clip,2,2,0.8518518518518519
vehicle,mlp,ZScore,clip,2,3,0.8518518518518519
vehicle,mlp,ZScore,clip,2,4,0.8148148148148148
vehicle,mlp,ZScore,clip,2,5,0.7962962962962963
vehicle,mlp,ZScore,clip,2,6,0.8333333333333334
vehicle,mlp,ZScore,clip,2,7,0.7592592592592593
vehicle,mlp,ZScore,clip,2,8,0.7962962962962963
vehicle,mlp,ZScore,clip,2,9,0.8888888888888888
vehicle,mlp,Percentile,remove,0,0,0.7777777777777778
vehicle,mlp,Percentile,remove,0,1,0.7592592592592593
vehicle,mlp,Percentile,remove,0,2,0.6666666666666666
vehicle,mlp,Percentile,remove,0,3,0.8148148148148148
vehicle,mlp,Percentile,remove,0,4,0.8148148148148148
vehicle,mlp,Percentile,remove,0,5,0.7222222222222222
vehicle,mlp,Percentile,remove,0,6,0.7037037037037037
vehicle,mlp,Percentile,remove,0,7,0.8518518518518519
vehicle,mlp,Percentile,remove,0,8,0.7222222222222222
vehicle,mlp,Percentile,remove,0,9,0.7777777777777778
vehicle,mlp,Percentile,remove,1,0,0.8703703703703703
vehicle,mlp,Percentile,remove,1,1,0.6666666666666666
vehicle,mlp,Percentile,remove,1,2,0.7592592592592593
vehicle,mlp,Percentile,remove,1,3,0.6296296296296297
vehicle,mlp,Percentile,remove,1,4,0.8148148148148148
vehicle,mlp,Percentile,remove,1,5,0.6851851851851852
vehicle,mlp,Percentile,remove,1,6,0.8148148148148148
vehicle,mlp,Percentile,remove,1,7,0.7037037037037037
vehicle,mlp,Percentile,remove,1,8,0.6666666666666666
vehicle,mlp,Percentile,remove,1,9,0.8518518518518519
vehicle,mlp,Percentile,remove,2,0,0.7222222222222222
vehicle,mlp,Percentile,remove,2,1,0.7037037037037037
vehicle,mlp,Percentile,remove,2,2,0.8333333333333334
vehicle,mlp,Percentile,remove,2,3,0.7592592592592593
vehicle,mlp,Percentile,remove,2,4,0.6851851851851852
vehicle,mlp,Percentile,remove,2,5,0.7592592592592593
vehicle,mlp,Percentile,remove,2,6,0.7407407407407407
vehicle,mlp,Percentile,remove,2,7,0.6296296296296297
vehicle,mlp,Percentile,remove,2,8,0.7407407407407407
vehicle,mlp,Percentile,remove,2,9,0.7592592592592593
vehicle,mlp,Percentile,clip,0,0,0.8333333333333334
vehicle,mlp,Percentile,clip,0,1,0.7222222222222222
vehicle,mlp,Percentile,clip,0,2,0.7407407407407407
vehicle,mlp,Percentile,clip,0,3,0.8888888888888888
vehicle,mlp,Percentile,clip,0,4,0.8518518518518519
vehicle,mlp,Percentile,clip,0,5,0.7592592592592593
vehicle,mlp,Percentile,clip,0,6,0.7407407407407407
vehicle,mlp,Percentile,clip,0,7,0.8518518518518519
vehicle,mlp,Percentile,clip,0,8,0.8148148148148148
vehicle,mlp,Percentile,clip,0,9,0.8333333333333334
vehicle,mlp,Percentile,clip,1,0,0.8518518518518519
vehicle,mlp,Percentile,clip,1,1,0.7222222222222222
vehicle,mlp,Percentile,clip,1,2,0.8333333333333334
vehicle,mlp,Percentile,clip,1,3,0.7777777777777778
vehicle,mlp,Percentile,clip,1,4,0.7962962962962963
vehicle,mlp,Percentile,clip,1,5,0.8888888888888888
vehicle,mlp,Percentile,clip,1,6,0.8518518518518519
vehicle,mlp,Percentile,clip,1,7,0.8518518518518519
vehicle,mlp,Percentile,clip,1,8,0.7037037037037037
vehicle,mlp,Percentile,clip,1,9,0.8518518518518519
vehicle,mlp,Percentile,clip,2,0,0.8518518518518519
vehicle,mlp,Percentile,clip,2,1,0.8518518518518519
vehicle,mlp,Percentile,clip,2,2,0.8703703703703703
vehicle,mlp,Percentile,clip,2,3,0.8333333333333334
vehicle,mlp,Percentile,clip,2,4,0.7592592592592593
vehicle,mlp,Percentile,clip,2,5,0.8148148148148148
vehicle,mlp,Percentile,clip,2,6,0.7777777777777778
vehicle,mlp,Percentile,clip,2,7,0.7407407407407407
vehicle,mlp,Percentile,clip,2,8,0.7777777777777778
vehicle,mlp,Percentile,clip,2,9,0.7962962962962963
vehicle,mlp,IsolationForest,remove,0,0,0.8333333333333334
vehicle,mlp,IsolationForest,remove,0,1,0.7592592592592593
vehicle,mlp,IsolationForest,remove,0,2,0.7407407407407407
vehicle,mlp,IsolationForest,remove,0,3,0.9444444444444444
vehicle,mlp,IsolationForest,remove,0,4,0.8518518518518519
vehicle,mlp,IsolationForest,remove,0,5,0.8148148148148148
vehicle,mlp,IsolationForest,remove,0,6,0.7592592592592593
vehicle,mlp,IsolationForest,remove,0,7,0.8888888888888888
vehicle,mlp,IsolationForest,remove,0,8,0.8148148148148148
vehicle,mlp,IsolationForest,remove,0,9,0.8333333333333334
vehicle,mlp,IsolationForest,remove,1,0,0.8518518518518519
vehicle,mlp,IsolationForest,remove,1,1,0.7407407407407407
vehicle,mlp,IsolationForest,remove,1,2,0.8703703703703703
vehicle,mlp,IsolationForest,remove,1,3,0.7962962962962963
vehicle,mlp,IsolationForest,remove,1,4,0.8888888888888888
vehicle,mlp,IsolationForest,remove,1,5,0.8333333333333334
vehicle,mlp,IsolationForest,remove,1,6,0.8518518518518519
vehicle,mlp,IsolationForest,remove,1,7,0.8333333333333334
vehicle,mlp,IsolationForest,remove,1,8,0.7407407407407407
vehicle,mlp,IsolationForest,remove,1,9,0.8333333333333334
vehicle,mlp,IsolationForest,remove,2,0,0.8148148148148148
vehicle,mlp,IsolationForest,remove,2,1,0.8518518518518519
vehicle,mlp,IsolationForest,remove,2,2,0.8148148148148148
vehicle,mlp,IsolationForest,remove,2,3,0.8518518518518519
vehicle,mlp,IsolationForest,remove,2,4,0.7777777777777778
vehicle,mlp,IsolationForest,remove,2,5,0.8148148148148148
vehicle,mlp,IsolationForest,remove,2,6,0.8148148148148148
vehicle,mlp,IsolationForest,remove,2,7,0.7962962962962963
vehicle,mlp,IsolationForest,remove,2,8,0.7962962962962963
vehicle,mlp,IsolationForest,remove,2,9,0.8333333333333334
vehicle,mlp,LOF,remove,0,0,0.8333333333333334
vehicle,mlp,LOF,remove,0,1,0.7777777777777778
vehicle,mlp,LOF,remove,0,2,0.7407407407407407
vehicle,mlp,LOF,remove,0,3,0.9074074074074074
vehicle,mlp,LOF,remove,0,4,0.8148148148148148
vehicle,mlp,LOF,remove,0,5,0.7962962962962963
vehicle,mlp,LOF,remove,0,6,0.7592592592592593
vehicle,mlp,LOF,remove,0,7,0.8888888888888888
vehicle,mlp,LOF,remove,0,8,0.7592592592592593
vehicle,mlp,LOF,remove,0,9,0.8333333333333334
vehicle,mlp,LOF,remove,1,0,0.8518518518518519
vehicle,mlp,LOF,remove,1,1,0.7222222222222222
vehicle,mlp,LOF,remove,1,2,0.8518518518518519
vehicle,mlp,LOF,remove,1,3,0.7407407407407407
vehicle,mlp,LOF,remove,1,4,0.8518518518518519
vehicle,mlp,LOF,remove,1,5,0.8333333333333334
vehicle,mlp,LOF,remove,1,6,0.8703703703703703
vehicle,mlp,LOF,remove,1,7,0.8333333333333334
vehicle,mlp,LOF,remove,1,8,0.7037037037037037
vehicle,mlp,LOF,remove,1,9,0.8333333333333334
vehicle,mlp,LOF,remove,2,0,0.8148148148148148
vehicle,mlp,LOF,remove,2,1,0.8518518518518519
vehicle,mlp,LOF,remove,2,2,0.7777777777777778
vehicle,mlp,LOF,remove,2,3,0.7962962962962963
vehicle,mlp,LOF,remove,2,4,0.7407407407407407
vehicle,mlp,LOF,remove,2,5,0.7962962962962963
vehicle,mlp,LOF,remove,2,6,0.8333333333333334
vehicle,mlp,LOF,remove,2,7,0.7777777777777778
vehicle,mlp,LOF,remove,2,8,0.8148148148148148
vehicle,mlp,LOF,remove,2,9,0.8148148148148148
vehicle,mlp,Autoencoder,remove,0,0,0.8333333333333334
vehicle,mlp,Autoencoder,remove,0,1,0.7592592592592593
vehicle,mlp,Autoencoder,remove,0,2,0.7407407407407407
vehicle,mlp,Autoencoder,remove,0,3,0.9259259259259259
vehicle,mlp,Autoencoder,remove,0,4,0.8333333333333334
vehicle,mlp,Autoencoder,remove,0,5,0.8333333333333334
vehicle,mlp,Autoencoder,remove,0,6,0.7777777777777778
vehicle,mlp,Autoencoder,remove,0,7,0.8703703703703703
vehicle,mlp,Autoencoder,remove,0,8,0.8518518518518519
vehicle,mlp,Autoencoder,remove,0,9,0.8518518518518519
vehicle,mlp,Autoencoder,remove,1,0,0.8703703703703703
vehicle,mlp,Autoencoder,remove,1,1,0.7407407407407407
vehicle,mlp,Autoencoder,remove,1,2,0.8518518518518519
vehicle,mlp,Autoencoder,remove,1,3,0.7592592592592593
vehicle,mlp,Autoencoder,remove,1,4,0.9074074074074074
vehicle,mlp,Autoencoder,remove,1,5,0.8333333333333334
vehicle,mlp,Autoencoder,remove,1,6,0.8518518518518519
vehicle,mlp,Autoencoder,remove,1,7,0.8333333333333334
vehicle,mlp,Autoencoder,remove,1,8,0.7222222222222222
vehicle,mlp,Autoencoder,remove,1,9,0.8518518518518519
vehicle,mlp,Autoencoder,remove,2,0,0.8518518518518519
vehicle,mlp,Autoencoder,remove,2,1,0.8518518518518519
vehicle,mlp,Autoencoder,remove,2,2,0.7962962962962963
vehicle,mlp,Autoencoder,remove,2,3,0.8333333333333334
vehicle,mlp,Autoencoder,remove,2,4,0.7777777777777778
vehicle,mlp,Autoencoder,remove,2,5,0.7777777777777778
vehicle,mlp,Autoencoder,remove,2,6,0.8333333333333334
vehicle,mlp,Autoencoder,remove,2,7,0.8148148148148148
vehicle,mlp,Autoencoder,remove,2,8,0.7777777777777778
vehicle,mlp,Autoencoder,remove,2,9,0.8518518518518519
vehicle,xgboost,None,remove,0,0,0.8148148148148148
vehicle,xgboost,None,remove,0,1,0.7222222222222222
vehicle,xgboost,None,remove,0,2,0.7222222222222222
vehicle,xgboost,None,remove,0,3,0.8703703703703703
vehicle,xgboost,None,remove,0,4,0.8148148148148148
vehicle,xgboost,None,remove,0,5,0.7222222222222222
vehicle,xgboost,None,remove,0,6,0.7037037037037037
vehicle,xgboost,None,remove,0,7,0.7962962962962963
vehicle,xgboost,None,remove,0,8,0.7962962962962963
vehicle,xgboost,None,remove,0,9,0.7777777777777778
vehicle,xgboost,None,remove,1,0,0.8703703703703703
vehicle,xgboost,None,remove,1,1,0.6666666666666666
vehicle,xgboost,None,remove,1,2,0.7222222222222222
vehicle,xgboost,None,remove,1,3,0.7592592592592593
vehicle,xgboost,None,remove,1,4,0.7777777777777778
vehicle,xgboost,None,remove,1,5,0.7222222222222222
vehicle,xgboost,None,remove,1,6,0.8148148148148148
vehicle,xgboost,None,remove,1,7,0.8703703703703703
vehicle,xgboost,None,remove,1,8,0.6851851851851852
vehicle,xgboost,None,remove,1,9,0.7777777777777778
vehicle,xgboost,None,remove,2,0,0.7222222222222222
vehicle,xgboost,None,remove,2,1,0.7407407407407407
vehicle,xgboost,None,remove,2,2,0.8333333333333334
vehicle,xgboost,None,remove,2,3,0.8703703703703703
vehicle,xgboost,None,remove,2,4,0.6851851851851852
vehicle,xgboost,None,remove,2,5,0.7407407407407407
vehicle,xgboost,None,remove,2,6,0.7777777777777778
vehicle,xgboost,None,remove,2,7,0.6481481481481481
vehicle,xgboost,None,remove,2,8,0.7592592592592593
vehicle,xgboost,None,remove,2,9,0.7962962962962963
vehicle,xgboost,ZScore,remove,0,0,0.7592592592592593
vehicle,xgboost,ZScore,remove,0,1,0.7407407407407407
vehicle,xgboost,ZScore,remove,0,2,0.7222222222222222
vehicle,xgboost,ZScore,remove,0,3,0.8518518518518519
vehicle,xgboost,ZScore,remove,0,4,0.8148148148148148
vehicle,xgboost,ZScore,remove,0,5,0.6851851851851852
vehicle,xgboost,ZScore,remove,0,6,0.7407407407407407
vehicle,xgboost,ZScore,remove,0,7,0.7592592592592593
vehicle,xgboost,ZScore,remove,0,8,0.7592592592592593
vehicle,xgboost,ZScore,remove,0,9,0.7777777777777778
vehicle,xgboost,ZScore,remove,1,0,0.8333333333333334
vehicle,xgboost,ZScore,remove,1,1,0.6666666666666666
vehicle,xgboost,ZScore,remove,1,2,0.7222222222222222
vehicle,xgboost,ZScore,remove,1,3,0.7407407407407407
vehicle,xgboost,ZScore,remove,1,4,0.7407407407407407
vehicle,xgboost,ZScore,remove,1,5,0.6851851851851852
vehicle,xgboost,ZScore,remove,1,6,0.7777777777777778
vehicle,xgboost,ZScore,remove,1,7,0.8888888888888888
vehicle,xgboost,ZScore,remove,1,8,0.6666666666666666
vehicle,xgboost,ZScore,remove,1,9,0.7962962962962963
vehicle,xgboost,ZScore,remove,2,0,0.7222222222222222
vehicle,xgboost,ZScore,remove,2,1,0.7592592592592593
vehicle,xgboost,ZScore,remove,2,2,0.8148148148148148
vehicle,xgboost,ZScore,remove,2,3,0.8333333333333334
vehicle,xgboost,ZScore,remove,2,4,0.6666666666666666
vehicle,xgboost,ZScore,remove,2,5,0.7592592592592593
vehicle,xgboost,ZScore,remove,2,6,0.7592592592592593
vehicle,xgboost,ZScore,remove,2,7,0.6111111111111112
vehicle,xgboost,ZScore,remove,2,8,0.7777777777777778
vehicle,xgboost,ZScore,remove,2,9,0.7592592592592593
vehicle,xgboost,ZScore,clip,0,0,0.7592592592592593
vehicle,xgboost,ZScore,clip,0,1,0.7407407407407407
vehicle,xgboost,ZScore,clip,0,2,0.7222222222222222
vehicle,xgboost,ZScore,clip,0,3,0.8518518518518519
vehicle,xgboost,ZScore,clip,0,4,0.8148148148148148
vehicle,xgboost,ZScore,clip,0,5,0.7222222222222222
vehicle,xgboost,ZScore,clip,0,6,0.7407407407407407
vehicle,xgboost,ZScore,clip,0,7,0.7592592592592593
vehicle,xgboost,ZScore,clip,0,8,0.7777777777777778
vehicle,xgboost,ZScore,clip,0,9,0.8518518518518519
vehicle,xgboost,ZScore,clip,1,0,0.8518518518518519
vehicle,xgboost,ZScore,clip,1,1,0.6851851851851852
vehicle,xgboost,ZScore,clip,1,2,0.7407407407407407
vehicle,xgboost,ZScore,clip,1,3,0.7407407407407407
vehicle,xgboost,ZScore,clip,1,4,0.7592592592592593
vehicle,xgboost,ZScore,clip,1,5,0.7037037037037037
vehicle,xgboost,ZScore,clip,1,6,0.8148148148148148
vehicle,xgboost,ZScore,clip,1,7,0.8703703703703703
vehicle,xgboost,ZScore,clip,1,8,0.6851851851851852
vehicle,xgboost,ZScore,clip,1,9,0.7407407407407407
vehicle,xgboost,ZScore,clip,2,0,0.7037037037037037
vehicle,xgboost,ZScore,clip,2,1,0.7407407407407407
vehicle,xgboost,ZScore,clip,2,2,0.8333333333333334
vehicle,xgboost,ZScore,clip,2,3,0.8703703703703703
vehicle,xgboost,ZScore,clip,2,4,0.6481481481481481
vehicle,xgboost,ZScore,clip,2,5,0.7592592592592593
vehicle,xgboost,ZScore,clip,2,6,0.7777777777777778
vehicle,xgboost,ZScore,clip,2,7,0.6481481481481481
vehicle,xgboost,ZScore,clip,2,8,0.7407407407407407
vehicle,xgboost,ZScore,clip,2,9,0.7777777777777778
vehicle,xgboost,Percentile,remove,0,0,0.7037037037037037
vehicle,xgboost,Percentile,remove,0,1,0.7222222222222222
vehicle,xgboost,Percentile,remove,0,2,0.7592592592592593
vehicle,xgboost,Percentile,remove,0,3,0.6851851851851852
vehicle,xgboost,Percentile,remove,0,4,0.7777777777777778
vehicle,xgboost,Percentile,remove,0,5,0.6851851851851852
vehicle,xgboost,Percentile,remove,0,6,0.6666666666666666
vehicle,xgboost,Percentile,remove,0,7,0.6851851851851852
vehicle,xgboost,Percentile,remove,0,8,0.6666666666666666
vehicle,xgboost,Percentile,remove,0,9,0.6666666666666666
vehicle,xgboost,Percentile,remove,1,0,0.7777777777777778
vehicle,xgboost,Percentile,remove,1,1,0.6851851851851852
vehicle,xgboost,Percentile,remove,1,2,0.7037037037037037
vehicle,xgboost,Percentile,remove,1,3,0.7037037037037037
vehicle,xgboost,Percentile,remove,1,4,0.6481481481481481
vehicle,xgboost,Percentile,remove,1,5,0.5740740740740741
vehicle,xgboost,Percentile,remove,1,6,0.7407407407407407
vehicle,xgboost,Percentile,remove,1,7,0.7592592592592593
vehicle,xgboost,Percentile,remove,1,8,0.6666666666666666
vehicle,xgboost,Percentile,remove,1,9,0.7037037037037037
vehicle,xgboost,Percentile,remove,2,0,0.5740740740740741
vehicle,xgboost,Percentile,remove,2,1,0.6851851851851852
vehicle,xgboost,Percentile,remove,2,2,0.7962962962962963
vehicle,xgboost,Percentile,remove,2,3,0.7222222222222222
vehicle,xgboost,Percentile,remove,2,4,0.6666666666666666
vehicle,xgboost,Percentile,remove,2,5,0.7407407407407407
vehicle,xgboost,Percentile,remove,2,6,0.6851851851851852
vehicle,xgboost,Percentile,remove,2,7,0.5555555555555556
vehicle,xgboost,Percentile,remove,2,8,0.7777777777777778
vehicle,xgboost,Percentile,remove,2,9,0.6296296296296297
vehicle,xgboost,Percentile,clip,0,0,0.7777777777777778
vehicle,xgboost,Percentile,clip,0,1,0.7592592592592593
vehicle,xgboost,Percentile,clip,0,2,0.7407407407407407
vehicle,xgboost,Percentile,clip,0,3,0.8333333333333334
vehicle,xgboost,Percentile,clip,0,4,0.7962962962962963
vehicle,xgboost,Percentile,clip,0,5,0.7037037037037037
vehicle,xgboost,Percentile,clip,0,6,0.7222222222222222
vehicle,xgboost,Percentile,clip,0,7,0.7962962962962963
vehicle,xgboost,Percentile,clip,0,8,0.7777777777777778
vehicle,xgboost,Percentile,clip,0,9,0.8333333333333334
vehicle,xgboost,Percentile,clip,1,0,0.8888888888888888
vehicle,xgboost,Percentile,clip,1,1,0.6666666666666666
vehicle,xgboost,Percentile,clip,1,2,0.7407407407407407
vehicle,xgboost,Percentile,clip,1,3,0.7592592592592593
vehicle,xgboost,Percentile,clip,1,4,0.7222222222222222
vehicle,xgboost,Percentile,clip,1,5,0.7037037037037037
vehicle,xgboost,Percentile,clip,1,6,0.7962962962962963
vehicle,xgboost,Percentile,clip,1,7,0.8518518518518519
vehicle,xgboost,Percentile,clip,1,8,0.7037037037037037
vehicle,xgboost,Percentile,clip,1,9,0.7962962962962963
vehicle,xgboost,Percentile,clip,2,0,0.7037037037037037
vehicle,xgboost,Percentile,clip,2,1,0.7222222222222222
vehicle,xgboost,Percentile,clip,2,2,0.7962962962962963
vehicle,xgboost,Percentile,clip,2,3,0.8333333333333334
vehicle,xgboost,Percentile,clip,2,4,0.7037037037037037
vehicle,xgboost,Percentile,clip,2,5,0.7777777777777778
vehicle,xgboost,Percentile,clip,2,6,0.7407407407407407
vehicle,xgboost,Percentile,clip,2,7,0.5925925925925926
vehicle,xgboost,Percentile,clip,2,8,0.7037037037037037
vehicle,xgboost,Percentile,clip,2,9,0.7962962962962963
vehicle,xgboost,IsolationForest,remove,0,0,0.7777777777777778
vehicle,xgboost,IsolationForest,remove,0,1,0.7222222222222222
vehicle,xgboost,IsolationForest,remove,0,2,0.7407407407407407
vehicle,xgboost,IsolationForest,remove,0,3,0.8518518518518519
vehicle,xgboost,IsolationForest,remove,0,4,0.8148148148148148
vehicle,xgboost,IsolationForest,remove,0,5,0.6666666666666666
vehicle,xgboost,IsolationForest,remove,0,6,0.7037037037037037
vehicle,xgboost,IsolationForest,remove,0,7,0.7407407407407407
vehicle,xgboost,IsolationForest,remove,0,8,0.7407407407407407
vehicle,xgboost,IsolationForest,remove,0,9,0.7777777777777778
vehicle,xgboost,IsolationForest,remove,1,0,0.7777777777777778
vehicle,xgboost,IsolationForest,remove,1,1,0.6666666666666666
vehicle,xgboost,IsolationForest,remove,1,2,0.7037037037037037
vehicle,xgboost,IsolationForest,remove,1,3,0.7037037037037037
vehicle,xgboost,IsolationForest,remove,1,4,0.7592592592592593
vehicle,xgboost,IsolationForest,remove,1,5,0.7592592592592593
vehicle,xgboost,IsolationForest,remove,1,6,0.7592592592592593
vehicle,xgboost,IsolationForest,remove,1,7,0.8703703703703703
vehicle,xgboost,IsolationForest,remove,1,8,0.6851851851851852
vehicle,xgboost,IsolationForest,remove,1,9,0.7407407407407407
vehicle,xgboost,IsolationForest,remove,2,0,0.7777777777777778
vehicle,xgboost,IsolationForest,remove,2,1,0.6851851851851852
vehicle,xgboost,IsolationForest,remove,2,2,0.8333333333333334
vehicle,xgboost,IsolationForest,remove,2,3,0.8518518518518519
vehicle,xgboost,IsolationForest,remove,2,4,0.6851851851851852
vehicle,xgboost,IsolationForest,remove,2,5,0.7407407407407407
vehicle,xgboost,IsolationForest,remove,2,6,0.7222222222222222
vehicle,xgboost,IsolationForest,remove,2,7,0.6481481481481481
vehicle,xgboost,IsolationForest,remove,2,8,0.7777777777777778
vehicle,xgboost,IsolationForest,remove,2,9,0.7592592592592593
vehicle,xgboost,LOF,remove,0,0,0.7962962962962963
vehicle,xgboost,LOF,remove,0,1,0.7222222222222222
vehicle,xgboost,LOF,remove,0,2,0.7037037037037037
vehicle,xgboost,LOF,remove,0,3,0.8333333333333334
vehicle,xgboost,LOF,remove,0,4,0.7962962962962963
vehicle,xgboost,LOF,remove,0,5,0.7037037037037037
vehicle,xgboost,LOF,remove,0,6,0.7407407407407407
vehicle,xgboost,LOF,remove,0,7,0.7777777777777778
vehicle,xgboost,LOF,remove,0,8,0.7037037037037037
vehicle,xgboost,LOF,remove,0,9,0.7962962962962963
vehicle,xgboost,LOF,remove,1,0,0.8333333333333334
vehicle,xgboost,LOF,remove,1,1,0.7222222222222222
vehicle,xgboost,LOF,remove,1,2,0.7037037037037037
vehicle,xgboost,LOF,remove,1,3,0.7407407407407407
vehicle,xgboost,LOF,remove,1,4,0.7407407407407407
vehicle,xgboost,LOF,remove,1,5,0.7037037037037037
vehicle,xgboost,LOF,remove,1,6,0.7777777777777778
vehicle,xgboost,LOF,remove,1,7,0.8888888888888888
vehicle,xgboost,LOF,remove,1,8,0.6666666666666666
vehicle,xgboost,LOF,remove,1,9,0.7592592592592593
vehicle,xgboost,LOF,remove,2,0,0.6851851851851852
vehicle,xgboost,LOF,remove,2,1,0.6851851851851852
vehicle,xgboost,LOF,remove,2,2,0.8518518518518519
vehicle,xgboost,LOF,remove,2,3,0.7962962962962963
vehicle,xgboost,LOF,remove,2,4,0.6851851851851852
vehicle,xgboost,LOF,remove,2,5,0.7407407407407407
vehicle,xgboost,LOF,remove,2,6,0.7407407407407407
vehicle,xgboost,LOF,remove,2,7,0.6666666666666666
vehicle,xgboost,LOF,remove,2,8,0.7592592592592593
vehicle,xgboost,LOF,remove,2,9,0.7407407407407407
vehicle,xgboost,Autoencoder,remove,0,0,0.7407407407407407
vehicle,xgboost,Autoencoder,remove,0,1,0.7037037037037037
vehicle,xgboost,Autoencoder,remove,0,2,0.7222222222222222
vehicle,xgboost,Autoencoder,remove,0,3,0.8518518518518519
vehicle,xgboost,Autoencoder,remove,0,4,0.8148148148148148
vehicle,xgboost,Autoencoder,remove,0,5,0.7037037037037037
vehicle,xgboost,Autoencoder,remove,0,6,0.7037037037037037
vehicle,xgboost,Autoencoder,remove,0,7,0.7777777777777778
vehicle,xgboost,Autoencoder,remove,0,8,0.7777777777777778
vehicle,xgboost,Autoencoder,remove,0,9,0.7962962962962963
vehicle,xgboost,Autoencoder,remove,1,0,0.8703703703703703
vehicle,xgboost,Autoencoder,remove,1,1,0.7037037037037037
vehicle,xgboost,Autoencoder,remove,1,2,0.7407407407407407
vehicle,xgboost,Autoencoder,remove,1,3,0.7407407407407407
vehicle,xgboost,Autoencoder,remove,1,4,0.7037037037037037
vehicle,xgboost,Autoencoder,remove,1,5,0.6851851851851852
vehicle,xgboost,Autoencoder,remove,1,6,0.7777777777777778
vehicle,xgboost,Autoencoder,remove,1,7,0.7592592592592593
vehicle,xgboost,Autoencoder,remove,1,8,0.6666666666666666
vehicle,xgboost,Autoencoder,remove,1,9,0.7592592592592593
vehicle,xgboost,Autoencoder,remove,2,0,0.6851851851851852
vehicle,xgboost,Autoencoder,remove,2,1,0.7037037037037037
vehicle,xgboost,Autoencoder,remove,2,2,0.8518518518518519
vehicle,xgboost,Autoencoder,remove,2,3,0.8703703703703703
vehicle,xgboost,Autoencoder,remove,2,4,0.6296296296296297
vehicle,xgboost,Autoencoder,remove,2,5,0.7777777777777778
vehicle,xgboost,Autoencoder,remove,2,6,0.7592592592592593
vehicle,xgboost,Autoencoder,remove,2,7,0.5740740740740741
vehicle,xgboost,Autoencoder,remove,2,8,0.7592592592592593
vehicle,xgboost,Autoencoder,remove,2,9,0.7962962962962963
vehicle,randomforest,None,remove,0,0,0.6666666666666666
vehicle,randomforest,None,remove,0,1,0.7407407407407407
vehicle,randomforest,None,remove,0,2,0.7592592592592593
vehicle,randomforest,None,remove,0,3,0.8148148148148148
vehicle,randomforest,None,remove,0,4,0.7777777777777778
vehicle,randomforest,None,remove,0,5,0.7222222222222222
vehicle,randomforest,None,remove,0,6,0.6481481481481481
vehicle,randomforest,None,remove,0,7,0.7962962962962963
vehicle,randomforest,None,remove,0,8,0.7777777777777778
vehicle,randomforest,None,remove,0,9,0.7962962962962963
vehicle,randomforest,None,remove,1,0,0.7962962962962963
vehicle,randomforest,None,remove,1,1,0.7037037037037037
vehicle,randomforest,None,remove,1,2,0.7777777777777778
vehicle,randomforest,None,remove,1,3,0.7037037037037037
vehicle,randomforest,None,remove,1,4,0.7037037037037037
vehicle,randomforest,None,remove,1,5,0.7777777777777778
vehicle,randomforest,None,remove,1,6,0.7592592592592593
vehicle,randomforest,None,remove,1,7,0.8333333333333334
vehicle,randomforest,None,remove,1,8,0.7037037037037037
vehicle,randomforest,None,remove,1,9,0.7962962962962963
vehicle,randomforest,None,remove,2,0,0.8333333333333334
vehicle,randomforest,None,remove,2,1,0.7222222222222222
vehicle,randomforest,None,remove,2,2,0.8333333333333334
vehicle,randomforest,None,remove,2,3,0.7777777777777778
vehicle,randomforest,None,remove,2,4,0.6296296296296297
vehicle,randomforest,None,remove,2,5,0.7222222222222222
vehicle,randomforest,None,remove,2,6,0.7407407407407407
vehicle,randomforest,None,remove,2,7,0.6111111111111112
vehicle,randomforest,None,remove,2,8,0.7777777777777778
vehicle,randomforest,None,remove,2,9,0.7222222222222222
vehicle,randomforest,ZScore,remove,0,0,0.7037037037037037
vehicle,randomforest,ZScore,remove,0,1,0.7407407407407407
vehicle,randomforest,ZScore,remove,0,2,0.7407407407407407
vehicle,randomforest,ZScore,remove,0,3,0.8518518518518519
vehicle,randomforest,ZScore,remove,0,4,0.7777777777777778
vehicle,randomforest,ZScore,remove,0,5,0.6666666666666666
vehicle,randomforest,ZScore,remove,0,6,0.6296296296296297
vehicle,randomforest,ZScore,remove,0,7,0.7777777777777778
vehicle,randomforest,ZScore,remove,0,8,0.7777777777777778
vehicle,randomforest,ZScore,remove,0,9,0.8148148148148148
vehicle,randomforest,ZScore,remove,1,0,0.7037037037037037
vehicle,randomforest,ZScore,remove,1,1,0.7037037037037037
vehicle,randomforest,ZScore,remove,1,2,0.7407407407407407
vehicle,randomforest,ZScore,remove,1,3,0.7222222222222222
vehicle,randomforest,ZScore,remove,1,4,0.7222222222222222
vehicle,randomforest,ZScore,remove,1,5,0.7222222222222222
vehicle,randomforest,ZScore,remove,1,6,0.7592592592592593
vehicle,randomforest,ZScore,remove,1,7,0.8703703703703703
vehicle,randomforest,ZScore,remove,1,8,0.7037037037037037
vehicle,randomforest,ZScore,remove,1,9,0.7037037037037037
vehicle,randomforest,ZScore,remove,2,0,0.7592592592592593
vehicle,randomforest,ZScore,remove,2,1,0.7407407407407407
vehicle,randomforest,ZScore,remove,2,2,0.8148148148148148
vehicle,randomforest,ZScore,remove,2,3,0.8148148148148148
vehicle,randomforest,ZScore,remove,2,4,0.6111111111111112
vehicle,randomforest,ZScore,remove,2,5,0.7592592592592593
vehicle,randomforest,ZScore,remove,2,6,0.7222222222222222
vehicle,randomforest,ZScore,remove,2,7,0.6666666666666666
vehicle,randomforest,ZScore,remove,2,8,0.7962962962962963
vehicle,randomforest,ZScore,remove,2,9,0.7222222222222222
vehicle,randomforest,ZScore,clip,0,0,0.7037037037037037
vehicle,randomforest,ZScore,clip,0,1,0.7592592592592593
vehicle,randomforest,ZScore,clip,0,2,0.7592592592592593
vehicle,randomforest,ZScore,clip,0,3,0.8148148148148148
vehicle,randomforest,ZScore,clip,0,4,0.7962962962962963
vehicle,randomforest,ZScore,clip,0,5,0.7222222222222222
vehicle,randomforest,ZScore,clip,0,6,0.6481481481481481
vehicle,randomforest,ZScore,clip,0,7,0.7777777777777778
vehicle,randomforest,ZScore,clip,0,8,0.7777777777777778
vehicle,randomforest,ZScore,clip,0,9,0.7777777777777778
vehicle,randomforest,ZScore,clip,1,0,0.8148148148148148
vehicle,randomforest,ZScore,clip,1,1,0.7222222222222222
vehicle,randomforest,ZScore,clip,1,2,0.7777777777777778
vehicle,randomforest,ZScore,clip,1,3,0.7037037037037037
vehicle,randomforest,ZScore,clip,1,4,0.6851851851851852
vehicle,randomforest,ZScore,clip,1,5,0.7777777777777778
vehicle,randomforest,ZScore,clip,1,6,0.7592592592592593
vehicle,randomforest,ZScore,clip,1,7,0.8333333333333334
vehicle,randomforest,ZScore,clip,1,8,0.6851851851851852
vehicle,randomforest,ZScore,clip,1,9,0.7962962962962963
vehicle,randomforest,ZScore,clip,2,0,0.8333333333333334
vehicle,randomforest,ZScore,clip,2,1,0.7222222222222222
vehicle,randomforest,ZScore,clip,2,2,0.8148148148148148
vehicle,randomforest,ZScore,clip,2,3,0.8148148148148148
vehicle,randomforest,ZScore,clip,2,4,0.6296296296296297
vehicle,randomforest,ZScore,clip,2,5,0.7037037037037037
vehicle,randomforest,ZScore,clip,2,6,0.7222222222222222
vehicle,randomforest,ZScore,clip,2,7,0.6111111111111112
vehicle,randomforest,ZScore,clip,2,8,0.7592592592592593
vehicle,randomforest,ZScore,clip,2,9,0.7407407407407407
vehicle,randomforest,Percentile,remove,0,0,0.6666666666666666
vehicle,randomforest,Percentile,remove,0,1,0.7037037037037037
vehicle,randomforest,Percentile,remove,0,2,0.6851851851851852
vehicle,randomforest,Percentile,remove,0,3,0.7222222222222222
vehicle,randomforest,Percentile,remove,0,4,0.7222222222222222
vehicle,randomforest,Percentile,remove,0,5,0.6851851851851852
vehicle,randomforest,Percentile,remove,0,6,0.7037037037037037
vehicle,randomforest,Percentile,remove,0,7,0.7592592592592593
vehicle,randomforest,Percentile,remove,0,8,0.6481481481481481
vehicle,randomforest,Percentile,remove,0,9,0.7222222222222222
vehicle,randomforest,Percentile,remove,1,0,0.7962962962962963
vehicle,randomforest,Percentile,remove,1,1,0.6666666666666666
vehicle,randomforest,Percentile,remove,1,2,0.6851851851851852
vehicle,randomforest,Percentile,remove,1,3,0.7037037037037037
vehicle,randomforest,Percentile,remove,1,4,0.6666666666666666
vehicle,randomforest,Percentile,remove,1,5,0.6296296296296297
vehicle,randomforest,Percentile,remove,1,6,0.7407407407407407
vehicle,randomforest,Percentile,remove,1,7,0.6851851851851852
vehicle,randomforest,Percentile,remove,1,8,0.5555555555555556
vehicle,randomforest,Percentile,remove,1,9,0.6851851851851852
vehicle,randomforest,Percentile,remove,2,0,0.5740740740740741
vehicle,randomforest,Percentile,remove,2,1,0.7592592592592593
vehicle,randomforest,Percentile,remove,2,2,0.7222222222222222
vehicle,randomforest,Percentile,remove,2,3,0.7777777777777778
vehicle,randomforest,Percentile,remove,2,4,0.6111111111111112
vehicle,randomforest,Percentile,remove,2,5,0.7037037037037037
vehicle,randomforest,Percentile,remove,2,6,0.6666666666666666
vehicle,randomforest,Percentile,remove,2,7,0.5925925925925926
vehicle,randomforest,Percentile,remove,2,8,0.6481481481481481
vehicle,randomforest,Percentile,remove,2,9,0.6481481481481481
vehicle,randomforest,Percentile,clip,0,0,0.6666666666666666
vehicle,randomforest,Percentile,clip,0,1,0.7592592592592593
vehicle,randomforest,Percentile,clip,0,2,0.6851851851851852
vehicle,randomforest,Percentile,clip,0,3,0.8148148148148148
vehicle,randomforest,Percentile,clip,0,4,0.8148148148148148
vehicle,randomforest,Percentile,clip,0,5,0.6851851851851852
vehicle,randomforest,Percentile,clip,0,6,0.6666666666666666
vehicle,randomforest,Percentile,clip,0,7,0.7777777777777778
vehicle,randomforest,Percentile,clip,0,8,0.7777777777777778
vehicle,randomforest,Percentile,clip,0,9,0.8148148148148148
vehicle,randomforest,Percentile,clip,1,0,0.7777777777777778
vehicle,randomforest,Percentile,clip,1,1,0.7037037037037037
vehicle,randomforest,Percentile,clip,1,2,0.7222222222222222
vehicle,randomforest,Percentile,clip,1,3,0.6851851851851852
vehicle,randomforest,Percentile,clip,1,4,0.6851851851851852
vehicle,randomforest,Percentile,clip,1,5,0.7592592592592593
vehicle,randomforest,Percentile,clip,1,6,0.7222222222222222
vehicle,randomforest,Percentile,clip,1,7,0.8703703703703703
vehicle,randomforest,Percentile,clip,1,8,0.7037037037037037
vehicle,randomforest,Percentile,clip,1,9,0.7962962962962963
vehicle,randomforest,Percentile,clip,2,0,0.8148148148148148
vehicle,randomforest,Percentile,clip,2,1,0.6851851851851852
vehicle,randomforest,Percentile,clip,2,2,0.8148148148148148
vehicle,randomforest,Percentile,clip,2,3,0.7962962962962963
vehicle,randomforest,Percentile,clip,2,4,0.6481481481481481
vehicle,randomforest,Percentile,clip,2,5,0.7407407407407407
vehicle,randomforest,Percentile,clip,2,6,0.7037037037037037
vehicle,randomforest,Percentile,clip,2,7,0.6296296296296297
vehicle,randomforest,Percentile,clip,2,8,0.8333333333333334
vehicle,randomforest,Percentile,clip,2,9,0.7407407407407407
vehicle,randomforest,IsolationForest,remove,0,0,0.6666666666666666
vehicle,randomforest,IsolationForest,remove,0,1,0.7407407407407407
vehicle,randomforest,IsolationForest,remove,0,2,0.7037037037037037
vehicle,randomforest,IsolationForest,remove,0,3,0.8148148148148148
vehicle,randomforest,IsolationForest,remove,0,4,0.7962962962962963
vehicle,randomforest,IsolationForest,remove,0,5,0.6666666666666666
vehicle,randomforest,IsolationForest,remove,0,6,0.6481481481481481
vehicle,randomforest,IsolationForest,remove,0,7,0.7407407407407407
vehicle,randomforest,IsolationForest,remove,0,8,0.7592592592592593
vehicle,randomforest,IsolationForest,remove,0,9,0.7407407407407407
vehicle,randomforest,IsolationForest,remove,1,0,0.7407407407407407
vehicle,randomforest,IsolationForest,remove,1,1,0.7037037037037037
vehicle,randomforest,IsolationForest,remove,1,2,0.7222222222222222
vehicle,randomforest,IsolationForest,remove,1,3,0.7037037037037037
vehicle,randomforest,IsolationForest,remove,1,4,0.6666666666666666
vehicle,randomforest,IsolationForest,remove,1,5,0.7777777777777778
vehicle,randomforest,IsolationForest,remove,1,6,0.7962962962962963
vehicle,randomforest,IsolationForest,remove,1,7,0.8888888888888888
vehicle,randomforest,IsolationForest,remove,1,8,0.7037037037037037
vehicle,randomforest,IsolationForest,remove,1,9,0.7777777777777778
vehicle,randomforest,IsolationForest,remove,2,0,0.7592592592592593
vehicle,randomforest,IsolationForest,remove,2,1,0.7407407407407407
vehicle,randomforest,IsolationForest,remove,2,2,0.7777777777777778
vehicle,randomforest,IsolationForest,remove,2,3,0.7962962962962963
vehicle,randomforest,IsolationForest,remove,2,4,0.6296296296296297
vehicle,randomforest,IsolationForest,remove,2,5,0.7407407407407407
vehicle,randomforest,IsolationForest,remove,2,6,0.7592592592592593
vehicle,randomforest,IsolationForest,remove,2,7,0.6296296296296297
vehicle,randomforest,IsolationForest,remove,2,8,0.7222222222222222
vehicle,randomforest,IsolationForest,remove,2,9,0.7407407407407407
vehicle,randomforest,LOF,remove,0,0,0.6851851851851852
vehicle,randomforest,LOF,remove,0,1,0.7592592592592593
vehicle,randomforest,LOF,remove,0,2,0.7037037037037037
vehicle,randomforest,LOF,remove,0,3,0.7962962962962963
vehicle,randomforest,LOF,remove,0,4,0.7962962962962963
vehicle,randomforest,LOF,remove,0,5,0.6666666666666666
vehicle,randomforest,LOF,remove,0,6,0.6481481481481481
vehicle,randomforest,LOF,remove,0,7,0.7962962962962963
vehicle,randomforest,LOF,remove,0,8,0.7592592592592593
vehicle,randomforest,LOF,remove,0,9,0.7777777777777778
vehicle,randomforest,LOF,remove,1,0,0.8148148148148148
vehicle,randomforest,LOF,remove,1,1,0.7222222222222222
vehicle,randomforest,LOF,remove,1,2,0.7592592592592593
vehicle,randomforest,LOF,remove,1,3,0.7222222222222222
vehicle,randomforest,LOF,remove,1,4,0.7037037037037037
vehicle,randomforest,LOF,remove,1,5,0.7592592592592593
vehicle,randomforest,LOF,remove,1,6,0.7592592592592593
vehicle,randomforest,LOF,remove,1,7,0.8703703703703703
vehicle,randomforest,LOF,remove,1,8,0.6481481481481481
vehicle,randomforest,LOF,remove,1,9,0.6851851851851852
vehicle,randomforest,LOF,remove,2,0,0.7592592592592593
vehicle,randomforest,LOF,remove,2,1,0.7037037037037037
vehicle,randomforest,LOF,remove,2,2,0.7777777777777778
vehicle,randomforest,LOF,remove,2,3,0.7962962962962963
vehicle,randomforest,LOF,remove,2,4,0.6481481481481481
vehicle,randomforest,LOF,remove,2,5,0.6481481481481481
vehicle,randomforest,LOF,remove,2,6,0.7222222222222222
vehicle,randomforest,LOF,remove,2,7,0.6481481481481481
vehicle,randomforest,LOF,remove,2,8,0.7777777777777778
vehicle,randomforest,LOF,remove,2,9,0.7962962962962963
vehicle,randomforest,Autoencoder,remove,0,0,0.6851851851851852
vehicle,randomforest,Autoencoder,remove,0,1,0.7222222222222222
vehicle,randomforest,Autoencoder,remove,0,2,0.7407407407407407
vehicle,randomforest,Autoencoder,remove,0,3,0.8148148148148148
vehicle,randomforest,Autoencoder,remove,0,4,0.7777777777777778
vehicle,randomforest,Autoencoder,remove,0,5,0.7222222222222222
vehicle,randomforest,Autoencoder,remove,0,6,0.6481481481481481
vehicle,randomforest,Autoencoder,remove,0,7,0.7777777777777778
vehicle,randomforest,Autoencoder,remove,0,8,0.7962962962962963
vehicle,randomforest,Autoencoder,remove,0,9,0.8518518518518519
vehicle,randomforest,Autoencoder,remove,1,0,0.7962962962962963
vehicle,randomforest,Autoencoder,remove,1,1,0.7222222222222222
vehicle,randomforest,Autoencoder,remove,1,2,0.7407407407407407
vehicle,randomforest,Autoencoder,remove,1,3,0.7407407407407407
vehicle,randomforest,Autoencoder,remove,1,4,0.6851851851851852
vehicle,randomforest,Autoencoder,remove,1,5,0.7407407407407407
vehicle,randomforest,Autoencoder,remove,1,6,0.7592592592592593
vehicle,randomforest,Autoencoder,remove,1,7,0.7962962962962963
vehicle,randomforest,Autoencoder,remove,1,8,0.6666666666666666
vehicle,randomforest,Autoencoder,remove,1,9,0.6851851851851852
vehicle,randomforest,Autoencoder,remove,2,0,0.7962962962962963
vehicle,randomforest,Autoencoder,remove,2,1,0.7037037037037037
vehicle,randomforest,Autoencoder,remove,2,2,0.7962962962962963
vehicle,randomforest,Autoencoder,remove,2,3,0.7777777777777778
vehicle,randomforest,Autoencoder,remove,2,4,0.6111111111111112
vehicle,randomforest,Autoencoder,remove,2,5,0.7407407407407407
vehicle,randomforest,Autoencoder,remove,2,6,0.7777777777777778
vehicle,randomforest,Autoencoder,remove,2,7,0.6666666666666666
vehicle,randomforest,Autoencoder,remove,2,8,0.7777777777777778
vehicle,randomforest,Autoencoder,remove,2,9,0.7777777777777778
california_housing,mlp,None,remove,0,0,31019100736.014904
california_housing,mlp,None,remove,0,1,31313841072.852253
california_housing,mlp,None,remove,0,2,30751070789.278496
california_housing,mlp,None,remove,0,3,27915151632.410175
california_housing,mlp,None,remove,0,4,31172796043.150158
california_housing,mlp,None,remove,0,5,31192561599.12727
california_housing,mlp,None,remove,0,6,29937362457.020817
california_housing,mlp,None,remove,0,7,29609720768.07101
california_housing,mlp,None,remove,0,8,31522722774.455715
california_housing,mlp,None,remove,0,9,31002407763.328884
california_housing,mlp,None,remove,1,0,31985460627.531036
california_housing,mlp,None,remove,1,1,28832330719.872334
california_housing,mlp,None,remove,1,2,31439928560.046303
california_housing,mlp,None,remove,1,3,29385715530.199436
california_housing,mlp,None,remove,1,4,32770090758.997494
california_housing,mlp,None,remove,1,5,31245860334.93448
california_housing,mlp,None,remove,1,6,28225185382.601604
california_housing,mlp,None,remove,1,7,29651438759.77579
california_housing,mlp,None,remove,1,8,28810565794.294933
california_housing,mlp,None,remove,1,9,32117529604.521366
california_housing,mlp,None,remove,2,0,31680049669.219387
california_housing,mlp,None,remove,2,1,28501074356.131752
california_housing,mlp,None,remove,2,2,31374300530.483868
california_housing,mlp,None,remove,2,3,31337348119.253265
california_housing,mlp,None,remove,2,4,30718749069.257793
california_housing,mlp,None,remove,2,5,29911184924.74772
california_housing,mlp,None,remove,2,6,29705447709.254967
california_housing,mlp,None,remove,2,7,34283050960.33985
california_housing,mlp,None,remove,2,8,29332368746.07503
california_housing,mlp,None,remove,2,9,31033468320.589855
california_housing,mlp,ZScore,remove,0,0,31807016491.079994
california_housing,mlp,ZScore,remove,0,1,32169885976.117252
california_housing,mlp,ZScore,remove,0,2,30645461316.36221
california_housing,mlp,ZScore,remove,0,3,30624228597.64186
california_housing,mlp,ZScore,remove,0,4,32184019385.802433
california_housing,mlp,ZScore,remove,0,5,30536832220.801258
california_housing,mlp,ZScore,remove,0,6,29594445049.422855
california_housing,mlp,ZScore,remove,0,7,30474154143.80788
california_housing,mlp,ZScore,remove,0,8,30639153203.483376
california_housing,mlp,ZScore,remove,0,9,29944436101.401955
california_housing,mlp,ZScore,remove,1,0,31124812029.36401
california_housing,mlp,ZScore,remove,1,1,29911151887.373753
california_housing,mlp,ZScore,remove,1,2,31268164198.721622
california_housing,mlp,ZScore,remove,1,3,29175425877.39039
california_housing,mlp,ZScore,remove,1,4,31721809002.831112
california_housing,mlp,ZScore,remove,1,5,29643599107.313046
california_housing,mlp,ZScore,remove,1,6,28715318274.143097
california_housing,mlp,ZScore,remove,1,7,30512280262.62316
california_housing,mlp,ZScore,remove,1,8,28454470561.89655
california_housing,mlp,ZScore,remove,1,9,34587660994.215385
california_housing,mlp,ZScore,remove,2,0,31940805134.536373
california_housing,mlp,ZScore,remove,2,1,28163213354.062756
california_housing,mlp,ZScore,remove,2,2,30808615103.071518
california_housing,mlp,ZScore,remove,2,3,30802082363.6561
california_housing,mlp,ZScore,remove,2,4,30128103443.506813
california_housing,mlp,ZScore,remove,2,5,31989410188.04914
california_housing,mlp,ZScore,remove,2,6,28976204493.498924
california_housing,mlp,ZScore,remove,2,7,35066176751.85623
california_housing,mlp,ZScore,remove,2,8,29134165344.400253
california_housing,mlp,ZScore,remove,2,9,31679343001.74485
california_housing,mlp,ZScore,clip,0,0,29722353464.26483
california_housing,mlp,ZScore,clip,0,1,30164081140.277428
california_housing,mlp,ZScore,clip,0,2,29190557068.977028
california_housing,mlp,ZScore,clip,0,3,26607811126.430992
california_housing,mlp,ZScore,clip,0,4,29699501854.203
california_housing,mlp,ZScore,clip,0,5,29985629398.09148
california_housing,mlp,ZScore,clip,0,6,28678647605.168728
california_housing,mlp,ZScore,clip,0,7,28454107166.08217
california_housing,mlp,ZScore,clip,0,8,30144531385.609093
california_housing,mlp,ZScore,clip,0,9,29652897564.496983
california_housing,mlp,ZScore,clip,1,0,30946938084.113655
california_housing,mlp,ZScore,clip,1,1,27569913995.069828
california_housing,mlp,ZScore,clip,1,2,30365391768.250805
california_housing,mlp,ZScore,clip,1,3,27842367334.08106
california_housing,mlp,ZScore,clip,1,4,30943296650.071346
california_housing,mlp,ZScore,clip,1,5,29686575624.898254
california_housing,mlp,ZScore,clip,1,6,27000189126.247505
california_housing,mlp,ZScore,clip,1,7,28063077562.56232
california_housing,mlp,ZScore,clip,1,8,27537862162.76697
california_housing,mlp,ZScore,clip,1,9,30136119350.228172
california_housing,mlp,ZScore,clip,2,0,30191178662.5916
california_housing,mlp,ZScore,clip,2,1,27479754461.257404
california_housing,mlp,ZScore,clip,2,2,30205906687.551666
california_housing,mlp,ZScore,clip,2,3,29947908759.04057
california_housing,mlp,ZScore,clip,2,4,29332452409.142944
california_housing,mlp,ZScore,clip,2,5,28032608347.546104
california_housing,mlp,ZScore,clip,2,6,28485158745.863758
california_housing,mlp,ZScore,clip,2,7,32786872184.357933
california_housing,mlp,ZScore,clip,2,8,28216356759.802444
california_housing,mlp,ZScore,clip,2,9,29049487672.158867
california_housing,mlp,Percentile,remove,0,0,39116986329.97584
california_housing,mlp,Percentile,remove,0,1,39761132017.92432
california_housing,mlp,Percentile,remove,0,2,38229576619.75995
california_housing,mlp,Percentile,remove,0,3,37136103815.67663
california_housing,mlp,Percentile,remove,0,4,39473327088.01361
california_housing,mlp,Percentile,remove,0,5,39376853864.231735
california_housing,mlp,Percentile,remove,0,6,36863536240.169075
california_housing,mlp,Percentile,remove,0,7,37755198740.52763
california_housing,mlp,Percentile,remove,0,8,39908190475.040886
california_housing,mlp,Percentile,remove,0,9,39347037790.91481
california_housing,mlp,Percentile,remove,1,0,40673857418.76322
california_housing,mlp,Percentile,remove,1,1,37287677897.50133
california_housing,mlp,Percentile,remove,1,2,40469566146.73337
california_housing,mlp,Percentile,remove,1,3,37505537642.74794
california_housing,mlp,Percentile,remove,1,4,40417561303.961
california_housing,mlp,Percentile,remove,1,5,38299959621.28044
california_housing,mlp,Percentile,remove,1,6,36924099020.00391
california_housing,mlp,Percentile,remove,1,7,37560126357.82621
california_housing,mlp,Percentile,remove,1,8,37523243193.12064
california_housing,mlp,Percentile,remove,1,9,39596574736.56602
california_housing,mlp,Percentile,remove,2,0,40444819383.307724
california_housing,mlp,Percentile,remove,2,1,37058062186.6924
california_housing,mlp,Percentile,remove,2,2,39954611285.79133
california_housing,mlp,Percentile,remove,2,3,38447951510.9813
california_housing,mlp,Percentile,remove,2,4,39019188847.38352
california_housing,mlp,Percentile,remove,2,5,38974210646.51778
california_housing,mlp,Percentile,remove,2,6,38164514113.33637
california_housing,mlp,Percentile,remove,2,7,42544710750.93434
california_housing,mlp,Percentile,remove,2,8,37080739236.28047
california_housing,mlp,Percentile,remove,2,9,38541470614.92515
california_housing,mlp,Percentile,clip,0,0,29292063426.89522
california_housing,mlp,Percentile,clip,0,1,30059657026.71079
california_housing,mlp,Percentile,clip,0,2,28337235647.347202
california_housing,mlp,Percentile,clip,0,3,26036224378.528145
california_housing,mlp,Percentile,clip,0,4,28631007210.609447
california_housing,mlp,Percentile,clip,0,5,29178043083.620625
california_housing,mlp,Percentile,clip,0,6,27639040349.91661
california_housing,mlp,Percentile,clip,0,7,27376314583.598747
california_housing,mlp,Percentile,clip,0,8,29345261327.614998
california_housing,mlp,Percentile,clip,0,9,28627449308.408108
california_housing,mlp,Percentile,clip,1,0,30049790909.760487
california_housing,mlp,Percentile,clip,1,1,26856217425.830124
california_housing,mlp,Percentile,clip,1,2,28949750014.007545
california_housing,mlp,Percentile,clip,1,3,26745222603.32728
california_housing,mlp,Percentile,clip,1,4,30155093230.685986
california_housing,mlp,Percentile,clip,1,5,28771346639.72958
california_housing,mlp,Percentile,clip,1,6,26646404246.488255
california_housing,mlp,Percentile,clip,1,7,27267389172.700726
california_housing,mlp,Percentile,clip,1,8,27377980247.726486
california_housing,mlp,Percentile,clip,1,9,29136725061.869904
california_housing,mlp,Percentile,clip,2,0,30155945783.201736
california_housing,mlp,Percentile,clip,2,1,26968600359.71676
california_housing,mlp,Percentile,clip,2,2,29698073316.472847
california_housing,mlp,Percentile,clip,2,3,28895331262.351562
california_housing,mlp,Percentile,clip,2,4,29153227309.269943
california_housing,mlp,Percentile,clip,2,5,28326624232.468224
california_housing,mlp,Percentile,clip,2,6,27324252229.769054
california_housing,mlp,Percentile,clip,2,7,32020921093.99903
california_housing,mlp,Percentile,clip,2,8,27432300652.23809
california_housing,mlp,Percentile,clip,2,9,28422573159.50909
california_housing,mlp,IsolationForest,remove,0,0,32135261764.135857
california_housing,mlp,IsolationForest,remove,0,1,32085354641.84402
california_housing,mlp,IsolationForest,remove,0,2,32409205028.736397
california_housing,mlp,IsolationForest,remove,0,3,31696587342.448063
california_housing,mlp,IsolationForest,remove,0,4,33763602784.454212
california_housing,mlp,IsolationForest,remove,0,5,30782452646.464268
california_housing,mlp,IsolationForest,remove,0,6,29839704568.788967
california_housing,mlp,IsolationForest,remove,0,7,30651414430.480724
california_housing,mlp,IsolationForest,remove,0,8,31229251103.794308
california_housing,mlp,IsolationForest,remove,0,9,30093183087.42768
california_housing,mlp,IsolationForest,remove,1,0,31496616265.479515
california_housing,mlp,IsolationForest,remove,1,1,29413334657.862137
california_housing,mlp,IsolationForest,remove,1,2,32382875045.267197
california_housing,mlp,IsolationForest,remove,1,3,30180735348.132084
california_housing,mlp,IsolationForest,remove,1,4,31769611991.599358
california_housing,mlp,IsolationForest,remove,1,5,31428151878.470085
california_housing,mlp,IsolationForest,remove,1,6,30065759620.658463
california_housing,mlp,IsolationForest,remove,1,7,31675058066.614235
california_housing,mlp,IsolationForest,remove,1,8,28920747608.75469
california_housing,mlp,IsolationForest,remove,1,9,35644897312.28376
california_housing,mlp,IsolationForest,remove,2,0,32880446341.321976
california_housing,mlp,IsolationForest,remove,2,1,28346224517.6459
california_housing,mlp,IsolationForest,remove,2,2,31604487389.76067
california_housing,mlp,IsolationForest,remove,2,3,30721876240.963364
california_housing,mlp,IsolationForest,remove,2,4,29937815114.08935
california_housing,mlp,IsolationForest,remove,2,5,32286932377.558933
california_housing,mlp,IsolationForest,remove,2,6,29808106800.761402
california_housing,mlp,IsolationForest,remove,2,7,35739966496.64047
california_housing,mlp,IsolationForest,remove,2,8,29369967093.941563
california_housing,mlp,IsolationForest,remove,2,9,32615660079.621716
california_housing,mlp,LOF,remove,0,0,32687156290.887764
california_housing,mlp,LOF,remove,0,1,33397536182.827763
california_housing,mlp,LOF,remove,0,2,32238214947.27371
california_housing,mlp,LOF,remove,0,3,29719241007.38691
california_housing,mlp,LOF,remove,0,4,33541896635.451244
california_housing,mlp,LOF,remove,0,5,32799705599.79408
california_housing,mlp,LOF,remove,0,6,30932347256.69424
california_housing,mlp,LOF,remove,0,7,31819673594.771313
california_housing,mlp,LOF,remove,0,8,33524954606.253872
california_housing,mlp,LOF,remove,0,9,32432133715.592094
california_housing,mlp,LOF,remove,1,0,32990132564.455406
california_housing,mlp,LOF,remove,1,1,31018200008.586636
california_housing,mlp,LOF,remove,1,2,33597467472.329487
california_housing,mlp,LOF,remove,1,3,30795425680.791664
california_housing,mlp,LOF,remove,1,4,33815031948.650116
california_housing,mlp,LOF,remove,1,5,32009608412.745956
california_housing,mlp,LOF,remove,1,6,30079011257.282967
california_housing,mlp,LOF,remove,1,7,31326179180.033794
california_housing,mlp,LOF,remove,1,8,31223027862.40563
california_housing,mlp,LOF,remove,1,9,33900563687.49605
california_housing,mlp,LOF,remove,2,0,33564218345.02834
california_housing,mlp,LOF,remove,2,1,30392576106.322098
california_housing,mlp,LOF,remove,2,2,32839528781.19604
california_housing,mlp,LOF,remove,2,3,33168686367.590916
california_housing,mlp,LOF,remove,2,4,31712944609.5483
california_housing,mlp,LOF,remove,2,5,31955759389.23046
california_housing,mlp,LOF,remove,2,6,31643145231.738125
california_housing,mlp,LOF,remove,2,7,36130019912.596954
california_housing,mlp,LOF,remove,2,8,30700274181.875225
california_housing,mlp,LOF,remove,2,9,32959355310.86107
california_housing,mlp,Autoencoder,remove,0,0,32790518663.012432
california_housing,mlp,Autoencoder,remove,0,1,32229919372.037308
california_housing,mlp,Autoencoder,remove,0,2,31753737749.196774
california_housing,mlp,Autoencoder,remove,0,3,31332284212.479774
california_housing,mlp,Autoencoder,remove,0,4,34025074603.12848
california_housing,mlp,Autoencoder,remove,0,5,30697554794.35482
california_housing,mlp,Autoencoder,remove,0,6,30428895774.403618
california_housing,mlp,Autoencoder,remove,0,7,31190933590.788643
california_housing,mlp,Autoencoder,remove,0,8,30906468938.531807
california_housing,mlp,Autoencoder,remove,0,9,30102585403.719814
california_housing,mlp,Autoencoder,remove,1,0,32066581101.32097
california_housing,mlp,Autoencoder,remove,1,1,29390069954.40334
california_housing,mlp,Autoencoder,remove,1,2,31813412656.77475
california_housing,mlp,Autoencoder,remove,1,3,30884614551.272484
california_housing,mlp,Autoencoder,remove,1,4,32548677629.307495
california_housing,mlp,Autoencoder,remove,1,5,31269918019.9385
california_housing,mlp,Autoencoder,remove,1,6,30827995791.860558
california_housing,mlp,Autoencoder,remove,1,7,32144734770.641144
california_housing,mlp,Autoencoder,remove,1,8,29420993405.354904
california_housing,mlp,Autoencoder,remove,1,9,35576757192.537964
california_housing,mlp,Autoencoder,remove,2,0,31849835951.573986
california_housing,mlp,Autoencoder,remove,2,1,28305798069.391117
california_housing,mlp,Autoencoder,remove,2,2,31215525875.712032
california_housing,mlp,Autoencoder,remove,2,3,30892676303.68939
california_housing,mlp,Autoencoder,remove,2,4,30255066641.91271
california_housing,mlp,Autoencoder,remove,2,5,33534269601.391624
california_housing,mlp,Autoencoder,remove,2,6,29934425613.752247
california_housing,mlp,Autoencoder,remove,2,7,36197605306.91742
california_housing,mlp,Autoencoder,remove,2,8,30635081160.773838
california_housing,mlp,Autoencoder,remove,2,9,32494012081.28899
california_housing,xgboost,None,remove,0,0,2172654819.9203744
california_housing,xgboost,None,remove,0,1,2266420610.8217554
california_housing,xgboost,None,remove,0,2,2328918480.301211
california_housing,xgboost,None,remove,0,3,2377890226.597509
california_housing,xgboost,None,remove,0,4,2102874430.7890713
california_housing,xgboost,None,remove,0,5,2315830260.0786166
california_housing,xgboost,None,remove,0,6,2297315501.575301
california_housing,xgboost,None,remove,0,7,2461214370.666447
california_housing,xgboost,None,remove,0,8,2413486144.2470303
california_housing,xgboost,None,remove,0,9,2488461162.985742
california_housing,xgboost,None,remove,1,0,2355496185.9895406
california_housing,xgboost,None,remove,1,1,2113591006.6230497
california_housing,xgboost,None,remove,1,2,2231772701.740087
california_housing,xgboost,None,remove,1,3,2294864454.0761247
california_housing,xgboost,None,remove,1,4,2323261502.118132
california_housing,xgboost,None,remove,1,5,2368675416.7365255
california_housing,xgboost,None,remove,1,6,2335102152.0512424
california_housing,xgboost,None,remove,1,7,2287658200.907186
california_housing,xgboost,None,remove,1,8,2364170642.658507
california_housing,xgboost,None,remove,1,9,2442473672.3359537
california_housing,xgboost,None,remove,2,0,2469251237.4181223
california_housing,xgboost,None,remove,2,1,2355579566.621776
california_housing,xgboost,None,remove,2,2,2197566951.9724007
california_housing,xgboost,None,remove,2,3,2343281749.902732
california_housing,xgboost,None,remove,2,4,2288714270.841309
california_housing,xgboost,None,remove,2,5,2328743368.95941
california_housing,xgboost,None,remove,2,6,2432391727.413902
california_housing,xgboost,None,remove,2,7,2429971531.65501
california_housing,xgboost,None,remove,2,8,2108614615.5488794
california_housing,xgboost,None,remove,2,9,2290949485.9584665
california_housing,xgboost,ZScore,remove,0,0,2436025622.2891498
california_housing,xgboost,ZScore,remove,0,1,2277040739.8142786
california_housing,xgboost,ZScore,remove,0,2,2525243888.484798
california_housing,xgboost,ZScore,remove,0,3,2404977905.6451893
california_housing,xgboost,ZScore,remove,0,4,2108242016.2802706
california_housing,xgboost,ZScore,remove,0,5,2572301382.285077
california_housing,xgboost,ZScore,remove,0,6,2242390329.9619694
california_housing,xgboost,ZScore,remove,0,7,2442376572.5203967
california_housing,xgboost,ZScore,remove,0,8,2307967626.365929
california_housing,xgboost,ZScore,remove,0,9,2451758190.961879
california_housing,xgboost,ZScore,remove,1,0,2259247790.8654175
california_housing,xgboost,ZScore,remove,1,1,2131648847.6068363
california_housing,xgboost,ZScore,remove,1,2,2221702898.6829634
california_housing,xgboost,ZScore,remove,1,3,2356316096.716094
california_housing,xgboost,ZScore,remove,1,4,2509801781.976796
california_housing,xgboost,ZScore,remove,1,5,2244878788.614587
california_housing,xgboost,ZScore,remove,1,6,2404043008.561102
california_housing,xgboost,ZScore,remove,1,7,2341305895.7700925
california_housing,xgboost,ZScore,remove,1,8,2530681522.1750526
california_housing,xgboost,ZScore,remove,1,9,2453134710.9271784
california_housing,xgboost,ZScore,remove,2,0,2559627806.0407724
california_housing,xgboost,ZScore,remove,2,1,2348886105.228061
california_housing,xgboost,ZScore,remove,2,2,2303110497.115496
california_housing,xgboost,ZScore,remove,2,3,2454999578.9135222
california_housing,xgboost,ZScore,remove,2,4,2454074779.120159
california_housing,xgboost,ZScore,remove,2,5,2306327488.7460346
california_housing,xgboost,ZScore,remove,2,6,2655256592.7989607
california_housing,xgboost,ZScore,remove,2,7,2300921630.6280503
california_housing,xgboost,ZScore,remove,2,8,2042679627.9423103
california_housing,xgboost,ZScore,remove,2,9,2349220091.5189595
california_housing,xgboost,ZScore,clip,0,0,2221240653.803977
california_housing,xgboost,ZScore,clip,0,1,2303588507.7754564
california_housing,xgboost,ZScore,clip,0,2,2341056928.3610344
california_housing,xgboost,ZScore,clip,0,3,2393632278.1226892
california_housing,xgboost,ZScore,clip,0,4,2114714766.098899
california_housing,xgboost,ZScore,clip,0,5,2483923170.9914236
california_housing,xgboost,ZScore,clip,0,6,2190153205.5268598
california_housing,xgboost,ZScore,clip,0,7,2552230830.403178
california_housing,xgboost,ZScore,clip,0,8,2452522385.3218536
california_housing,xgboost,ZScore,clip,0,9,2460705040.670888
california_housing,xgboost,ZScore,clip,1,0,2421927525.660696
california_housing,xgboost,ZScore,clip,1,1,2119905808.1945999
california_housing,xgboost,ZScore,clip,1,2,2359360081.0674543
california_housing,xgboost,ZScore,clip,1,3,2467980606.51001
california_housing,xgboost,ZScore,clip,1,4,2254454267.4381266
california_housing,xgboost,ZScore,clip,1,5,2418318983.7578893
california_housing,xgboost,ZScore,clip,1,6,2235669767.9397902
california_housing,xgboost,ZScore,clip,1,7,2418638968.250499
california_housing,xgboost,ZScore,clip,1,8,2401041086.150495
california_housing,xgboost,ZScore,clip,1,9,2344665980.8398414
california_housing,xgboost,ZScore,clip,2,0,2436726303.2333384
california_housing,xgboost,ZScore,clip,2,1,2344427196.8799257
california_housing,xgboost,ZScore,clip,2,2,2233247334.214293
california_housing,xgboost,ZScore,clip,2,3,2384739051.6406226
california_housing,xgboost,ZScore,clip,2,4,2366188147.792209
california_housing,xgboost,ZScore,clip,2,5,2369172565.0352607
california_housing,xgboost,ZScore,clip,2,6,2493265988.1036973
california_housing,xgboost,ZScore,clip,2,7,2397855308.9377174
california_housing,xgboost,ZScore,clip,2,8,2021379393.2865648
california_housing,xgboost,ZScore,clip,2,9,2286258593.4004707
california_housing,xgboost,Percentile,remove,0,0,3392042937.553101
california_housing,xgboost,Percentile,remove,0,1,3260983544.1225057
california_housing,xgboost,Percentile,remove,0,2,3407871772.1781254
california_housing,xgboost,Percentile,remove,0,3,3150114678.663741
california_housing,xgboost,Percentile,remove,0,4,3228465008.3881793
california_housing,xgboost,Percentile,remove,0,5,3278218524.5798225
california_housing,xgboost,Percentile,remove,0,6,3042110431.115641
california_housing,xgboost,Percentile,remove,0,7,3131084997.9576426
california_housing,xgboost,Percentile,remove,0,8,3550442655.497451
california_housing,xgboost,Percentile,remove,0,9,3332722032.2154846
california_housing,xgboost,Percentile,remove,1,0,3210769283.2683864
california_housing,xgboost,Percentile,remove,1,1,2785958858.3868585
california_housing,xgboost,Percentile,remove,1,2,3216747640.1747084
california_housing,xgboost,Percentile,remove,1,3,3270199805.991758
california_housing,xgboost,Percentile,remove,1,4,3251417870.2892394
california_housing,xgboost,Percentile,remove,1,5,3303076465.1536775
california_housing,xgboost,Percentile,remove,1,6,3185212397.3945813
california_housing,xgboost,Percentile,remove,1,7,3450441668.0430574
california_housing,xgboost,Percentile,remove,1,8,3320573690.775205
california_housing,xgboost,Percentile,remove,1,9,3659059861.120356
california_housing,xgboost,Percentile,remove,2,0,3506318882.5150084
california_housing,xgboost,Percentile,remove,2,1,3171954552.331065
california_housing,xgboost,Percentile,remove,2,2,2916067196.496771
california_housing,xgboost,Percentile,remove,2,3,3115125612.948494
california_housing,xgboost,Percentile,remove,2,4,3274315814.6445937
california_housing,xgboost,Percentile,remove,2,5,3356636062.6051183
california_housing,xgboost,Percentile,remove,2,6,3721674006.4096
california_housing,xgboost,Percentile,remove,2,7,3195312237.42086
california_housing,xgboost,Percentile,remove,2,8,3119808876.889199
california_housing,xgboost,Percentile,remove,2,9,3252678232.2004304
california_housing,xgboost,Percentile,clip,0,0,2385722469.7213078
california_housing,xgboost,Percentile,clip,0,1,2498292174.484531
california_housing,xgboost,Percentile,clip,0,2,2414031055.0506167
california_housing,xgboost,Percentile,clip,0,3,2442210986.012601
california_housing,xgboost,Percentile,clip,0,4,2327637804.5994368
california_housing,xgboost,Percentile,clip,0,5,2487561205.3587513
california_housing,xgboost,Percentile,clip,0,6,2408008422.837642
california_housing,xgboost,Percentile,clip,0,7,2534166975.322364
california_housing,xgboost,Percentile,clip,0,8,2457344016.1277456
california_housing,xgboost,Percentile,clip,0,9,2358629701.7237334
california_housing,xgboost,Percentile,clip,1,0,2287206295.0906315
california_housing,xgboost,Percentile,clip,1,1,2151945280.90382
california_housing,xgboost,Percentile,clip,1,2,2485207918.5327563
california_housing,xgboost,Percentile,clip,1,3,2579182761.4167633
california_housing,xgboost,Percentile,clip,1,4,2468202550.021521
california_housing,xgboost,Percentile,clip,1,5,2651031820.217432
california_housing,xgboost,Percentile,clip,1,6,2416996091.857742
california_housing,xgboost,Percentile,clip,1,7,2463447272.3841534
california_housing,xgboost,Percentile,clip,1,8,2352176879.3654013
california_housing,xgboost,Percentile,clip,1,9,2409355733.6992626
california_housing,xgboost,Percentile,clip,2,0,2483729172.5504255
california_housing,xgboost,Percentile,clip,2,1,2276259708.8232656
california_housing,xgboost,Percentile,clip,2,2,2296804785.3500605
california_housing,xgboost,Percentile,clip,2,3,2483741401.089999
california_housing,xgboost,Percentile,clip,2,4,2402806707.9552
california_housing,xgboost,Percentile,clip,2,5,2361739640.740484
california_housing,xgboost,Percentile,clip,2,6,2790860984.2504735
california_housing,xgboost,Percentile,clip,2,7,2330738970.4713287
california_housing,xgboost,Percentile,clip,2,8,2208926357.6454496
california_housing,xgboost,Percentile,clip,2,9,2471441940.1863246
california_housing,xgboost,IsolationForest,remove,0,0,2469993236.0971212
california_housing,xgboost,IsolationForest,remove,0,1,2402922876.006875
california_housing,xgboost,IsolationForest,remove,0,2,2425323333.745782
california_housing,xgboost,IsolationForest,remove,0,3,2362928651.2122927
california_housing,xgboost,IsolationForest,remove,0,4,2281729740.4885006
california_housing,xgboost,IsolationForest,remove,0,5,2546867542.775549
california_housing,xgboost,IsolationForest,remove,0,6,2235050819.4082155
california_housing,xgboost,IsolationForest,remove,0,7,2570396253.050789
california_housing,xgboost,IsolationForest,remove,0,8,2571773866.9767857
california_housing,xgboost,IsolationForest,remove,0,9,2399847964.2439666
california_housing,xgboost,IsolationForest,remove,1,0,2393768912.590583
california_housing,xgboost,IsolationForest,remove,1,1,2123318877.7436693
california_housing,xgboost,IsolationForest,remove,1,2,2414604151.2935977
california_housing,xgboost,IsolationForest,remove,1,3,2496173538.148292
california_housing,xgboost,IsolationForest,remove,1,4,2538524865.406869
california_housing,xgboost,IsolationForest,remove,1,5,2386935377.8833113
california_housing,xgboost,IsolationForest,remove,1,6,2352420272.1478853
california_housing,xgboost,IsolationForest,remove,1,7,2299121044.1921873
california_housing,xgboost,IsolationForest,remove,1,8,2493710356.2402515
california_housing,xgboost,IsolationForest,remove,1,9,2500073124.006719
california_housing,xgboost,IsolationForest,remove,2,0,2765038756.7697453
california_housing,xgboost,IsolationForest,remove,2,1,2208884349.512354
california_housing,xgboost,IsolationForest,remove,2,2,2311559830.089281
california_housing,xgboost,IsolationForest,remove,2,3,2482599062.3190126
california_housing,xgboost,IsolationForest,remove,2,4,2428496793.7119775
california_housing,xgboost,IsolationForest,remove,2,5,2490992551.9226875
california_housing,xgboost,IsolationForest,remove,2,6,2603290695.6948237
california_housing,xgboost,IsolationForest,remove,2,7,2297066226.7514806
california_housing,xgboost,IsolationForest,remove,2,8,2298318439.509184
california_housing,xgboost,IsolationForest,remove,2,9,2309803214.125248
california_housing,xgboost,LOF,remove,0,0,2353874711.6161
california_housing,xgboost,LOF,remove,0,1,2297550597.6137314
california_housing,xgboost,LOF,remove,0,2,2522316198.0823646
california_housing,xgboost,LOF,remove,0,3,2461981516.571441
california_housing,xgboost,LOF,remove,0,4,2139876815.8438098
california_housing,xgboost,LOF,remove,0,5,2340204184.533077
california_housing,xgboost,LOF,remove,0,6,2270988478.5679708
california_housing,xgboost,LOF,remove,0,7,2388638119.261847
california_housing,xgboost,LOF,remove,0,8,2576320174.733899
california_housing,xgboost,LOF,remove,0,9,2517293033.2064233
california_housing,xgboost,LOF,remove,1,0,2287273259.914776
california_housing,xgboost,LOF,remove,1,1,2223673886.60389
california_housing,xgboost,LOF,remove,1,2,2384085706.819508
california_housing,xgboost,LOF,remove,1,3,2492033631.9430943
california_housing,xgboost,LOF,remove,1,4,2615466345.657775
california_housing,xgboost,LOF,remove,1,5,2378555206.4261904
california_housing,xgboost,LOF,remove,1,6,2239693700.674585
california_housing,xgboost,LOF,remove,1,7,2416707668.7319164
california_housing,xgboost,LOF,remove,1,8,2526551102.3561335
california_housing,xgboost,LOF,remove,1,9,2452374005.3890934
california_housing,xgboost,LOF,remove,2,0,2753005064.24361
california_housing,xgboost,LOF,remove,2,1,2246028149.9602723
california_housing,xgboost,LOF,remove,2,2,2262384965.3628182
california_housing,xgboost,LOF,remove,2,3,2398584139.401993
california_housing,xgboost,LOF,remove,2,4,2295370457.7679043
california_housing,xgboost,LOF,remove,2,5,2464535637.8435373
california_housing,xgboost,LOF,remove,2,6,2675907834.9286747
california_housing,xgboost,LOF,remove,2,7,2405476354.3080425
california_housing,xgboost,LOF,remove,2,8,2090763719.9446092
california_housing,xgboost,LOF,remove,2,9,2225476328.488938
california_housing,xgboost,Autoencoder,remove,0,0,2391996524.713393
california_housing,xgboost,Autoencoder,remove,0,1,2185616883.742436
california_housing,xgboost,Autoencoder,remove,0,2,2368320557.8189454
california_housing,xgboost,Autoencoder,remove,0,3,2408205008.890611
california_housing,xgboost,Autoencoder,remove,0,4,2196924851.036231
california_housing,xgboost,Autoencoder,remove,0,5,2518007213.553102
california_housing,xgboost,Autoencoder,remove,0,6,2333937478.8940477
california_housing,xgboost,Autoencoder,remove,0,7,2524885324.8825207
california_housing,xgboost,Autoencoder,remove,0,8,2517614783.1535716
california_housing,xgboost,Autoencoder,remove,0,9,2438282801.2679467
california_housing,xgboost,Autoencoder,remove,1,0,2506533371.1524663
california_housing,xgboost,Autoencoder,remove,1,1,2200137472.4278603
california_housing,xgboost,Autoencoder,remove,1,2,2466663476.8366337
california_housing,xgboost,Autoencoder,remove,1,3,2359590752.914757
california_housing,xgboost,Autoencoder,remove,1,4,2392737955.7361197
california_housing,xgboost,Autoencoder,remove,1,5,2396895411.41512
california_housing,xgboost,Autoencoder,remove,1,6,2336108815.2929997
california_housing,xgboost,Autoencoder,remove,1,7,2330428202.4230313
california_housing,xgboost,Autoencoder,remove,1,8,2290093750.2762675
california_housing,xgboost,Autoencoder,remove,1,9,2426405102.3459105
california_housing,xgboost,Autoencoder,remove,2,0,2779330899.2578673
california_housing,xgboost,Autoencoder,remove,2,1,2362232946.048179
california_housing,xgboost,Autoencoder,remove,2,2,2381242908.461497
california_housing,xgboost,Autoencoder,remove,2,3,2425561282.5262375
california_housing,xgboost,Autoencoder,remove,2,4,2335434184.009735
california_housing,xgboost,Autoencoder,remove,2,5,2279660512.6587873
california_housing,xgboost,Autoencoder,remove,2,6,2471479513.9312267
california_housing,xgboost,Autoencoder,remove,2,7,2470935159.2449126
california_housing,xgboost,Autoencoder,remove,2,8,2034296734.9594243
california_housing,xgboost,Autoencoder,remove,2,9,2318624085.850461
california_housing,randomforest,None,remove,0,0,2263774056.4750614
california_housing,randomforest,None,remove,0,1,2426625977.4690304
california_housing,randomforest,None,remove,0,2,2600045599.030131
california_housing,randomforest,None,remove,0,3,2436500592.4132633
california_housing,randomforest,None,remove,0,4,2382906907.1115456
california_housing,randomforest,None,remove,0,5,2460872587.983282
california_housing,randomforest,None,remove,0,6,2420657293.892828
california_housing,randomforest,None,remove,0,7,2498280546.040442
california_housing,randomforest,None,remove,0,8,2651507491.527019
california_housing,randomforest,None,remove,0,9,2652397287.6395617
california_housing,randomforest,None,remove,1,0,2540525193.8893356
california_housing,randomforest,None,remove,1,1,2444709710.0060334
california_housing,randomforest,None,remove,1,2,2625715407.5294285
california_housing,randomforest,None,remove,1,3,2403732513.305961
california_housing,randomforest,None,remove,1,4,2499912210.711089
california_housing,randomforest,None,remove,1,5,2462811787.053554
california_housing,randomforest,None,remove,1,6,2333822539.64985
california_housing,randomforest,None,remove,1,7,2545400836.7524033
california_housing,randomforest,None,remove,1,8,2625809835.455259
california_housing,randomforest,None,remove,1,9,2581427901.683728
california_housing,randomforest,None,remove,2,0,2859847723.9624476
california_housing,randomforest,None,remove,2,1,2427521198.6225605
california_housing,randomforest,None,remove,2,2,2580137166.7452955
california_housing,randomforest,None,remove,2,3,2535021751.3100286
california_housing,randomforest,None,remove,2,4,2482930090.879261
california_housing,randomforest,None,remove,2,5,2572106957.1634097
california_housing,randomforest,None,remove,2,6,2500026759.918611
california_housing,randomforest,None,remove,2,7,2476664943.1343803
california_housing,randomforest,None,remove,2,8,2330687440.3520226
california_housing,randomforest,None,remove,2,9,2410153994.54928
california_housing,randomforest,ZScore,remove,0,0,2357516574.004063
california_housing,randomforest,ZScore,remove,0,1,2462774489.977851
california_housing,randomforest,ZScore,remove,0,2,2614420696.844449
california_housing,randomforest,ZScore,remove,0,3,2329539328.147148
california_housing,randomforest,ZScore,remove,0,4,2426178098.6682725
california_housing,randomforest,ZScore,remove,0,5,2533671266.7800837
california_housing,randomforest,ZScore,remove,0,6,2501451546.064457
california_housing,randomforest,ZScore,remove,0,7,2595271855.2480726
california_housing,randomforest,ZScore,remove,0,8,2649531887.650158
california_housing,randomforest,ZScore,remove,0,9,2704520762.0852833
california_housing,randomforest,ZScore,remove,1,0,2564618204.9943633
california_housing,randomforest,ZScore,remove,1,1,2469657996.090373
california_housing,randomforest,ZScore,remove,1,2,2575564376.3041167
california_housing,randomforest,ZScore,remove,1,3,2476470623.757397
california_housing,randomforest,ZScore,remove,1,4,2583985079.117769
california_housing,randomforest,ZScore,remove,1,5,2412370995.3773146
california_housing,randomforest,ZScore,remove,1,6,2350054985.6532345
california_housing,randomforest,ZScore,remove,1,7,2565684231.2030387
california_housing,randomforest,ZScore,remove,1,8,2643258722.631762
california_housing,randomforest,ZScore,remove,1,9,2600937863.063831
california_housing,randomforest,ZScore,remove,2,0,2879883901.051953
california_housing,randomforest,ZScore,remove,2,1,2364143211.0952916
california_housing,randomforest,ZScore,remove,2,2,2589825843.8881793
california_housing,randomforest,ZScore,remove,2,3,2509952497.6622076
california_housing,randomforest,ZScore,remove,2,4,2618989498.434455
california_housing,randomforest,ZScore,remove,2,5,2559849702.4489594
california_housing,randomforest,ZScore,remove,2,6,2573453608.5210023
california_housing,randomforest,ZScore,remove,2,7,2483543457.753537
california_housing,randomforest,ZScore,remove,2,8,2331950013.465228
california_housing,randomforest,ZScore,remove,2,9,2469810898.788123
california_housing,randomforest,ZScore,clip,0,0,2257432934.3893485
california_housing,randomforest,ZScore,clip,0,1,2446816406.6565
california_housing,randomforest,ZScore,clip,0,2,2588835097.7286134
california_housing,randomforest,ZScore,clip,0,3,2449911012.554491
california_housing,randomforest,ZScore,clip,0,4,2380254166.3876038
california_housing,randomforest,ZScore,clip,0,5,2466264692.879763
california_housing,randomforest,ZScore,clip,0,6,2412009253.5344744
california_housing,randomforest,ZScore,clip,0,7,2502490552.5393863
california_housing,randomforest,ZScore,clip,0,8,2664772348.6481223
california_housing,randomforest,ZScore,clip,0,9,2652900126.710373
california_housing,randomforest,ZScore,clip,1,0,2549797887.920776
california_housing,randomforest,ZScore,clip,1,1,2451776725.1009417
california_housing,randomforest,ZScore,clip,1,2,2619472295.506886
california_housing,randomforest,ZScore,clip,1,3,2389961606.2227597
california_housing,randomforest,ZScore,clip,1,4,2491987901.0325804
california_housing,randomforest,ZScore,clip,1,5,2476338320.1023464
california_housing,randomforest,ZScore,clip,1,6,2329839456.266235
california_housing,randomforest,ZScore,clip,1,7,2550593942.297071
california_housing,randomforest,ZScore,clip,1,8,2628793732.2155776
california_housing,randomforest,ZScore,clip,1,9,2566809728.1076083
california_housing,randomforest,ZScore,clip,2,0,2872628791.9944835
california_housing,randomforest,ZScore,clip,2,1,2442286804.30448
california_housing,randomforest,ZScore,clip,2,2,2584125049.83265
california_housing,randomforest,ZScore,clip,2,3,2549437684.3402934
california_housing,randomforest,ZScore,clip,2,4,2482491201.291599
california_housing,randomforest,ZScore,clip,2,5,2584224290.8614264
california_housing,randomforest,ZScore,clip,2,6,2490247649.2701507
california_housing,randomforest,ZScore,clip,2,7,2479453807.4221883
california_housing,randomforest,ZScore,clip,2,8,2324097040.6608024
california_housing,randomforest,ZScore,clip,2,9,2417866513.4987407
california_housing,randomforest,Percentile,remove,0,0,3864975998.903936
california_housing,randomforest,Percentile,remove,0,1,3918092541.6085324
california_housing,randomforest,Percentile,remove,0,2,3834567232.937574
california_housing,randomforest,Percentile,remove,0,3,4020312374.6926794
california_housing,randomforest,Percentile,remove,0,4,3733066685.5368905
california_housing,randomforest,Percentile,remove,0,5,3516122413.451298
california_housing,randomforest,Percentile,remove,0,6,3659863866.8277893
california_housing,randomforest,Percentile,remove,0,7,3925378854.923664
california_housing,randomforest,Percentile,remove,0,8,3703048446.9922185
california_housing,randomforest,Percentile,remove,0,9,4028810241.0240293
california_housing,randomforest,Percentile,remove,1,0,4050863376.0251865
california_housing,randomforest,Percentile,remove,1,1,3391587845.813341
california_housing,randomforest,Percentile,remove,1,2,3976401026.3768716
california_housing,randomforest,Percentile,remove,1,3,3921079134.729152
california_housing,randomforest,Percentile,remove,1,4,3540132979.55776
california_housing,randomforest,Percentile,remove,1,5,3683793255.1289053
california_housing,randomforest,Percentile,remove,1,6,3603317588.857868
california_housing,randomforest,Percentile,remove,1,7,3781093958.622167
california_housing,randomforest,Percentile,remove,1,8,3847522259.675581
california_housing,randomforest,Percentile,remove,1,9,4270543511.105976
california_housing,randomforest,Percentile,remove,2,0,3765206212.067681
california_housing,randomforest,Percentile,remove,2,1,3550985427.4504128
california_housing,randomforest,Percentile,remove,2,2,3723376959.537847
california_housing,randomforest,Percentile,remove,2,3,3509101742.040829
california_housing,randomforest,Percentile,remove,2,4,3946834278.5872297
california_housing,randomforest,Percentile,remove,2,5,4161254890.295751
california_housing,randomforest,Percentile,remove,2,6,4352048751.909828
california_housing,randomforest,Percentile,remove,2,7,3696717233.677321
california_housing,randomforest,Percentile,remove,2,8,3752251451.589775
california_housing,randomforest,Percentile,remove,2,9,3925856234.321293
california_housing,randomforest,Percentile,clip,0,0,2470777210.488846
california_housing,randomforest,Percentile,clip,0,1,2613162354.651293
california_housing,randomforest,Percentile,clip,0,2,2788174513.831905
california_housing,randomforest,Percentile,clip,0,3,2526745523.4359145
california_housing,randomforest,Percentile,clip,0,4,2430637272.858
california_housing,randomforest,Percentile,clip,0,5,2604886925.5620084
california_housing,randomforest,Percentile,clip,0,6,2581293641.0194645
california_housing,randomforest,Percentile,clip,0,7,2471634669.776013
california_housing,randomforest,Percentile,clip,0,8,2651658170.611647
california_housing,randomforest,Percentile,clip,0,9,2708499109.1435356
california_housing,randomforest,Percentile,clip,1,0,2616686746.585554
california_housing,randomforest,Percentile,clip,1,1,2556346260.359715
california_housing,randomforest,Percentile,clip,1,2,2747102124.3908434
california_housing,randomforest,Percentile,clip,1,3,2428739781.996463
california_housing,randomforest,Percentile,clip,1,4,2550801914.754169
california_housing,randomforest,Percentile,clip,1,5,2598371758.127345
california_housing,randomforest,Percentile,clip,1,6,2428373397.679181
california_housing,randomforest,Percentile,clip,1,7,2642180662.276889
california_housing,randomforest,Percentile,clip,1,8,2636457481.5885367
california_housing,randomforest,Percentile,clip,1,9,2567584000.2322693
california_housing,randomforest,Percentile,clip,2,0,2873666135.8780184
california_housing,randomforest,Percentile,clip,2,1,2620892624.015523
california_housing,randomforest,Percentile,clip,2,2,2622365851.0818205
california_housing,randomforest,Percentile,clip,2,3,2645467203.6044946
california_housing,randomforest,Percentile,clip,2,4,2503847813.961756
california_housing,randomforest,Percentile,clip,2,5,2643580807.070337
california_housing,randomforest,Percentile,clip,2,6,2717770524.206578
california_housing,randomforest,Percentile,clip,2,7,2600301334.7643194
california_housing,randomforest,Percentile,clip,2,8,2398932708.5655622
california_housing,randomforest,Percentile,clip,2,9,2469384474.9820023
california_housing,randomforest,IsolationForest,remove,0,0,2366675760.792277
california_housing,randomforest,IsolationForest,remove,0,1,2534237995.0833817
california_housing,randomforest,IsolationForest,remove,0,2,2627519082.351377
california_housing,randomforest,IsolationForest,remove,0,3,2408177133.1976066
california_housing,randomforest,IsolationForest,remove,0,4,2538602806.6875467
california_housing,randomforest,IsolationForest,remove,0,5,2520849504.645377
california_housing,randomforest,IsolationForest,remove,0,6,2423723301.135858
california_housing,randomforest,IsolationForest,remove,0,7,2590461955.262139
california_housing,randomforest,IsolationForest,remove,0,8,2613509432.391487
california_housing,randomforest,IsolationForest,remove,0,9,2630867664.9247184
california_housing,randomforest,IsolationForest,remove,1,0,2688690479.748261
california_housing,randomforest,IsolationForest,remove,1,1,2464742026.8928804
california_housing,randomforest,IsolationForest,remove,1,2,2622908285.331209
california_housing,randomforest,IsolationForest,remove,1,3,2522857511.4724545
california_housing,randomforest,IsolationForest,remove,1,4,2521216534.661118
california_housing,randomforest,IsolationForest,remove,1,5,2385098497.277267
california_housing,randomforest,IsolationForest,remove,1,6,2304668376.0860023
california_housing,randomforest,IsolationForest,remove,1,7,2574282041.908857
california_housing,randomforest,IsolationForest,remove,1,8,2661836467.379093
california_housing,randomforest,IsolationForest,remove,1,9,2677250515.362031
california_housing,randomforest,IsolationForest,remove,2,0,2878227407.4407625
california_housing,randomforest,IsolationForest,remove,2,1,2464219937.4296045
california_housing,randomforest,IsolationForest,remove,2,2,2569602524.112202
california_housing,randomforest,IsolationForest,remove,2,3,2539838710.3522983
california_housing,randomforest,IsolationForest,remove,2,4,2577161250.9352684
california_housing,randomforest,IsolationForest,remove,2,5,2601611404.669699
california_housing,randomforest,IsolationForest,remove,2,6,2459811209.0345464
california_housing,randomforest,IsolationForest,remove,2,7,2441049623.6454206
california_housing,randomforest,IsolationForest,remove,2,8,2430648733.9571505
california_housing,randomforest,IsolationForest,remove,2,9,2465859885.0617123
california_housing,randomforest,LOF,remove,0,0,2218166869.1669006
california_housing,randomforest,LOF,remove,0,1,2571674373.3364167
california_housing,randomforest,LOF,remove,0,2,2677955089.2760754
california_housing,randomforest,LOF,remove,0,3,2434101642.713312
california_housing,randomforest,LOF,remove,0,4,2455383791.6952524
california_housing,randomforest,LOF,remove,0,5,2495153294.171625
california_housing,randomforest,LOF,remove,0,6,2429699172.6857533
california_housing,randomforest,LOF,remove,0,7,2552099353.139475
california_housing,randomforest,LOF,remove,0,8,2687542509.8931494
california_housing,randomforest,LOF,remove,0,9,2652039235.750273
california_housing,randomforest,LOF,remove,1,0,2608830060.645433
california_housing,randomforest,LOF,remove,1,1,2428224613.634171
california_housing,randomforest,LOF,remove,1,2,2700612208.085017
california_housing,randomforest,LOF,remove,1,3,2368482439.7310367
california_housing,randomforest,LOF,remove,1,4,2589286727.8974786
california_housing,randomforest,LOF,remove,1,5,2488460793.4591274
california_housing,randomforest,LOF,remove,1,6,2491143696.475892
california_housing,randomforest,LOF,remove,1,7,2577138343.0535393
california_housing,randomforest,LOF,remove,1,8,2658878675.3427906
california_housing,randomforest,LOF,remove,1,9,2521693724.91396
california_housing,randomforest,LOF,remove,2,0,2848839337.7294674
california_housing,randomforest,LOF,remove,2,1,2465428342.122776
california_housing,randomforest,LOF,remove,2,2,2577572768.2792926
california_housing,randomforest,LOF,remove,2,3,2548462644.162982
california_housing,randomforest,LOF,remove,2,4,2540385530.936978
california_housing,randomforest,LOF,remove,2,5,2597944238.1652193
california_housing,randomforest,LOF,remove,2,6,2470136204.8498096
california_housing,randomforest,LOF,remove,2,7,2488638114.5075126
california_housing,randomforest,LOF,remove,2,8,2353157584.513748
california_housing,randomforest,LOF,remove,2,9,2414983169.549621
california_housing,randomforest,Autoencoder,remove,0,0,2273012966.472372
california_housing,randomforest,Autoencoder,remove,0,1,2481225820.943423
california_housing,randomforest,Autoencoder,remove,0,2,2671783965.6706367
california_housing,randomforest,Autoencoder,remove,0,3,2462629747.2729774
california_housing,randomforest,Autoencoder,remove,0,4,2461064756.064039
california_housing,randomforest,Autoencoder,remove,0,5,2508727071.502589
california_housing,randomforest,Autoencoder,remove,0,6,2489876750.4272013
california_housing,randomforest,Autoencoder,remove,0,7,2585463805.253075
california_housing,randomforest,Autoencoder,remove,0,8,2649912456.525999
california_housing,randomforest,Autoencoder,remove,0,9,2670723967.0975246
california_housing,randomforest,Autoencoder,remove,1,0,2645502036.426772
california_housing,randomforest,Autoencoder,remove,1,1,2489230439.8824058
california_housing,randomforest,Autoencoder,remove,1,2,2698830215.6291666
california_housing,randomforest,Autoencoder,remove,1,3,2427041872.13474
california_housing,randomforest,Autoencoder,remove,1,4,2545616178.907554
california_housing,randomforest,Autoencoder,remove,1,5,2403036395.959039
california_housing,randomforest,Autoencoder,remove,1,6,2415493348.082961
california_housing,randomforest,Autoencoder,remove,1,7,2579980588.2492447
california_housing,randomforest,Autoencoder,remove,1,8,2640974557.2482557
california_housing,randomforest,Autoencoder,remove,1,9,2565841132.222915
california_housing,randomforest,Autoencoder,remove,2,0,2895059652.127344
california_housing,randomforest,Autoencoder,remove,2,1,2489090293.5662313
california_housing,randomforest,Autoencoder,remove,2,2,2598140848.1323137
california_housing,randomforest,Autoencoder,remove,2,3,2612896594.005882
california_housing,randomforest,Autoencoder,remove,2,4,2507755888.4456043
california_housing,randomforest,Autoencoder,remove,2,5,2631955129.2354107
california_housing,randomforest,Autoencoder,remove,2,6,2541006440.9361715
california_housing,randomforest,Autoencoder,remove,2,7,2448763436.091957
california_housing,randomforest,Autoencoder,remove,2,8,2400195014.241631
california_housing,randomforest,Autoencoder,remove,2,9,2527267992.8126106
cpu_act,mlp,None,remove,0,0,15.986106498700371
cpu_act,mlp,None,remove,0,1,9.890072618114253
cpu_act,mlp,None,remove,0,2,9.985194359034276
cpu_act,mlp,None,remove,0,3,10.808978541875076
cpu_act,mlp,None,remove,0,4,9.768946369129887
cpu_act,mlp,None,remove,0,5,9.913163426394261
cpu_act,mlp,None,remove,0,6,9.609265715785263
cpu_act,mlp,None,remove,0,7,12.072254332095767
cpu_act,mlp,None,remove,0,8,8.802840123242783
cpu_act,mlp,None,remove,0,9,9.680869867143498
cpu_act,mlp,None,remove,1,0,9.142157904534317
cpu_act,mlp,None,remove,1,1,9.672870176496273
cpu_act,mlp,None,remove,1,2,10.621598751199363
cpu_act,mlp,None,remove,1,3,8.86566547789499
cpu_act,mlp,None,remove,1,4,11.372313836683977
cpu_act,mlp,None,remove,1,5,9.405545951733158
cpu_act,mlp,None,remove,1,6,9.480503657021263
cpu_act,mlp,None,remove,1,7,13.402236143442297
cpu_act,mlp,None,remove,1,8,10.64174262277637
cpu_act,mlp,None,remove,1,9,9.942636399396733
cpu_act,mlp,None,remove,2,0,11.231982518118413
cpu_act,mlp,None,remove,2,1,9.350738468012587
cpu_act,mlp,None,remove,2,2,9.907083044066946
cpu_act,mlp,None,remove,2,3,9.058934380625011
cpu_act,mlp,None,remove,2,4,9.47340473965904
cpu_act,mlp,None,remove,2,5,11.049322190515415
cpu_act,mlp,None,remove,2,6,7.9754383078311895
cpu_act,mlp,None,remove,2,7,9.949825189927006
cpu_act,mlp,None,remove,2,8,15.288704175596761
cpu_act,mlp,None,remove,2,9,10.885298621540052
cpu_act,mlp,ZScore,remove,0,0,65347.830769437256
cpu_act,mlp,ZScore,remove,0,1,31486.708398177034
cpu_act,mlp,ZScore,remove,0,2,181152.15754412604
cpu_act,mlp,ZScore,remove,0,3,88754.38942325428
cpu_act,mlp,ZScore,remove,0,4,92776.98965702104
cpu_act,mlp,ZScore,remove,0,5,7041.208741502998
cpu_act,mlp,ZScore,remove,0,6,38579.24909263528
cpu_act,mlp,ZScore,remove,0,7,45115.27978284397
cpu_act,mlp,ZScore,remove,0,8,59348.24533550022
cpu_act,mlp,ZScore,remove,0,9,31501.309776244565
cpu_act,mlp,ZScore,remove,1,0,3862.37519092371
cpu_act,mlp,ZScore,remove,1,1,71201.11665394777
cpu_act,mlp,ZScore,remove,1,2,3752.9047057837547
cpu_act,mlp,ZScore,remove,1,3,21370.853784151466
cpu_act,mlp,ZScore,remove,1,4,41415.11749748052
cpu_act,mlp,ZScore,remove,1,5,13564.336447988637
cpu_act,mlp,ZScore,remove,1,6,93277.66950935984
cpu_act,mlp,ZScore,remove,1,7,28188.36286413963
cpu_act,mlp,ZScore,remove,1,8,62160.999427194285
cpu_act,mlp,ZScore,remove,1,9,27466.875198143818
cpu_act,mlp,ZScore,remove,2,0,88702.535925878
cpu_act,mlp,ZScore,remove,2,1,9862.673258869854
cpu_act,mlp,ZScore,remove,2,2,579.6476007575104
cpu_act,mlp,ZScore,remove,2,3,1937.6975747754964
cpu_act,mlp,ZScore,remove,2,4,34784.35876064932
cpu_act,mlp,ZScore,remove,2,5,48259.66241159622
cpu_act,mlp,ZScore,remove,2,6,31134.29139188721
cpu_act,mlp,ZScore,remove,2,7,12255.517666670456
cpu_act,mlp,ZScore,remove,2,8,40707.21048822188
cpu_act,mlp,ZScore,remove,2,9,70492.11828931587
cpu_act,mlp,ZScore,clip,0,0,13.050074688152822
cpu_act,mlp,ZScore,clip,0,1,10.018087016627202
cpu_act,mlp,ZScore,clip,0,2,10.501935152435246
cpu_act,mlp,ZScore,clip,0,3,11.43072440129957
cpu_act,mlp,ZScore,clip,0,4,10.24471965686217
cpu_act,mlp,ZScore,clip,0,5,9.40475321248363
cpu_act,mlp,ZScore,clip,0,6,9.62477262220843
cpu_act,mlp,ZScore,clip,0,7,11.439059750897897
cpu_act,mlp,ZScore,clip,0,8,9.615702140932218
cpu_act,mlp,ZScore,clip,0,9,9.979976742379405
cpu_act,mlp,ZScore,clip,1,0,9.704462087196678
cpu_act,mlp,ZScore,clip,1,1,9.854468436382732
cpu_act,mlp,ZScore,clip,1,2,10.075496687546126
cpu_act,mlp,ZScore,clip,1,3,9.083833531649592
cpu_act,mlp,ZScore,clip,1,4,11.482926122461532
cpu_act,mlp,ZScore,clip,1,5,10.072257291093692
cpu_act,mlp,ZScore,clip,1,6,9.488080641004784
cpu_act,mlp,ZScore,clip,1,7,13.724824462635286
cpu_act,mlp,ZScore,clip,1,8,11.587841548609923
cpu_act,mlp,ZScore,clip,1,9,9.66588427711327
cpu_act,mlp,ZScore,clip,2,0,11.042319063478208
cpu_act,mlp,ZScore,clip,2,1,10.338556281445076
cpu_act,mlp,ZScore,clip,2,2,9.910506751939282
cpu_act,mlp,ZScore,clip,2,3,9.628502811900596
cpu_act,mlp,ZScore,clip,2,4,9.811258645061342
cpu_act,mlp,ZScore,clip,2,5,10.590174437637161
cpu_act,mlp,ZScore,clip,2,6,8.356798097476817
cpu_act,mlp,ZScore,clip,2,7,9.518464091721052
cpu_act,mlp,ZScore,clip,2,8,14.931573819230689
cpu_act,mlp,ZScore,clip,2,9,10.102504611264147
cpu_act,mlp,Percentile,remove,0,0,810036.6856687311
cpu_act,mlp,Percentile,remove,0,1,255651.01224059382
cpu_act,mlp,Percentile,remove,0,2,456274.87974605523
cpu_act,mlp,Percentile,remove,0,3,341717.17683055985
cpu_act,mlp,Percentile,remove,0,4,487440.63725180866
cpu_act,mlp,Percentile,remove,0,5,61953.917245724726
cpu_act,mlp,Percentile,remove,0,6,376375.52291685547
cpu_act,mlp,Percentile,remove,0,7,176152.82262991817
cpu_act,mlp,Percentile,remove,0,8,244990.65335609633
cpu_act,mlp,Percentile,remove,0,9,176665.70891595245
cpu_act,mlp,Percentile,remove,1,0,126764.4116011915
cpu_act,mlp,Percentile,remove,1,1,264554.2554818976
cpu_act,mlp,Percentile,remove,1,2,193724.2633116675
cpu_act,mlp,Percentile,remove,1,3,135714.627029048
cpu_act,mlp,Percentile,remove,1,4,302045.3772933778
cpu_act,mlp,Percentile,remove,1,5,251916.51759848327
cpu_act,mlp,Percentile,remove,1,6,599836.1928471939
cpu_act,mlp,Percentile,remove,1,7,153305.89699179603
cpu_act,mlp,Percentile,remove,1,8,215960.81277275897
cpu_act,mlp,Percentile,remove,1,9,292009.4205706336
cpu_act,mlp,Percentile,remove,2,0,368668.4457783747
cpu_act,mlp,Percentile,remove,2,1,454413.435741742
cpu_act,mlp,Percentile,remove,2,2,173134.6374553433
cpu_act,mlp,Percentile,remove,2,3,200712.78370972114
cpu_act,mlp,Percentile,remove,2,4,182037.8857420614
cpu_act,mlp,Percentile,remove,2,5,446686.808991534
cpu_act,mlp,Percentile,remove,2,6,213241.15881655677
cpu_act,mlp,Percentile,remove,2,7,131743.72418154532
cpu_act,mlp,Percentile,remove,2,8,243244.4000664806
cpu_act,mlp,Percentile,remove,2,9,545135.6720408349
cpu_act,mlp,Percentile,clip,0,0,51.70896529252935
cpu_act,mlp,Percentile,clip,0,1,30.74026617754842
cpu_act,mlp,Percentile,clip,0,2,34.06167419966867
cpu_act,mlp,Percentile,clip,0,3,36.390985654541716
cpu_act,mlp,Percentile,clip,0,4,18.32561032929273
cpu_act,mlp,Percentile,clip,0,5,24.626695079200356
cpu_act,mlp,Percentile,clip,0,6,26.56876776873203
cpu_act,mlp,Percentile,clip,0,7,19.25762266045589
cpu_act,mlp,Percentile,clip,0,8,23.44499116098083
cpu_act,mlp,Percentile,clip,0,9,27.575081012960624
cpu_act,mlp,Percentile,clip,1,0,15.724327980987074
cpu_act,mlp,Percentile,clip,1,1,26.681778584205443
cpu_act,mlp,Percentile,clip,1,2,37.8273627479874
cpu_act,mlp,Percentile,clip,1,3,23.940100510961166
cpu_act,mlp,Percentile,clip,1,4,23.87304810133388
cpu_act,mlp,Percentile,clip,1,5,22.401018949939772
cpu_act,mlp,Percentile,clip,1,6,31.78253337595747
cpu_act,mlp,Percentile,clip,1,7,27.14939822779056
cpu_act,mlp,Percentile,clip,1,8,30.505504284522072
cpu_act,mlp,Percentile,clip,1,9,30.14171632200551
cpu_act,mlp,Percentile,clip,2,0,22.203459785473324
cpu_act,mlp,Percentile,clip,2,1,35.30256320829571
cpu_act,mlp,Percentile,clip,2,2,20.116633087634074
cpu_act,mlp,Percentile,clip,2,3,24.06567556269659
cpu_act,mlp,Percentile,clip,2,4,43.761952866129
cpu_act,mlp,Percentile,clip,2,5,34.48107852417693
cpu_act,mlp,Percentile,clip,2,6,23.158583515019927
cpu_act,mlp,Percentile,clip,2,7,37.58000831449625
cpu_act,mlp,Percentile,clip,2,8,21.057312361591016
cpu_act,mlp,Percentile,clip,2,9,19.610974563364525
cpu_act,mlp,IsolationForest,remove,0,0,20.606339351789757
cpu_act,mlp,IsolationForest,remove,0,1,13.867166110149375
cpu_act,mlp,IsolationForest,remove,0,2,12.298601154963638
cpu_act,mlp,IsolationForest,remove,0,3,16.620568215060732
cpu_act,mlp,IsolationForest,remove,0,4,11.8129212050482
cpu_act,mlp,IsolationForest,remove,0,5,13.695015690430896
cpu_act,mlp,IsolationForest,remove,0,6,11.228619282032628
cpu_act,mlp,IsolationForest,remove,0,7,12.190589878733425
cpu_act,mlp,IsolationForest,remove,0,8,11.957393041187418
cpu_act,mlp,IsolationForest,remove,0,9,9.927191672937283
cpu_act,mlp,IsolationForest,remove,1,0,13.382553426126867
cpu_act,mlp,IsolationForest,remove,1,1,11.327556168913732
cpu_act,mlp,IsolationForest,remove,1,2,14.9866874219039
cpu_act,mlp,IsolationForest,remove,1,3,8.704072446340065
cpu_act,mlp,IsolationForest,remove,1,4,14.735800681785534
cpu_act,mlp,IsolationForest,remove,1,5,11.661890723337642
cpu_act,mlp,IsolationForest,remove,1,6,11.978604901540354
cpu_act,mlp,IsolationForest,remove,1,7,16.265576526841055
cpu_act,mlp,IsolationForest,remove,1,8,11.643144021865792
cpu_act,mlp,IsolationForest,remove,1,9,11.294182711397024
cpu_act,mlp,IsolationForest,remove,2,0,15.964322869849594
cpu_act,mlp,IsolationForest,remove,2,1,11.134447834774146
cpu_act,mlp,IsolationForest,remove,2,2,13.2396929164851
cpu_act,mlp,IsolationForest,remove,2,3,13.328292626958813
cpu_act,mlp,IsolationForest,remove,2,4,13.499864738371912
cpu_act,mlp,IsolationForest,remove,2,5,17.5279291913758
cpu_act,mlp,IsolationForest,remove,2,6,9.024217520139667
cpu_act,mlp,IsolationForest,remove,2,7,9.676957929528177
cpu_act,mlp,IsolationForest,remove,2,8,16.377911142986033
cpu_act,mlp,IsolationForest,remove,2,9,10.28090344011555
cpu_act,mlp,LOF,remove,0,0,16.377501220651755
cpu_act,mlp,LOF,remove,0,1,11.910344217239233
cpu_act,mlp,LOF,remove,0,2,10.932792129975944
cpu_act,mlp,LOF,remove,0,3,12.500375899569661
cpu_act,mlp,LOF,remove,0,4,9.780673333935797
cpu_act,mlp,LOF,remove,0,5,12.570332180667789
cpu_act,mlp,LOF,remove,0,6,10.590813646538571
cpu_act,mlp,LOF,remove,0,7,12.273443866288419
cpu_act,mlp,LOF,remove,0,8,9.411926522652731
cpu_act,mlp,LOF,remove,0,9,9.933083578993983
cpu_act,mlp,LOF,remove,1,0,11.428366733331638
cpu_act,mlp,LOF,remove,1,1,10.476484173448918
cpu_act,mlp,LOF,remove,1,2,15.308170714450288
cpu_act,mlp,LOF,remove,1,3,9.413527111275853
cpu_act,mlp,LOF,remove,1,4,11.596838160095697
cpu_act,mlp,LOF,remove,1,5,9.556876158839103
cpu_act,mlp,LOF,remove,1,6,10.390716991088397
cpu_act,mlp,LOF,remove,1,7,15.901646148787167
cpu_act,mlp,LOF,remove,1,8,10.748574045620622
cpu_act,mlp,LOF,remove,1,9,10.671743009466452
cpu_act,mlp,LOF,remove,2,0,13.236741683465791
cpu_act,mlp,LOF,remove,2,1,10.629719981345136
cpu_act,mlp,LOF,remove,2,2,10.352880147155258
cpu_act,mlp,LOF,remove,2,3,12.605527556069239
cpu_act,mlp,LOF,remove,2,4,10.669165526738736
cpu_act,mlp,LOF,remove,2,5,12.306575559573869
cpu_act,mlp,LOF,remove,2,6,8.589517887492475
cpu_act,mlp,LOF,remove,2,7,10.705674486891475
cpu_act,mlp,LOF,remove,2,8,17.27630877158415
cpu_act,mlp,LOF,remove,2,9,12.950377616266943
cpu_act,mlp,Autoencoder,remove,0,0,15.330364294756922
cpu_act,mlp,Autoencoder,remove,0,1,10.54831140989591
cpu_act,mlp,Autoencoder,remove,0,2,9.794672208275871
cpu_act,mlp,Autoencoder,remove,0,3,11.963572853866017
cpu_act,mlp,Autoencoder,remove,0,4,10.348515277278329
cpu_act,mlp,Autoencoder,remove,0,5,10.469733881836769
cpu_act,mlp,Autoencoder,remove,0,6,10.601762751866623
cpu_act,mlp,Autoencoder,remove,0,7,11.767974688995837
cpu_act,mlp,Autoencoder,remove,0,8,9.532532253171965
cpu_act,mlp,Autoencoder,remove,0,9,10.005885472019298
cpu_act,mlp,Autoencoder,remove,1,0,9.729139324243286
cpu_act,mlp,Autoencoder,remove,1,1,9.898939317014293
cpu_act,mlp,Autoencoder,remove,1,2,13.481380697876826
cpu_act,mlp,Autoencoder,remove,1,3,9.052811585454107
cpu_act,mlp,Autoencoder,remove,1,4,11.523789079916408
cpu_act,mlp,Autoencoder,remove,1,5,9.643787805894982
cpu_act,mlp,Autoencoder,remove,1,6,10.162019564855429
cpu_act,mlp,Autoencoder,remove,1,7,13.53874503495164
cpu_act,mlp,Autoencoder,remove,1,8,10.264433996748204
cpu_act,mlp,Autoencoder,remove,1,9,9.769747255025328
cpu_act,mlp,Autoencoder,remove,2,0,11.493237874325068
cpu_act,mlp,Autoencoder,remove,2,1,9.782841075418148
cpu_act,mlp,Autoencoder,remove,2,2,10.51334572522443
cpu_act,mlp,Autoencoder,remove,2,3,9.58444163048439
cpu_act,mlp,Autoencoder,remove,2,4,10.71013570384555
cpu_act,mlp,Autoencoder,remove,2,5,11.599379912112349
cpu_act,mlp,Autoencoder,remove,2,6,8.253707488608809
cpu_act,mlp,Autoencoder,remove,2,7,10.37598384150559
cpu_act,mlp,Autoencoder,remove,2,8,15.62874980782154
cpu_act,mlp,Autoencoder,remove,2,9,10.46277418426257
cpu_act,xgboost,None,remove,0,0,18.577205657958984
cpu_act,xgboost,None,remove,0,1,6.8581132888793945
cpu_act,xgboost,None,remove,0,2,8.294742584228516
cpu_act,xgboost,None,remove,0,3,8.590039253234863
cpu_act,xgboost,None,remove,0,4,7.274128437042236
cpu_act,xgboost,None,remove,0,5,8.138297080993652
cpu_act,xgboost,None,remove,0,6,7.585503101348877
cpu_act,xgboost,None,remove,0,7,8.666375160217285
cpu_act,xgboost,None,remove,0,8,7.353058338165283
cpu_act,xgboost,None,remove,0,9,8.282976150512695
cpu_act,xgboost,None,remove,1,0,7.1502203941345215
cpu_act,xgboost,None,remove,1,1,7.893618106842041
cpu_act,xgboost,None,remove,1,2,8.453784942626953
cpu_act,xgboost,None,remove,1,3,7.281702995300293
cpu_act,xgboost,None,remove,1,4,9.725173950195312
cpu_act,xgboost,None,remove,1,5,6.7877726554870605
cpu_act,xgboost,None,remove,1,6,7.118311405181885
cpu_act,xgboost,None,remove,1,7,19.724258422851562
cpu_act,xgboost,None,remove,1,8,7.8840789794921875
cpu_act,xgboost,None,remove,1,9,7.284350395202637
cpu_act,xgboost,None,remove,2,0,6.95449161529541
cpu_act,xgboost,None,remove,2,1,7.987610816955566
cpu_act,xgboost,None,remove,2,2,7.617707252502441
cpu_act,xgboost,None,remove,2,3,7.205554485321045
cpu_act,xgboost,None,remove,2,4,7.68812370300293
cpu_act,xgboost,None,remove,2,5,7.589788913726807
cpu_act,xgboost,None,remove,2,6,6.438028335571289
cpu_act,xgboost,None,remove,2,7,8.453872680664062
cpu_act,xgboost,None,remove,2,8,21.153141021728516
cpu_act,xgboost,None,remove,2,9,8.495660781860352
cpu_act,xgboost,ZScore,remove,0,0,353.14654541015625
cpu_act,xgboost,ZScore,remove,0,1,298.01007080078125
cpu_act,xgboost,ZScore,remove,0,2,256.6867980957031
cpu_act,xgboost,ZScore,remove,0,3,364.6317138671875
cpu_act,xgboost,ZScore,remove,0,4,365.8668212890625
cpu_act,xgboost,ZScore,remove,0,5,219.08441162109375
cpu_act,xgboost,ZScore,remove,0,6,280.26507568359375
cpu_act,xgboost,ZScore,remove,0,7,158.13526916503906
cpu_act,xgboost,ZScore,remove,0,8,366.6293029785156
cpu_act,xgboost,ZScore,remove,0,9,182.76974487304688
cpu_act,xgboost,ZScore,remove,1,0,276.4816589355469
cpu_act,xgboost,ZScore,remove,1,1,263.69744873046875
cpu_act,xgboost,ZScore,remove,1,2,321.8023376464844
cpu_act,xgboost,ZScore,remove,1,3,241.85626220703125
cpu_act,xgboost,ZScore,remove,1,4,279.8991394042969
cpu_act,xgboost,ZScore,remove,1,5,320.8514709472656
cpu_act,xgboost,ZScore,remove,1,6,290.0559387207031
cpu_act,xgboost,ZScore,remove,1,7,266.2181701660156
cpu_act,xgboost,ZScore,remove,1,8,274.3367004394531
cpu_act,xgboost,ZScore,remove,1,9,262.5898742675781
cpu_act,xgboost,ZScore,remove,2,0,232.6415252685547
cpu_act,xgboost,ZScore,remove,2,1,375.40130615234375
cpu_act,xgboost,ZScore,remove,2,2,250.38743591308594
cpu_act,xgboost,ZScore,remove,2,3,310.38714599609375
cpu_act,xgboost,ZScore,remove,2,4,331.6309509277344
cpu_act,xgboost,ZScore,remove,2,5,323.2564392089844
cpu_act,xgboost,ZScore,remove,2,6,129.01882934570312
cpu_act,xgboost,ZScore,remove,2,7,308.28179931640625
cpu_act,xgboost,ZScore,remove,2,8,195.7604522705078
cpu_act,xgboost,ZScore,remove,2,9,368.9761047363281
cpu_act,xgboost,ZScore,clip,0,0,18.945173263549805
cpu_act,xgboost,ZScore,clip,0,1,7.108211517333984
cpu_act,xgboost,ZScore,clip,0,2,8.016372680664062
cpu_act,xgboost,ZScore,clip,0,3,9.203999519348145
cpu_act,xgboost,ZScore,clip,0,4,8.07898235321045
cpu_act,xgboost,ZScore,clip,0,5,8.473791122436523
cpu_act,xgboost,ZScore,clip,0,6,7.709751605987549
cpu_act,xgboost,ZScore,clip,0,7,8.511124610900879
cpu_act,xgboost,ZScore,clip,0,8,7.3575310707092285
cpu_act,xgboost,ZScore,clip,0,9,8.533428192138672
cpu_act,xgboost,ZScore,clip,1,0,7.098028182983398
cpu_act,xgboost,ZScore,clip,1,1,7.544618129730225
cpu_act,xgboost,ZScore,clip,1,2,9.019060134887695
cpu_act,xgboost,ZScore,clip,1,3,7.114978313446045
cpu_act,xgboost,ZScore,clip,1,4,9.159302711486816
cpu_act,xgboost,ZScore,clip,1,5,6.621523857116699
cpu_act,xgboost,ZScore,clip,1,6,7.189242362976074
cpu_act,xgboost,ZScore,clip,1,7,19.239442825317383
cpu_act,xgboost,ZScore,clip,1,8,8.87636947631836
cpu_act,xgboost,ZScore,clip,1,9,6.91759729385376
cpu_act,xgboost,ZScore,clip,2,0,8.06982421875
cpu_act,xgboost,ZScore,clip,2,1,7.97941780090332
cpu_act,xgboost,ZScore,clip,2,2,7.909211158752441
cpu_act,xgboost,ZScore,clip,2,3,7.500502109527588
cpu_act,xgboost,ZScore,clip,2,4,8.216211318969727
cpu_act,xgboost,ZScore,clip,2,5,7.589698314666748
cpu_act,xgboost,ZScore,clip,2,6,6.555127143859863
cpu_act,xgboost,ZScore,clip,2,7,7.761991024017334
cpu_act,xgboost,ZScore,clip,2,8,19.554519653320312
cpu_act,xgboost,ZScore,clip,2,9,8.900714874267578
cpu_act,xgboost,Percentile,remove,0,0,386.2174072265625
cpu_act,xgboost,Percentile,remove,0,1,314.67584228515625
cpu_act,xgboost,Percentile,remove,0,2,280.5257873535156
cpu_act,xgboost,Percentile,remove,0,3,397.98162841796875
cpu_act,xgboost,Percentile,remove,0,4,375.638427734375
cpu_act,xgboost,Percentile,remove,0,5,238.10118103027344
cpu_act,xgboost,Percentile,remove,0,6,301.47296142578125
cpu_act,xgboost,Percentile,remove,0,7,164.48593139648438
cpu_act,xgboost,Percentile,remove,0,8,383.64739990234375
cpu_act,xgboost,Percentile,remove,0,9,196.17262268066406
cpu_act,xgboost,Percentile,remove,1,0,299.64117431640625
cpu_act,xgboost,Percentile,remove,1,1,283.2151184082031
cpu_act,xgboost,Percentile,remove,1,2,363.5694274902344
cpu_act,xgboost,Percentile,remove,1,3,263.39825439453125
cpu_act,xgboost,Percentile,remove,1,4,305.4164733886719
cpu_act,xgboost,Percentile,remove,1,5,367.0439453125
cpu_act,xgboost,Percentile,remove,1,6,307.4286193847656
cpu_act,xgboost,Percentile,remove,1,7,293.84783935546875
cpu_act,xgboost,Percentile,remove,1,8,287.08111572265625
cpu_act,xgboost,Percentile,remove,1,9,287.25091552734375
cpu_act,xgboost,Percentile,remove,2,0,247.9625244140625
cpu_act,xgboost,Percentile,remove,2,1,415.9196472167969
cpu_act,xgboost,Percentile,remove,2,2,269.9548034667969
cpu_act,xgboost,Percentile,remove,2,3,346.9895935058594
cpu_act,xgboost,Percentile,remove,2,4,352.9248962402344
cpu_act,xgboost,Percentile,remove,2,5,353.0644836425781
cpu_act,xgboost,Percentile,remove,2,6,145.9082489013672
cpu_act,xgboost,Percentile,remove,2,7,331.88775634765625
cpu_act,xgboost,Percentile,remove,2,8,225.1496124267578
cpu_act,xgboost,Percentile,remove,2,9,384.5561828613281
cpu_act,xgboost,Percentile,clip,0,0,8.379700660705566
cpu_act,xgboost,Percentile,clip,0,1,7.83257532119751
cpu_act,xgboost,Percentile,clip,0,2,9.095417976379395
cpu_act,xgboost,Percentile,clip,0,3,10.190406799316406
cpu_act,xgboost,Percentile,clip,0,4,8.78573226928711
cpu_act,xgboost,Percentile,clip,0,5,8.900187492370605
cpu_act,xgboost,Percentile,clip,0,6,9.073846817016602
cpu_act,xgboost,Percentile,clip,0,7,9.401982307434082
cpu_act,xgboost,Percentile,clip,0,8,8.344583511352539
cpu_act,xgboost,Percentile,clip,0,9,9.308505058288574
cpu_act,xgboost,Percentile,clip,1,0,7.413053035736084
cpu_act,xgboost,Percentile,clip,1,1,8.485897064208984
cpu_act,xgboost,Percentile,clip,1,2,10.535726547241211
cpu_act,xgboost,Percentile,clip,1,3,8.27035903930664
cpu_act,xgboost,Percentile,clip,1,4,10.053910255432129
cpu_act,xgboost,Percentile,clip,1,5,7.461943626403809
cpu_act,xgboost,Percentile,clip,1,6,7.816484451293945
cpu_act,xgboost,Percentile,clip,1,7,8.458736419677734
cpu_act,xgboost,Percentile,clip,1,8,8.801080703735352
cpu_act,xgboost,Percentile,clip,1,9,8.375391006469727
cpu_act,xgboost,Percentile,clip,2,0,7.995338439941406
cpu_act,xgboost,Percentile,clip,2,1,8.210591316223145
cpu_act,xgboost,Percentile,clip,2,2,7.989268779754639
cpu_act,xgboost,Percentile,clip,2,3,8.323101043701172
cpu_act,xgboost,Percentile,clip,2,4,8.384413719177246
cpu_act,xgboost,Percentile,clip,2,5,8.569267272949219
cpu_act,xgboost,Percentile,clip,2,6,6.749707221984863
cpu_act,xgboost,Percentile,clip,2,7,9.040240287780762
cpu_act,xgboost,Percentile,clip,2,8,10.217918395996094
cpu_act,xgboost,Percentile,clip,2,9,8.926505088806152
cpu_act,xgboost,IsolationForest,remove,0,0,19.565258026123047
cpu_act,xgboost,IsolationForest,remove,0,1,8.213386535644531
cpu_act,xgboost,IsolationForest,remove,0,2,8.28242015838623
cpu_act,xgboost,IsolationForest,remove,0,3,9.718486785888672
cpu_act,xgboost,IsolationForest,remove,0,4,8.721484184265137
cpu_act,xgboost,IsolationForest,remove,0,5,8.867323875427246
cpu_act,xgboost,IsolationForest,remove,0,6,8.181109428405762
cpu_act,xgboost,IsolationForest,remove,0,7,20.316373825073242
cpu_act,xgboost,IsolationForest,remove,0,8,8.369280815124512
cpu_act,xgboost,IsolationForest,remove,0,9,7.880460739135742
cpu_act,xgboost,IsolationForest,remove,1,0,6.949249267578125
cpu_act,xgboost,IsolationForest,remove,1,1,32.0787239074707
cpu_act,xgboost,IsolationForest,remove,1,2,8.529767990112305
cpu_act,xgboost,IsolationForest,remove,1,3,8.328643798828125
cpu_act,xgboost,IsolationForest,remove,1,4,10.795546531677246
cpu_act,xgboost,IsolationForest,remove,1,5,6.626561641693115
cpu_act,xgboost,IsolationForest,remove,1,6,8.021510124206543
cpu_act,xgboost,IsolationForest,remove,1,7,20.30299949645996
cpu_act,xgboost,IsolationForest,remove,1,8,8.503494262695312
cpu_act,xgboost,IsolationForest,remove,1,9,7.584499835968018
cpu_act,xgboost,IsolationForest,remove,2,0,8.175307273864746
cpu_act,xgboost,IsolationForest,remove,2,1,8.121832847595215
cpu_act,xgboost,IsolationForest,remove,2,2,7.881016731262207
cpu_act,xgboost,IsolationForest,remove,2,3,30.647371292114258
cpu_act,xgboost,IsolationForest,remove,2,4,8.894933700561523
cpu_act,xgboost,IsolationForest,remove,2,5,8.375200271606445
cpu_act,xgboost,IsolationForest,remove,2,6,7.394558906555176
cpu_act,xgboost,IsolationForest,remove,2,7,8.256667137145996
cpu_act,xgboost,IsolationForest,remove,2,8,21.35377311706543
cpu_act,xgboost,IsolationForest,remove,2,9,9.088329315185547
cpu_act,xgboost,LOF,remove,0,0,20.314090728759766
cpu_act,xgboost,LOF,remove,0,1,7.883445739746094
cpu_act,xgboost,LOF,remove,0,2,7.54214334487915
cpu_act,xgboost,LOF,remove,0,3,9.27450180053711
cpu_act,xgboost,LOF,remove,0,4,7.720726490020752
cpu_act,xgboost,LOF,remove,0,5,8.02651309967041
cpu_act,xgboost,LOF,remove,0,6,8.138145446777344
cpu_act,xgboost,LOF,remove,0,7,19.044782638549805
cpu_act,xgboost,LOF,remove,0,8,7.089946746826172
cpu_act,xgboost,LOF,remove,0,9,7.868250846862793
cpu_act,xgboost,LOF,remove,1,0,7.257770538330078
cpu_act,xgboost,LOF,remove,1,1,29.261451721191406
cpu_act,xgboost,LOF,remove,1,2,8.58126163482666
cpu_act,xgboost,LOF,remove,1,3,8.096324920654297
cpu_act,xgboost,LOF,remove,1,4,8.913339614868164
cpu_act,xgboost,LOF,remove,1,5,6.910048007965088
cpu_act,xgboost,LOF,remove,1,6,7.107621192932129
cpu_act,xgboost,LOF,remove,1,7,20.147144317626953
cpu_act,xgboost,LOF,remove,1,8,8.158288955688477
cpu_act,xgboost,LOF,remove,1,9,6.914182186126709
cpu_act,xgboost,LOF,remove,2,0,7.679421424865723
cpu_act,xgboost,LOF,remove,2,1,7.838277339935303
cpu_act,xgboost,LOF,remove,2,2,7.440909385681152
cpu_act,xgboost,LOF,remove,2,3,30.3873233795166
cpu_act,xgboost,LOF,remove,2,4,7.703665256500244
cpu_act,xgboost,LOF,remove,2,5,7.99827241897583
cpu_act,xgboost,LOF,remove,2,6,6.7029523849487305
cpu_act,xgboost,LOF,remove,2,7,7.323212623596191
cpu_act,xgboost,LOF,remove,2,8,19.894851684570312
cpu_act,xgboost,LOF,remove,2,9,8.005087852478027
cpu_act,xgboost,Autoencoder,remove,0,0,18.780677795410156
cpu_act,xgboost,Autoencoder,remove,0,1,7.1580810546875
cpu_act,xgboost,Autoencoder,remove,0,2,7.489115238189697
cpu_act,xgboost,Autoencoder,remove,0,3,8.942755699157715
cpu_act,xgboost,Autoencoder,remove,0,4,7.531157970428467
cpu_act,xgboost,Autoencoder,remove,0,5,7.96871280670166
cpu_act,xgboost,Autoencoder,remove,0,6,8.356532096862793
cpu_act,xgboost,Autoencoder,remove,0,7,8.508193969726562
cpu_act,xgboost,Autoencoder,remove,0,8,6.988890647888184
cpu_act,xgboost,Autoencoder,remove,0,9,7.3592023849487305
cpu_act,xgboost,Autoencoder,remove,1,0,7.694164752960205
cpu_act,xgboost,Autoencoder,remove,1,1,7.280756950378418
cpu_act,xgboost,Autoencoder,remove,1,2,8.129902839660645
cpu_act,xgboost,Autoencoder,remove,1,3,7.777629375457764
cpu_act,xgboost,Autoencoder,remove,1,4,8.9631929397583
cpu_act,xgboost,Autoencoder,remove,1,5,7.004577159881592
cpu_act,xgboost,Autoencoder,remove,1,6,7.2768635749816895
cpu_act,xgboost,Autoencoder,remove,1,7,18.732099533081055
cpu_act,xgboost,Autoencoder,remove,1,8,8.757378578186035
cpu_act,xgboost,Autoencoder,remove,1,9,8.056992530822754
cpu_act,xgboost,Autoencoder,remove,2,0,7.689716339111328
cpu_act,xgboost,Autoencoder,remove,2,1,8.566093444824219
cpu_act,xgboost,Autoencoder,remove,2,2,7.180028915405273
cpu_act,xgboost,Autoencoder,remove,2,3,7.666742324829102
cpu_act,xgboost,Autoencoder,remove,2,4,7.750967979431152
cpu_act,xgboost,Autoencoder,remove,2,5,7.878181457519531
cpu_act,xgboost,Autoencoder,remove,2,6,7.157806396484375
cpu_act,xgboost,Autoencoder,remove,2,7,8.472712516784668
cpu_act,xgboost,Autoencoder,remove,2,8,20.285924911499023
cpu_act,xgboost,Autoencoder,remove,2,9,8.463322639465332
cpu_act,randomforest,None,remove,0,0,11.115177904761904
cpu_act,randomforest,None,remove,0,1,7.944284571428569
cpu_act,randomforest,None,remove,0,2,8.206323282442748
cpu_act,randomforest,None,remove,0,3,9.940731106870228
cpu_act,randomforest,None,remove,0,4,8.481882824427482
cpu_act,randomforest,None,remove,0,5,7.985161068702288
cpu_act,randomforest,None,remove,0,6,7.427891030534349
cpu_act,randomforest,None,remove,0,7,8.60545935114504
cpu_act,randomforest,None,remove,0,8,7.4287780534351135
cpu_act,randomforest,None,remove,0,9,8.148714312977097
cpu_act,randomforest,None,remove,1,0,7.073606666666666
cpu_act,randomforest,None,remove,1,1,8.36791238095238
cpu_act,randomforest,None,remove,1,2,7.6902818702290086
cpu_act,randomforest,None,remove,1,3,7.478236450381678
cpu_act,randomforest,None,remove,1,4,10.150237977099234
cpu_act,randomforest,None,remove,1,5,7.433652671755725
cpu_act,randomforest,None,remove,1,6,7.808306488549618
cpu_act,randomforest,None,remove,1,7,11.564576717557255
cpu_act,randomforest,None,remove,1,8,9.177215076335878
cpu_act,randomforest,None,remove,1,9,7.526319083969465
cpu_act,randomforest,None,remove,2,0,8.054877333333335
cpu_act,randomforest,None,remove,2,1,8.326017333333334
cpu_act,randomforest,None,remove,2,2,8.530940267175573
cpu_act,randomforest,None,remove,2,3,7.786143320610687
cpu_act,randomforest,None,remove,2,4,7.976316412213738
cpu_act,randomforest,None,remove,2,5,8.19121851145038
cpu_act,randomforest,None,remove,2,6,6.798664885496183
cpu_act,randomforest,None,remove,2,7,8.38894713740458
cpu_act,randomforest,None,remove,2,8,11.924512022900762
cpu_act,randomforest,None,remove,2,9,8.517853435114505
cpu_act,randomforest,ZScore,remove,0,0,364.5412310476191
cpu_act,randomforest,ZScore,remove,0,1,306.37144495238095
cpu_act,randomforest,ZScore,remove,0,2,270.4389122137405
cpu_act,randomforest,ZScore,remove,0,3,387.2562440839695
cpu_act,randomforest,ZScore,remove,0,4,371.92997958015263
cpu_act,randomforest,ZScore,remove,0,5,222.6310700381679
cpu_act,randomforest,ZScore,remove,0,6,286.5351494274809
cpu_act,randomforest,ZScore,remove,0,7,158.57571793893126
cpu_act,randomforest,ZScore,remove,0,8,383.3366479007634
cpu_act,randomforest,ZScore,remove,0,9,188.42896774809157
cpu_act,randomforest,ZScore,remove,1,0,295.60814457142857
cpu_act,randomforest,ZScore,remove,1,1,276.6025121904762
cpu_act,randomforest,ZScore,remove,1,2,332.4630856870229
cpu_act,randomforest,ZScore,remove,1,3,254.61469541984732
cpu_act,randomforest,ZScore,remove,1,4,289.1723889312977
cpu_act,randomforest,ZScore,remove,1,5,340.09602461832066
cpu_act,randomforest,ZScore,remove,1,6,300.56684656488545
cpu_act,randomforest,ZScore,remove,1,7,282.8047370229007
cpu_act,randomforest,ZScore,remove,1,8,278.06320591603054
cpu_act,randomforest,ZScore,remove,1,9,275.915027480916
cpu_act,randomforest,ZScore,remove,2,0,241.92499847619052
cpu_act,randomforest,ZScore,remove,2,1,395.01398190476186
cpu_act,randomforest,ZScore,remove,2,2,249.66662633587788
cpu_act,randomforest,ZScore,remove,2,3,333.43915248091605
cpu_act,randomforest,ZScore,remove,2,4,346.57398625954204
cpu_act,randomforest,ZScore,remove,2,5,339.6987603053435
cpu_act,randomforest,ZScore,remove,2,6,133.24535190839694
cpu_act,randomforest,ZScore,remove,2,7,316.2243830152671
cpu_act,randomforest,ZScore,remove,2,8,210.30814809160304
cpu_act,randomforest,ZScore,remove,2,9,364.9276309160305
cpu_act,randomforest,ZScore,clip,0,0,11.030407809523808
cpu_act,randomforest,ZScore,clip,0,1,7.8438489523809505
cpu_act,randomforest,ZScore,clip,0,2,8.222015839694656
cpu_act,randomforest,ZScore,clip,0,3,9.821677671755724
cpu_act,randomforest,ZScore,clip,0,4,8.666187404580153
cpu_act,randomforest,ZScore,clip,0,5,8.33600171755725
cpu_act,randomforest,ZScore,clip,0,6,7.5155637404580125
cpu_act,randomforest,ZScore,clip,0,7,8.88797748091603
cpu_act,randomforest,ZScore,clip,0,8,7.4763080152671755
cpu_act,randomforest,ZScore,clip,0,9,8.295248473282443
cpu_act,randomforest,ZScore,clip,1,0,7.238954285714286
cpu_act,randomforest,ZScore,clip,1,1,8.402254476190475
cpu_act,randomforest,ZScore,clip,1,2,7.866440076335875
cpu_act,randomforest,ZScore,clip,1,3,7.366880152671756
cpu_act,randomforest,ZScore,clip,1,4,10.07399980916031
cpu_act,randomforest,ZScore,clip,1,5,7.577074236641222
cpu_act,randomforest,ZScore,clip,1,6,7.7654543893129775
cpu_act,randomforest,ZScore,clip,1,7,11.708406488549619
cpu_act,randomforest,ZScore,clip,1,8,9.493441984732824
cpu_act,randomforest,ZScore,clip,1,9,7.535581297709924
cpu_act,randomforest,ZScore,clip,2,0,8.097574857142858
cpu_act,randomforest,ZScore,clip,2,1,8.587558095238096
cpu_act,randomforest,ZScore,clip,2,2,8.684024999999998
cpu_act,randomforest,ZScore,clip,2,3,7.921883206106868
cpu_act,randomforest,ZScore,clip,2,4,7.826134160305345
cpu_act,randomforest,ZScore,clip,2,5,8.357497137404579
cpu_act,randomforest,ZScore,clip,2,6,6.920727671755723
cpu_act,randomforest,ZScore,clip,2,7,8.600517748091603
cpu_act,randomforest,ZScore,clip,2,8,12.01318683206107
cpu_act,randomforest,ZScore,clip,2,9,8.677145992366414
cpu_act,randomforest,Percentile,remove,0,0,384.0909620952381
cpu_act,randomforest,Percentile,remove,0,1,321.08955847619046
cpu_act,randomforest,Percentile,remove,0,2,286.849570038168
cpu_act,randomforest,Percentile,remove,0,3,397.5556358778626
cpu_act,randomforest,Percentile,remove,0,4,388.16450973282446
cpu_act,randomforest,Percentile,remove,0,5,234.59789790076334
cpu_act,randomforest,Percentile,remove,0,6,297.50698721374044
cpu_act,randomforest,Percentile,remove,0,7,168.32005954198473
cpu_act,randomforest,Percentile,remove,0,8,394.2400240458016
cpu_act,randomforest,Percentile,remove,0,9,197.5027799618321
cpu_act,randomforest,Percentile,remove,1,0,308.56425561904763
cpu_act,randomforest,Percentile,remove,1,1,287.7634339047619
cpu_act,randomforest,Percentile,remove,1,2,349.40107595419846
cpu_act,randomforest,Percentile,remove,1,3,264.7019799618321
cpu_act,randomforest,Percentile,remove,1,4,309.28559026717556
cpu_act,randomforest,Percentile,remove,1,5,356.2492883587786
cpu_act,randomforest,Percentile,remove,1,6,310.94962309160303
cpu_act,randomforest,Percentile,remove,1,7,295.85737118320606
cpu_act,randomforest,Percentile,remove,1,8,289.91626908396944
cpu_act,randomforest,Percentile,remove,1,9,289.2429614503817
cpu_act,randomforest,Percentile,remove,2,0,255.69547085714282
cpu_act,randomforest,Percentile,remove,2,1,410.04263161904765
cpu_act,randomforest,Percentile,remove,2,2,265.98082022900763
cpu_act,randomforest,Percentile,remove,2,3,347.9972503816794
cpu_act,randomforest,Percentile,remove,2,4,360.5512213740458
cpu_act,randomforest,Percentile,remove,2,5,359.3749927480916
cpu_act,randomforest,Percentile,remove,2,6,141.2239366412214
cpu_act,randomforest,Percentile,remove,2,7,327.70428549618316
cpu_act,randomforest,Percentile,remove,2,8,223.57577786259546
cpu_act,randomforest,Percentile,remove,2,9,376.48170286259545
cpu_act,randomforest,Percentile,clip,0,0,8.479909086537944
cpu_act,randomforest,Percentile,clip,0,1,8.243914527685961
cpu_act,randomforest,Percentile,clip,0,2,8.614236449422675
cpu_act,randomforest,Percentile,clip,0,3,17.522429887441394
cpu_act,randomforest,Percentile,clip,0,4,9.45814661259542
cpu_act,randomforest,Percentile,clip,0,5,8.647992970820377
cpu_act,randomforest,Percentile,clip,0,6,8.601988771843727
cpu_act,randomforest,Percentile,clip,0,7,9.729883021558708
cpu_act,randomforest,Percentile,clip,0,8,7.735896168147731
cpu_act,randomforest,Percentile,clip,0,9,9.813570107503116
cpu_act,randomforest,Percentile,clip,1,0,7.831076310995994
cpu_act,randomforest,Percentile,clip,1,1,9.002118358236153
cpu_act,randomforest,Percentile,clip,1,2,9.02178011876201
cpu_act,randomforest,Percentile,clip,1,3,7.824811517696627
cpu_act,randomforest,Percentile,clip,1,4,10.443561869122266
cpu_act,randomforest,Percentile,clip,1,5,7.760365161742531
cpu_act,randomforest,Percentile,clip,1,6,7.892103270780324
cpu_act,randomforest,Percentile,clip,1,7,14.018001424348801
cpu_act,randomforest,Percentile,clip,1,8,10.071945780100526
cpu_act,randomforest,Percentile,clip,1,9,8.84800625053038
cpu_act,randomforest,Percentile,clip,2,0,8.420575669496566
cpu_act,randomforest,Percentile,clip,2,1,8.60441364355784
cpu_act,randomforest,Percentile,clip,2,2,8.548906535042843
cpu_act,randomforest,Percentile,clip,2,3,9.46065149676188
cpu_act,randomforest,Percentile,clip,2,4,7.676382596327208
cpu_act,randomforest,Percentile,clip,2,5,8.724086972782866
cpu_act,randomforest,Percentile,clip,2,6,9.528692597723454
cpu_act,randomforest,Percentile,clip,2,7,15.184630720745638
cpu_act,randomforest,Percentile,clip,2,8,10.904915394677309
cpu_act,randomforest,Percentile,clip,2,9,9.167583218785396
cpu_act,randomforest,IsolationForest,remove,0,0,10.707803428571427
cpu_act,randomforest,IsolationForest,remove,0,1,8.011228952380954
cpu_act,randomforest,IsolationForest,remove,0,2,7.9699520992366395
cpu_act,randomforest,IsolationForest,remove,0,3,10.538239503816795
cpu_act,randomforest,IsolationForest,remove,0,4,9.871198282442752
cpu_act,randomforest,IsolationForest,remove,0,5,8.614351526717558
cpu_act,randomforest,IsolationForest,remove,0,6,7.407380343511449
cpu_act,randomforest,IsolationForest,remove,0,7,9.19458187022901
cpu_act,randomforest,IsolationForest,remove,0,8,8.222970992366413
cpu_act,randomforest,IsolationForest,remove,0,9,8.487009923664122
cpu_act,randomforest,IsolationForest,remove,1,0,7.228143619047619
cpu_act,randomforest,IsolationForest,remove,1,1,8.831725333333331
cpu_act,randomforest,IsolationForest,remove,1,2,8.355062595419849
cpu_act,randomforest,IsolationForest,remove,1,3,7.543374236641221
cpu_act,randomforest,IsolationForest,remove,1,4,10.207308396946566
cpu_act,randomforest,IsolationForest,remove,1,5,7.617103053435115
cpu_act,randomforest,IsolationForest,remove,1,6,8.480996564885496
cpu_act,randomforest,IsolationForest,remove,1,7,11.165297709923664
cpu_act,randomforest,IsolationForest,remove,1,8,9.726410305343512
cpu_act,randomforest,IsolationForest,remove,1,9,8.279768511450383
cpu_act,randomforest,IsolationForest,remove,2,0,8.370527999999997
cpu_act,randomforest,IsolationForest,remove,2,1,8.899481904761906
cpu_act,randomforest,IsolationForest,remove,2,2,8.725670610687022
cpu_act,randomforest,IsolationForest,remove,2,3,8.452006488549618
cpu_act,randomforest,IsolationForest,remove,2,4,9.0301179389313
cpu_act,randomforest,IsolationForest,remove,2,5,8.484106297709923
cpu_act,randomforest,IsolationForest,remove,2,6,6.732973091603053
cpu_act,randomforest,IsolationForest,remove,2,7,8.797126526717557
cpu_act,randomforest,IsolationForest,remove,2,8,12.503592938931297
cpu_act,randomforest,IsolationForest,remove,2,9,8.957481870229007
cpu_act,randomforest,LOF,remove,0,0,11.28220495238095
cpu_act,randomforest,LOF,remove,0,1,7.74256419047619
cpu_act,randomforest,LOF,remove,0,2,8.210242748091602
cpu_act,randomforest,LOF,remove,0,3,10.392464312977099
cpu_act,randomforest,LOF,remove,0,4,8.543516984732824
cpu_act,randomforest,LOF,remove,0,5,8.273904389312976
cpu_act,randomforest,LOF,remove,0,6,7.545192366412214
cpu_act,randomforest,LOF,remove,0,7,8.884101526717554
cpu_act,randomforest,LOF,remove,0,8,7.6656906488549605
cpu_act,randomforest,LOF,remove,0,9,8.361105534351145
cpu_act,randomforest,LOF,remove,1,0,7.220881904761906
cpu_act,randomforest,LOF,remove,1,1,8.338397333333335
cpu_act,randomforest,LOF,remove,1,2,7.996567557251908
cpu_act,randomforest,LOF,remove,1,3,7.502244656488547
cpu_act,randomforest,LOF,remove,1,4,9.929424045801527
cpu_act,randomforest,LOF,remove,1,5,7.602078816793894
cpu_act,randomforest,LOF,remove,1,6,7.945321374045805
cpu_act,randomforest,LOF,remove,1,7,11.397792557251908
cpu_act,randomforest,LOF,remove,1,8,9.42326316793893
cpu_act,randomforest,LOF,remove,1,9,7.911305152671756
cpu_act,randomforest,LOF,remove,2,0,7.982225142857143
cpu_act,randomforest,LOF,remove,2,1,8.58413561904762
cpu_act,randomforest,LOF,remove,2,2,8.417741984732825
cpu_act,randomforest,LOF,remove,2,3,7.9573980916030544
cpu_act,randomforest,LOF,remove,2,4,8.279247328244274
cpu_act,randomforest,LOF,remove,2,5,8.351920229007632
cpu_act,randomforest,LOF,remove,2,6,6.837839312977099
cpu_act,randomforest,LOF,remove,2,7,8.733251908396946
cpu_act,randomforest,LOF,remove,2,8,11.85523683206107
cpu_act,randomforest,LOF,remove,2,9,8.280200954198474
cpu_act,randomforest,Autoencoder,remove,0,0,10.359626666666667
cpu_act,randomforest,Autoencoder,remove,0,1,7.747460761904763
cpu_act,randomforest,Autoencoder,remove,0,2,7.987459351145039
cpu_act,randomforest,Autoencoder,remove,0,3,10.364878816793894
cpu_act,randomforest,Autoencoder,remove,0,4,9.015122328244274
cpu_act,randomforest,Autoencoder,remove,0,5,8.317285877862597
cpu_act,randomforest,Autoencoder,remove,0,6,7.442191603053438
cpu_act,randomforest,Autoencoder,remove,0,7,8.781794083969466
cpu_act,randomforest,Autoencoder,remove,0,8,7.734300190839695
cpu_act,randomforest,Autoencoder,remove,0,9,8.376073091603052
cpu_act,randomforest,Autoencoder,remove,1,0,7.433160380952381
cpu_act,randomforest,Autoencoder,remove,1,1,8.30015542857143
cpu_act,randomforest,Autoencoder,remove,1,2,7.750091030534352
cpu_act,randomforest,Autoencoder,remove,1,3,7.67500572519084
cpu_act,randomforest,Autoencoder,remove,1,4,9.852700000000002
cpu_act,randomforest,Autoencoder,remove,1,5,7.760225
cpu_act,randomforest,Autoencoder,remove,1,6,8.269038740458013
cpu_act,randomforest,Autoencoder,remove,1,7,11.317615076335882
cpu_act,randomforest,Autoencoder,remove,1,8,9.275056297709925
cpu_act,randomforest,Autoencoder,remove,1,9,7.6674290076335865
cpu_act,randomforest,Autoencoder,remove,2,0,7.94639276190476
cpu_act,randomforest,Autoencoder,remove,2,1,8.579209142857142
cpu_act,randomforest,Autoencoder,remove,2,2,8.232136259541985
cpu_act,randomforest,Autoencoder,remove,2,3,8.185762022900763
cpu_act,randomforest,Autoencoder,remove,2,4,8.21159141221374
cpu_act,randomforest,Autoencoder,remove,2,5,8.248272709923665
cpu_act,randomforest,Autoencoder,remove,2,6,6.598683206106873
cpu_act,randomforest,Autoencoder,remove,2,7,8.503134732824428
cpu_act,randomforest,Autoencoder,remove,2,8,11.646728053435115
cpu_act,randomforest,Autoencoder,remove,2,9,8.251827480916031
Bike_Sharing_Demand,mlp,None,remove,0,0,13271.192861914558
Bike_Sharing_Demand,mlp,None,remove,0,1,12306.532963973765
Bike_Sharing_Demand,mlp,None,remove,0,2,12590.533543716105
Bike_Sharing_Demand,mlp,None,remove,0,3,12231.3090895872
Bike_Sharing_Demand,mlp,None,remove,0,4,11169.847601449304
Bike_Sharing_Demand,mlp,None,remove,0,5,13086.22540263641
Bike_Sharing_Demand,mlp,None,remove,0,6,11675.551261775447
Bike_Sharing_Demand,mlp,None,remove,0,7,10721.34916119841
Bike_Sharing_Demand,mlp,None,remove,0,8,11133.936042041
Bike_Sharing_Demand,mlp,None,remove,0,9,11741.835837104334
Bike_Sharing_Demand,mlp,None,remove,1,0,11887.429342151418
Bike_Sharing_Demand,mlp,None,remove,1,1,12738.99683436135
Bike_Sharing_Demand,mlp,None,remove,1,2,11975.955976300045
Bike_Sharing_Demand,mlp,None,remove,1,3,11584.24990571723
Bike_Sharing_Demand,mlp,None,remove,1,4,12234.255707164886
Bike_Sharing_Demand,mlp,None,remove,1,5,12344.950856210793
Bike_Sharing_Demand,mlp,None,remove,1,6,11105.01861544395
Bike_Sharing_Demand,mlp,None,remove,1,7,11686.6008498342
Bike_Sharing_Demand,mlp,None,remove,1,8,11795.686268285617
Bike_Sharing_Demand,mlp,None,remove,1,9,12115.072288028437
Bike_Sharing_Demand,mlp,None,remove,2,0,12314.487270431304
Bike_Sharing_Demand,mlp,None,remove,2,1,12911.421175987027
Bike_Sharing_Demand,mlp,None,remove,2,2,12516.38321144834
Bike_Sharing_Demand,mlp,None,remove,2,3,11349.629048417688
Bike_Sharing_Demand,mlp,None,remove,2,4,11456.969088163267
Bike_Sharing_Demand,mlp,None,remove,2,5,12645.205825385545
Bike_Sharing_Demand,mlp,None,remove,2,6,12250.864384490844
Bike_Sharing_Demand,mlp,None,remove,2,7,11832.680357336669
Bike_Sharing_Demand,mlp,None,remove,2,8,15950.623118870437
Bike_Sharing_Demand,mlp,None,remove,2,9,11332.190997484819
Bike_Sharing_Demand,mlp,ZScore,remove,0,0,12922.205922372676
Bike_Sharing_Demand,mlp,ZScore,remove,0,1,12045.10726015606
Bike_Sharing_Demand,mlp,ZScore,remove,0,2,12102.466888943567
Bike_Sharing_Demand,mlp,ZScore,remove,0,3,11501.891709986068
Bike_Sharing_Demand,mlp,ZScore,remove,0,4,10762.258341396044
Bike_Sharing_Demand,mlp,ZScore,remove,0,5,11865.877761874832
Bike_Sharing_Demand,mlp,ZScore,remove,0,6,11473.02671453835
Bike_Sharing_Demand,mlp,ZScore,remove,0,7,10363.811890486115
Bike_Sharing_Demand,mlp,ZScore,remove,0,8,10978.841636234258
Bike_Sharing_Demand,mlp,ZScore,remove,0,9,11411.330640288475
Bike_Sharing_Demand,mlp,ZScore,remove,1,0,11566.421077405506
Bike_Sharing_Demand,mlp,ZScore,remove,1,1,12046.967678294917
Bike_Sharing_Demand,mlp,ZScore,remove,1,2,11284.12451457407
Bike_Sharing_Demand,mlp,ZScore,remove,1,3,11286.79206954468
Bike_Sharing_Demand,mlp,ZScore,remove,1,4,11888.203455391626
Bike_Sharing_Demand,mlp,ZScore,remove,1,5,11951.927051398048
Bike_Sharing_Demand,mlp,ZScore,remove,1,6,10909.927452066562
Bike_Sharing_Demand,mlp,ZScore,remove,1,7,11481.3109087983
Bike_Sharing_Demand,mlp,ZScore,remove,1,8,11239.99979100136
Bike_Sharing_Demand,mlp,ZScore,remove,1,9,12133.766484087233
Bike_Sharing_Demand,mlp,ZScore,remove,2,0,12031.588582761184
Bike_Sharing_Demand,mlp,ZScore,remove,2,1,12853.96944031284
Bike_Sharing_Demand,mlp,ZScore,remove,2,2,12060.614786912702
Bike_Sharing_Demand,mlp,ZScore,remove,2,3,11016.306268601697
Bike_Sharing_Demand,mlp,ZScore,remove,2,4,11074.163320717662
Bike_Sharing_Demand,mlp,ZScore,remove,2,5,12204.590263420567
Bike_Sharing_Demand,mlp,ZScore,remove,2,6,11832.439240752477
Bike_Sharing_Demand,mlp,ZScore,remove,2,7,11550.387082615147
Bike_Sharing_Demand,mlp,ZScore,remove,2,8,14052.017865242173
Bike_Sharing_Demand,mlp,ZScore,remove,2,9,11056.058967005163
Bike_Sharing_Demand,mlp,ZScore,clip,0,0,13271.192861914558
Bike_Sharing_Demand,mlp,ZScore,clip,0,1,12306.532963973767
Bike_Sharing_Demand,mlp,ZScore,clip,0,2,12590.533543716105
Bike_Sharing_Demand,mlp,ZScore,clip,0,3,12231.309089587201
Bike_Sharing_Demand,mlp,ZScore,clip,0,4,11169.847601449303
Bike_Sharing_Demand,mlp,ZScore,clip,0,5,13086.22540263641
Bike_Sharing_Demand,mlp,ZScore,clip,0,6,11675.55126177545
Bike_Sharing_Demand,mlp,ZScore,clip,0,7,10721.34916119841
Bike_Sharing_Demand,mlp,ZScore,clip,0,8,11133.936042041
Bike_Sharing_Demand,mlp,ZScore,clip,0,9,11741.835837104332
Bike_Sharing_Demand,mlp,ZScore,clip,1,0,11887.429342151418
Bike_Sharing_Demand,mlp,ZScore,clip,1,1,12738.996834361347
Bike_Sharing_Demand,mlp,ZScore,clip,1,2,11975.955976300045
Bike_Sharing_Demand,mlp,ZScore,clip,1,3,11584.24990571723
Bike_Sharing_Demand,mlp,ZScore,clip,1,4,12234.255707164886
Bike_Sharing_Demand,mlp,ZScore,clip,1,5,12344.950856210793
Bike_Sharing_Demand,mlp,ZScore,clip,1,6,11105.01861544395
Bike_Sharing_Demand,mlp,ZScore,clip,1,7,11686.6008498342
Bike_Sharing_Demand,mlp,ZScore,clip,1,8,11795.686268285617
Bike_Sharing_Demand,mlp,ZScore,clip,1,9,12115.072288028437
Bike_Sharing_Demand,mlp,ZScore,clip,2,0,12314.487270431304
Bike_Sharing_Demand,mlp,ZScore,clip,2,1,12911.421175987027
Bike_Sharing_Demand,mlp,ZScore,clip,2,2,12516.38321144834
Bike_Sharing_Demand,mlp,ZScore,clip,2,3,11349.629048417688
Bike_Sharing_Demand,mlp,ZScore,clip,2,4,11456.969088163267
Bike_Sharing_Demand,mlp,ZScore,clip,2,5,12645.205825385547
Bike_Sharing_Demand,mlp,ZScore,clip,2,6,12250.864384490844
Bike_Sharing_Demand,mlp,ZScore,clip,2,7,11832.680357336667
Bike_Sharing_Demand,mlp,ZScore,clip,2,8,15950.623118870433
Bike_Sharing_Demand,mlp,ZScore,clip,2,9,11332.190997484817
Bike_Sharing_Demand,mlp,Percentile,remove,0,0,16795.514818547475
Bike_Sharing_Demand,mlp,Percentile,remove,0,1,15306.775641827991
Bike_Sharing_Demand,mlp,Percentile,remove,0,2,17643.984611304815
Bike_Sharing_Demand,mlp,Percentile,remove,0,3,15980.030475416026
Bike_Sharing_Demand,mlp,Percentile,remove,0,4,14083.076307755695
Bike_Sharing_Demand,mlp,Percentile,remove,0,5,15690.14206840792
Bike_Sharing_Demand,mlp,Percentile,remove,0,6,14465.327862621118
Bike_Sharing_Demand,mlp,Percentile,remove,0,7,13760.103503878334
Bike_Sharing_Demand,mlp,Percentile,remove,0,8,15289.178124893755
Bike_Sharing_Demand,mlp,Percentile,remove,0,9,14477.540097082003
Bike_Sharing_Demand,mlp,Percentile,remove,1,0,16662.40145258096
Bike_Sharing_Demand,mlp,Percentile,remove,1,1,15324.50565001819
Bike_Sharing_Demand,mlp,Percentile,remove,1,2,15104.914731124329
Bike_Sharing_Demand,mlp,Percentile,remove,1,3,15382.085623927447
Bike_Sharing_Demand,mlp,Percentile,remove,1,4,14885.77438334167
Bike_Sharing_Demand,mlp,Percentile,remove,1,5,14974.435967684867
Bike_Sharing_Demand,mlp,Percentile,remove,1,6,14486.494920359013
Bike_Sharing_Demand,mlp,Percentile,remove,1,7,15300.550796489475
Bike_Sharing_Demand,mlp,Percentile,remove,1,8,15108.321964155513
Bike_Sharing_Demand,mlp,Percentile,remove,1,9,15873.243055950225
Bike_Sharing_Demand,mlp,Percentile,remove,2,0,15791.456431453567
Bike_Sharing_Demand,mlp,Percentile,remove,2,1,15763.090859770879
Bike_Sharing_Demand,mlp,Percentile,remove,2,2,16759.953007227126
Bike_Sharing_Demand,mlp,Percentile,remove,2,3,14238.421842769476
Bike_Sharing_Demand,mlp,Percentile,remove,2,4,14568.394042227876
Bike_Sharing_Demand,mlp,Percentile,remove,2,5,15215.265542760508
Bike_Sharing_Demand,mlp,Percentile,remove,2,6,15519.602876798766
Bike_Sharing_Demand,mlp,Percentile,remove,2,7,15285.893454346035
Bike_Sharing_Demand,mlp,Percentile,remove,2,8,19005.04311103104
Bike_Sharing_Demand,mlp,Percentile,remove,2,9,15941.495183468287
Bike_Sharing_Demand,mlp,Percentile,clip,0,0,12995.868994833243
Bike_Sharing_Demand,mlp,Percentile,clip,0,1,12530.407990638381
Bike_Sharing_Demand,mlp,Percentile,clip,0,2,12422.819300337886
Bike_Sharing_Demand,mlp,Percentile,clip,0,3,12436.478036294095
Bike_Sharing_Demand,mlp,Percentile,clip,0,4,11132.73143087038
Bike_Sharing_Demand,mlp,Percentile,clip,0,5,12379.519732019506
Bike_Sharing_Demand,mlp,Percentile,clip,0,6,11733.012564782348
Bike_Sharing_Demand,mlp,Percentile,clip,0,7,10539.902256599951
Bike_Sharing_Demand,mlp,Percentile,clip,0,8,11296.645697627548
Bike_Sharing_Demand,mlp,Percentile,clip,0,9,11717.802011595606
Bike_Sharing_Demand,mlp,Percentile,clip,1,0,12022.88969554556
Bike_Sharing_Demand,mlp,Percentile,clip,1,1,12791.051679741338
Bike_Sharing_Demand,mlp,Percentile,clip,1,2,11506.962247925827
Bike_Sharing_Demand,mlp,Percentile,clip,1,3,11606.007178301152
Bike_Sharing_Demand,mlp,Percentile,clip,1,4,12078.345031315463
Bike_Sharing_Demand,mlp,Percentile,clip,1,5,12181.428366282656
Bike_Sharing_Demand,mlp,Percentile,clip,1,6,11180.571633188832
Bike_Sharing_Demand,mlp,Percentile,clip,1,7,11866.309737301137
Bike_Sharing_Demand,mlp,Percentile,clip,1,8,11474.18879878002
Bike_Sharing_Demand,mlp,Percentile,clip,1,9,12260.461501231623
Bike_Sharing_Demand,mlp,Percentile,clip,2,0,12209.76260767893
Bike_Sharing_Demand,mlp,Percentile,clip,2,1,12758.507902662164
Bike_Sharing_Demand,mlp,Percentile,clip,2,2,12481.766909240816
Bike_Sharing_Demand,mlp,Percentile,clip,2,3,11216.04443577554
Bike_Sharing_Demand,mlp,Percentile,clip,2,4,11506.04657638594
Bike_Sharing_Demand,mlp,Percentile,clip,2,5,12505.737731148265
Bike_Sharing_Demand,mlp,Percentile,clip,2,6,12118.472153240165
Bike_Sharing_Demand,mlp,Percentile,clip,2,7,11908.10867642353
Bike_Sharing_Demand,mlp,Percentile,clip,2,8,15705.494039146222
Bike_Sharing_Demand,mlp,Percentile,clip,2,9,11337.225119408879
Bike_Sharing_Demand,mlp,IsolationForest,remove,0,0,12967.755267474475
Bike_Sharing_Demand,mlp,IsolationForest,remove,0,1,12103.78982122776
Bike_Sharing_Demand,mlp,IsolationForest,remove,0,2,12215.481311847208
Bike_Sharing_Demand,mlp,IsolationForest,remove,0,3,11990.316039315552
Bike_Sharing_Demand,mlp,IsolationForest,remove,0,4,11015.982851278115
Bike_Sharing_Demand,mlp,IsolationForest,remove,0,5,13099.183026753497
Bike_Sharing_Demand,mlp,IsolationForest,remove,0,6,11574.348686588768
Bike_Sharing_Demand,mlp,IsolationForest,remove,0,7,10384.427541484136
Bike_Sharing_Demand,mlp,IsolationForest,remove,0,8,11243.99632390803
Bike_Sharing_Demand,mlp,IsolationForest,remove,0,9,11496.891009853443
Bike_Sharing_Demand,mlp,IsolationForest,remove,1,0,11516.380936945267
Bike_Sharing_Demand,mlp,IsolationForest,remove,1,1,12770.707625486191
Bike_Sharing_Demand,mlp,IsolationForest,remove,1,2,11895.593918780478
Bike_Sharing_Demand,mlp,IsolationForest,remove,1,3,11387.3242859962
Bike_Sharing_Demand,mlp,IsolationForest,remove,1,4,11986.08350951795
Bike_Sharing_Demand,mlp,IsolationForest,remove,1,5,12102.187515935135
Bike_Sharing_Demand,mlp,IsolationForest,remove,1,6,11182.588137340963
Bike_Sharing_Demand,mlp,IsolationForest,remove,1,7,12286.217241885663
Bike_Sharing_Demand,mlp,IsolationForest,remove,1,8,11563.447162702289
Bike_Sharing_Demand,mlp,IsolationForest,remove,1,9,26189.403752837017
Bike_Sharing_Demand,mlp,IsolationForest,remove,2,0,11866.79134192763
Bike_Sharing_Demand,mlp,IsolationForest,remove,2,1,12208.654258952936
Bike_Sharing_Demand,mlp,IsolationForest,remove,2,2,12575.748091529214
Bike_Sharing_Demand,mlp,IsolationForest,remove,2,3,11170.15213488903
Bike_Sharing_Demand,mlp,IsolationForest,remove,2,4,11373.247662971851
Bike_Sharing_Demand,mlp,IsolationForest,remove,2,5,12565.614261232793
Bike_Sharing_Demand,mlp,IsolationForest,remove,2,6,12067.087733428765
Bike_Sharing_Demand,mlp,IsolationForest,remove,2,7,11731.93882991479
Bike_Sharing_Demand,mlp,IsolationForest,remove,2,8,14529.463375067262
Bike_Sharing_Demand,mlp,IsolationForest,remove,2,9,12239.19313240544
Bike_Sharing_Demand,mlp,LOF,remove,0,0,12974.9148086035
Bike_Sharing_Demand,mlp,LOF,remove,0,1,12191.330577141222
Bike_Sharing_Demand,mlp,LOF,remove,0,2,12542.743735994856
Bike_Sharing_Demand,mlp,LOF,remove,0,3,12141.663268362336
Bike_Sharing_Demand,mlp,LOF,remove,0,4,10896.623358589148
Bike_Sharing_Demand,mlp,LOF,remove,0,5,12288.227652011403
Bike_Sharing_Demand,mlp,LOF,remove,0,6,11525.447601485665
Bike_Sharing_Demand,mlp,LOF,remove,0,7,10525.040165701721
Bike_Sharing_Demand,mlp,LOF,remove,0,8,11098.964430821861
Bike_Sharing_Demand,mlp,LOF,remove,0,9,11414.26634552991
Bike_Sharing_Demand,mlp,LOF,remove,1,0,11646.466163847914
Bike_Sharing_Demand,mlp,LOF,remove,1,1,12522.498136275828
Bike_Sharing_Demand,mlp,LOF,remove,1,2,11647.914165372196
Bike_Sharing_Demand,mlp,LOF,remove,1,3,11443.216345788403
Bike_Sharing_Demand,mlp,LOF,remove,1,4,11966.296203758762
Bike_Sharing_Demand,mlp,LOF,remove,1,5,12127.736313265275
Bike_Sharing_Demand,mlp,LOF,remove,1,6,10938.13268076966
Bike_Sharing_Demand,mlp,LOF,remove,1,7,11494.54903892963
Bike_Sharing_Demand,mlp,LOF,remove,1,8,11426.31335465651
Bike_Sharing_Demand,mlp,LOF,remove,1,9,11893.38910411844
Bike_Sharing_Demand,mlp,LOF,remove,2,0,11933.445264057342
Bike_Sharing_Demand,mlp,LOF,remove,2,1,13158.461878551774
Bike_Sharing_Demand,mlp,LOF,remove,2,2,12452.610030987169
Bike_Sharing_Demand,mlp,LOF,remove,2,3,11056.209029362097
Bike_Sharing_Demand,mlp,LOF,remove,2,4,11257.765419490694
Bike_Sharing_Demand,mlp,LOF,remove,2,5,12291.464544500328
Bike_Sharing_Demand,mlp,LOF,remove,2,6,12152.48647904847
Bike_Sharing_Demand,mlp,LOF,remove,2,7,11561.907651479427
Bike_Sharing_Demand,mlp,LOF,remove,2,8,14894.61910379932
Bike_Sharing_Demand,mlp,LOF,remove,2,9,11167.174195582702
Bike_Sharing_Demand,mlp,Autoencoder,remove,0,0,12880.160160871485
Bike_Sharing_Demand,mlp,Autoencoder,remove,0,1,12002.962901347215
Bike_Sharing_Demand,mlp,Autoencoder,remove,0,2,12550.643904685194
Bike_Sharing_Demand,mlp,Autoencoder,remove,0,3,12180.786721246694
Bike_Sharing_Demand,mlp,Autoencoder,remove,0,4,11086.942729208386
Bike_Sharing_Demand,mlp,Autoencoder,remove,0,5,11963.06066664149
Bike_Sharing_Demand,mlp,Autoencoder,remove,0,6,11671.525114593283
Bike_Sharing_Demand,mlp,Autoencoder,remove,0,7,10584.108417979594
Bike_Sharing_Demand,mlp,Autoencoder,remove,0,8,11068.179022231887
Bike_Sharing_Demand,mlp,Autoencoder,remove,0,9,11546.35630789173
Bike_Sharing_Demand,mlp,Autoencoder,remove,1,0,11600.514550531572
Bike_Sharing_Demand,mlp,Autoencoder,remove,1,1,12142.155964368756
Bike_Sharing_Demand,mlp,Autoencoder,remove,1,2,11392.563538059127
Bike_Sharing_Demand,mlp,Autoencoder,remove,1,3,11433.216667064687
Bike_Sharing_Demand,mlp,Autoencoder,remove,1,4,12060.580953883042
Bike_Sharing_Demand,mlp,Autoencoder,remove,1,5,12182.424152412004
Bike_Sharing_Demand,mlp,Autoencoder,remove,1,6,11156.938317861519
Bike_Sharing_Demand,mlp,Autoencoder,remove,1,7,11558.350394164683
Bike_Sharing_Demand,mlp,Autoencoder,remove,1,8,11554.60227202894
Bike_Sharing_Demand,mlp,Autoencoder,remove,1,9,11911.97785556661
Bike_Sharing_Demand,mlp,Autoencoder,remove,2,0,12242.137868810829
Bike_Sharing_Demand,mlp,Autoencoder,remove,2,1,13206.544548371005
Bike_Sharing_Demand,mlp,Autoencoder,remove,2,2,12243.806523215442
Bike_Sharing_Demand,mlp,Autoencoder,remove,2,3,10709.884131413593
Bike_Sharing_Demand,mlp,Autoencoder,remove,2,4,11194.05263149923
Bike_Sharing_Demand,mlp,Autoencoder,remove,2,5,12483.501771805422
Bike_Sharing_Demand,mlp,Autoencoder,remove,2,6,12070.146005392302
Bike_Sharing_Demand,mlp,Autoencoder,remove,2,7,11624.923206640646
Bike_Sharing_Demand,mlp,Autoencoder,remove,2,8,14652.997527865748
Bike_Sharing_Demand,mlp,Autoencoder,remove,2,9,11317.05107830013
Bike_Sharing_Demand,xgboost,None,remove,0,0,2301.033203125
Bike_Sharing_Demand,xgboost,None,remove,0,1,1458.893798828125
Bike_Sharing_Demand,xgboost,None,remove,0,2,1838.5047607421875
Bike_Sharing_Demand,xgboost,None,remove,0,3,1525.0555419921875
Bike_Sharing_Demand,xgboost,None,remove,0,4,2142.7685546875
Bike_Sharing_Demand,xgboost,None,remove,0,5,2064.9287109375
Bike_Sharing_Demand,xgboost,None,remove,0,6,1979.9415283203125
Bike_Sharing_Demand,xgboost,None,remove,0,7,2239.8046875
Bike_Sharing_Demand,xgboost,None,remove,0,8,1784.7977294921875
Bike_Sharing_Demand,xgboost,None,remove,0,9,2491.061767578125
Bike_Sharing_Demand,xgboost,None,remove,1,0,1928.6318359375
Bike_Sharing_Demand,xgboost,None,remove,1,1,1985.362060546875
Bike_Sharing_Demand,xgboost,None,remove,1,2,2389.008544921875
Bike_Sharing_Demand,xgboost,None,remove,1,3,2064.525634765625
Bike_Sharing_Demand,xgboost,None,remove,1,4,2026.219482421875
Bike_Sharing_Demand,xgboost,None,remove,1,5,1791.473388671875
Bike_Sharing_Demand,xgboost,None,remove,1,6,2333.326171875
Bike_Sharing_Demand,xgboost,None,remove,1,7,1759.831787109375
Bike_Sharing_Demand,xgboost,None,remove,1,8,1923.8138427734375
Bike_Sharing_Demand,xgboost,None,remove,1,9,2061.840576171875
Bike_Sharing_Demand,xgboost,None,remove,2,0,1908.70751953125
Bike_Sharing_Demand,xgboost,None,remove,2,1,1866.808837890625
Bike_Sharing_Demand,xgboost,None,remove,2,2,2079.99072265625
Bike_Sharing_Demand,xgboost,None,remove,2,3,1740.10009765625
Bike_Sharing_Demand,xgboost,None,remove,2,4,2233.105224609375
Bike_Sharing_Demand,xgboost,None,remove,2,5,2301.916015625
Bike_Sharing_Demand,xgboost,None,remove,2,6,2144.906494140625
Bike_Sharing_Demand,xgboost,None,remove,2,7,1678.2713623046875
Bike_Sharing_Demand,xgboost,None,remove,2,8,2091.1064453125
Bike_Sharing_Demand,xgboost,None,remove,2,9,1899.0701904296875
Bike_Sharing_Demand,xgboost,ZScore,remove,0,0,2638.27978515625
Bike_Sharing_Demand,xgboost,ZScore,remove,0,1,1751.929443359375
Bike_Sharing_Demand,xgboost,ZScore,remove,0,2,1841.5615234375
Bike_Sharing_Demand,xgboost,ZScore,remove,0,3,1672.49365234375
Bike_Sharing_Demand,xgboost,ZScore,remove,0,4,2067.43115234375
Bike_Sharing_Demand,xgboost,ZScore,remove,0,5,2165.770263671875
Bike_Sharing_Demand,xgboost,ZScore,remove,0,6,2109.68603515625
Bike_Sharing_Demand,xgboost,ZScore,remove,0,7,2427.9189453125
Bike_Sharing_Demand,xgboost,ZScore,remove,0,8,2006.3223876953125
Bike_Sharing_Demand,xgboost,ZScore,remove,0,9,2344.306396484375
Bike_Sharing_Demand,xgboost,ZScore,remove,1,0,2204.123779296875
Bike_Sharing_Demand,xgboost,ZScore,remove,1,1,2220.10107421875
Bike_Sharing_Demand,xgboost,ZScore,remove,1,2,2521.394775390625
Bike_Sharing_Demand,xgboost,ZScore,remove,1,3,2203.26318359375
Bike_Sharing_Demand,xgboost,ZScore,remove,1,4,2078.1357421875
Bike_Sharing_Demand,xgboost,ZScore,remove,1,5,1750.5604248046875
Bike_Sharing_Demand,xgboost,ZScore,remove,1,6,2362.552978515625
Bike_Sharing_Demand,xgboost,ZScore,remove,1,7,1890.4844970703125
Bike_Sharing_Demand,xgboost,ZScore,remove,1,8,1931.595947265625
Bike_Sharing_Demand,xgboost,ZScore,remove,1,9,2087.12451171875
Bike_Sharing_Demand,xgboost,ZScore,remove,2,0,2021.727294921875
Bike_Sharing_Demand,xgboost,ZScore,remove,2,1,2123.15234375
Bike_Sharing_Demand,xgboost,ZScore,remove,2,2,2141.06005859375
Bike_Sharing_Demand,xgboost,ZScore,remove,2,3,1811.1978759765625
Bike_Sharing_Demand,xgboost,ZScore,remove,2,4,2126.91943359375
Bike_Sharing_Demand,xgboost,ZScore,remove,2,5,2205.717529296875
Bike_Sharing_Demand,xgboost,ZScore,remove,2,6,2192.953125
Bike_Sharing_Demand,xgboost,ZScore,remove,2,7,1847.76708984375
Bike_Sharing_Demand,xgboost,ZScore,remove,2,8,2165.399169921875
Bike_Sharing_Demand,xgboost,ZScore,remove,2,9,2000.14453125
Bike_Sharing_Demand,xgboost,ZScore,clip,0,0,2301.033203125
Bike_Sharing_Demand,xgboost,ZScore,clip,0,1,1458.893798828125
Bike_Sharing_Demand,xgboost,ZScore,clip,0,2,1838.5047607421875
Bike_Sharing_Demand,xgboost,ZScore,clip,0,3,1525.0555419921875
Bike_Sharing_Demand,xgboost,ZScore,clip,0,4,2142.7685546875
Bike_Sharing_Demand,xgboost,ZScore,clip,0,5,2064.9287109375
Bike_Sharing_Demand,xgboost,ZScore,clip,0,6,1979.9415283203125
Bike_Sharing_Demand,xgboost,ZScore,clip,0,7,2239.8046875
Bike_Sharing_Demand,xgboost,ZScore,clip,0,8,1784.7977294921875
Bike_Sharing_Demand,xgboost,ZScore,clip,0,9,2491.061767578125
Bike_Sharing_Demand,xgboost,ZScore,clip,1,0,1928.6318359375
Bike_Sharing_Demand,xgboost,ZScore,clip,1,1,1985.362060546875
Bike_Sharing_Demand,xgboost,ZScore,clip,1,2,2389.008544921875
Bike_Sharing_Demand,xgboost,ZScore,clip,1,3,2064.525634765625
Bike_Sharing_Demand,xgboost,ZScore,clip,1,4,2026.219482421875
Bike_Sharing_Demand,xgboost,ZScore,clip,1,5,1791.473388671875
Bike_Sharing_Demand,xgboost,ZScore,clip,1,6,2333.326171875
Bike_Sharing_Demand,xgboost,ZScore,clip,1,7,1759.831787109375
Bike_Sharing_Demand,xgboost,ZScore,clip,1,8,1923.8138427734375
Bike_Sharing_Demand,xgboost,ZScore,clip,1,9,2061.840576171875
Bike_Sharing_Demand,xgboost,ZScore,clip,2,0,1908.70751953125
Bike_Sharing_Demand,xgboost,ZScore,clip,2,1,1866.808837890625
Bike_Sharing_Demand,xgboost,ZScore,clip,2,2,2079.99072265625
Bike_Sharing_Demand,xgboost,ZScore,clip,2,3,1740.10009765625
Bike_Sharing_Demand,xgboost,ZScore,clip,2,4,2233.105224609375
Bike_Sharing_Demand,xgboost,ZScore,clip,2,5,2301.916015625
Bike_Sharing_Demand,xgboost,ZScore,clip,2,6,2144.906494140625
Bike_Sharing_Demand,xgboost,ZScore,clip,2,7,1678.2713623046875
Bike_Sharing_Demand,xgboost,ZScore,clip,2,8,2091.1064453125
Bike_Sharing_Demand,xgboost,ZScore,clip,2,9,1899.0701904296875
Bike_Sharing_Demand,xgboost,Percentile,remove,0,0,4859.400390625
Bike_Sharing_Demand,xgboost,Percentile,remove,0,1,4269.71337890625
Bike_Sharing_Demand,xgboost,Percentile,remove,0,2,4398.74169921875
Bike_Sharing_Demand,xgboost,Percentile,remove,0,3,4506.67333984375
Bike_Sharing_Demand,xgboost,Percentile,remove,0,4,4817.57470703125
Bike_Sharing_Demand,xgboost,Percentile,remove,0,5,4458.6015625
Bike_Sharing_Demand,xgboost,Percentile,remove,0,6,4671.896484375
Bike_Sharing_Demand,xgboost,Percentile,remove,0,7,4216.9912109375
Bike_Sharing_Demand,xgboost,Percentile,remove,0,8,4772.2060546875
Bike_Sharing_Demand,xgboost,Percentile,remove,0,9,5970.88818359375
Bike_Sharing_Demand,xgboost,Percentile,remove,1,0,4611.8076171875
Bike_Sharing_Demand,xgboost,Percentile,remove,1,1,4751.85400390625
Bike_Sharing_Demand,xgboost,Percentile,remove,1,2,5146.96044921875
Bike_Sharing_Demand,xgboost,Percentile,remove,1,3,4367.8818359375
Bike_Sharing_Demand,xgboost,Percentile,remove,1,4,4731.43994140625
Bike_Sharing_Demand,xgboost,Percentile,remove,1,5,4994.97021484375
Bike_Sharing_Demand,xgboost,Percentile,remove,1,6,5034.650390625
Bike_Sharing_Demand,xgboost,Percentile,remove,1,7,3558.427490234375
Bike_Sharing_Demand,xgboost,Percentile,remove,1,8,3827.86474609375
Bike_Sharing_Demand,xgboost,Percentile,remove,1,9,5949.27783203125
Bike_Sharing_Demand,xgboost,Percentile,remove,2,0,4619.8369140625
Bike_Sharing_Demand,xgboost,Percentile,remove,2,1,4415.9775390625
Bike_Sharing_Demand,xgboost,Percentile,remove,2,2,5039.36279296875
Bike_Sharing_Demand,xgboost,Percentile,remove,2,3,5081.90576171875
Bike_Sharing_Demand,xgboost,Percentile,remove,2,4,4925.11962890625
Bike_Sharing_Demand,xgboost,Percentile,remove,2,5,3846.347900390625
Bike_Sharing_Demand,xgboost,Percentile,remove,2,6,5204.03173828125
Bike_Sharing_Demand,xgboost,Percentile,remove,2,7,4904.2841796875
Bike_Sharing_Demand,xgboost,Percentile,remove,2,8,4996.69580078125
Bike_Sharing_Demand,xgboost,Percentile,remove,2,9,4964.79248046875
Bike_Sharing_Demand,xgboost,Percentile,clip,0,0,4320.2216796875
Bike_Sharing_Demand,xgboost,Percentile,clip,0,1,2995.267333984375
Bike_Sharing_Demand,xgboost,Percentile,clip,0,2,3394.6845703125
Bike_Sharing_Demand,xgboost,Percentile,clip,0,3,3285.860595703125
Bike_Sharing_Demand,xgboost,Percentile,clip,0,4,3492.55712890625
Bike_Sharing_Demand,xgboost,Percentile,clip,0,5,3482.54638671875
Bike_Sharing_Demand,xgboost,Percentile,clip,0,6,3392.215576171875
Bike_Sharing_Demand,xgboost,Percentile,clip,0,7,3229.84765625
Bike_Sharing_Demand,xgboost,Percentile,clip,0,8,3197.900634765625
Bike_Sharing_Demand,xgboost,Percentile,clip,0,9,3919.8916015625
Bike_Sharing_Demand,xgboost,Percentile,clip,1,0,3232.87109375
Bike_Sharing_Demand,xgboost,Percentile,clip,1,1,3393.46533203125
Bike_Sharing_Demand,xgboost,Percentile,clip,1,2,3489.343505859375
Bike_Sharing_Demand,xgboost,Percentile,clip,1,3,3485.885009765625
Bike_Sharing_Demand,xgboost,Percentile,clip,1,4,3848.73779296875
Bike_Sharing_Demand,xgboost,Percentile,clip,1,5,3871.568359375
Bike_Sharing_Demand,xgboost,Percentile,clip,1,6,3092.38134765625
Bike_Sharing_Demand,xgboost,Percentile,clip,1,7,3104.150146484375
Bike_Sharing_Demand,xgboost,Percentile,clip,1,8,3112.569091796875
Bike_Sharing_Demand,xgboost,Percentile,clip,1,9,3742.4482421875
Bike_Sharing_Demand,xgboost,Percentile,clip,2,0,3828.374755859375
Bike_Sharing_Demand,xgboost,Percentile,clip,2,1,3484.321533203125
Bike_Sharing_Demand,xgboost,Percentile,clip,2,2,3747.422607421875
Bike_Sharing_Demand,xgboost,Percentile,clip,2,3,3298.686767578125
Bike_Sharing_Demand,xgboost,Percentile,clip,2,4,3351.510009765625
Bike_Sharing_Demand,xgboost,Percentile,clip,2,5,3312.2890625
Bike_Sharing_Demand,xgboost,Percentile,clip,2,6,3740.292724609375
Bike_Sharing_Demand,xgboost,Percentile,clip,2,7,3408.116455078125
Bike_Sharing_Demand,xgboost,Percentile,clip,2,8,3648.83447265625
Bike_Sharing_Demand,xgboost,Percentile,clip,2,9,3425.81494140625
Bike_Sharing_Demand,xgboost,IsolationForest,remove,0,0,2649.603271484375
Bike_Sharing_Demand,xgboost,IsolationForest,remove,0,1,1824.98681640625
Bike_Sharing_Demand,xgboost,IsolationForest,remove,0,2,2034.6292724609375
Bike_Sharing_Demand,xgboost,IsolationForest,remove,0,3,2058.17578125
Bike_Sharing_Demand,xgboost,IsolationForest,remove,0,4,2281.89208984375
Bike_Sharing_Demand,xgboost,IsolationForest,remove,0,5,2114.297607421875
Bike_Sharing_Demand,xgboost,IsolationForest,remove,0,6,2436.765380859375
Bike_Sharing_Demand,xgboost,IsolationForest,remove,0,7,2255.946533203125
Bike_Sharing_Demand,xgboost,IsolationForest,remove,0,8,1992.3302001953125
Bike_Sharing_Demand,xgboost,IsolationForest,remove,0,9,2359.517822265625
Bike_Sharing_Demand,xgboost,IsolationForest,remove,1,0,2422.093994140625
Bike_Sharing_Demand,xgboost,IsolationForest,remove,1,1,2190.0400390625
Bike_Sharing_Demand,xgboost,IsolationForest,remove,1,2,2496.322998046875
Bike_Sharing_Demand,xgboost,IsolationForest,remove,1,3,2378.890625
Bike_Sharing_Demand,xgboost,IsolationForest,remove,1,4,2283.225830078125
Bike_Sharing_Demand,xgboost,IsolationForest,remove,1,5,1882.535400390625
Bike_Sharing_Demand,xgboost,IsolationForest,remove,1,6,2478.8154296875
Bike_Sharing_Demand,xgboost,IsolationForest,remove,1,7,1867.1925048828125
Bike_Sharing_Demand,xgboost,IsolationForest,remove,1,8,2062.974365234375
Bike_Sharing_Demand,xgboost,IsolationForest,remove,1,9,2293.97509765625
Bike_Sharing_Demand,xgboost,IsolationForest,remove,2,0,2152.822509765625
Bike_Sharing_Demand,xgboost,IsolationForest,remove,2,1,2384.59619140625
Bike_Sharing_Demand,xgboost,IsolationForest,remove,2,2,2382.55810546875
Bike_Sharing_Demand,xgboost,IsolationForest,remove,2,3,2177.560791015625
Bike_Sharing_Demand,xgboost,IsolationForest,remove,2,4,2313.2001953125
Bike_Sharing_Demand,xgboost,IsolationForest,remove,2,5,2685.66015625
Bike_Sharing_Demand,xgboost,IsolationForest,remove,2,6,2214.274658203125
Bike_Sharing_Demand,xgboost,IsolationForest,remove,2,7,1851.8529052734375
Bike_Sharing_Demand,xgboost,IsolationForest,remove,2,8,2413.997314453125
Bike_Sharing_Demand,xgboost,IsolationForest,remove,2,9,2208.214599609375
Bike_Sharing_Demand,xgboost,LOF,remove,0,0,2661.158203125
Bike_Sharing_Demand,xgboost,LOF,remove,0,1,1556.889892578125
Bike_Sharing_Demand,xgboost,LOF,remove,0,2,1931.0234375
Bike_Sharing_Demand,xgboost,LOF,remove,0,3,1776.7967529296875
Bike_Sharing_Demand,xgboost,LOF,remove,0,4,2137.104248046875
Bike_Sharing_Demand,xgboost,LOF,remove,0,5,2271.1748046875
Bike_Sharing_Demand,xgboost,LOF,remove,0,6,2083.2998046875
Bike_Sharing_Demand,xgboost,LOF,remove,0,7,2191.12060546875
Bike_Sharing_Demand,xgboost,LOF,remove,0,8,1974.204345703125
Bike_Sharing_Demand,xgboost,LOF,remove,0,9,2407.416015625
Bike_Sharing_Demand,xgboost,LOF,remove,1,0,2045.3751220703125
Bike_Sharing_Demand,xgboost,LOF,remove,1,1,1930.33984375
Bike_Sharing_Demand,xgboost,LOF,remove,1,2,2380.993896484375
Bike_Sharing_Demand,xgboost,LOF,remove,1,3,2148.104248046875
Bike_Sharing_Demand,xgboost,LOF,remove,1,4,2139.57177734375
Bike_Sharing_Demand,xgboost,LOF,remove,1,5,1808.06640625
Bike_Sharing_Demand,xgboost,LOF,remove,1,6,2409.552490234375
Bike_Sharing_Demand,xgboost,LOF,remove,1,7,1769.080078125
Bike_Sharing_Demand,xgboost,LOF,remove,1,8,1864.1912841796875
Bike_Sharing_Demand,xgboost,LOF,remove,1,9,2181.21142578125
Bike_Sharing_Demand,xgboost,LOF,remove,2,0,2001.8831787109375
Bike_Sharing_Demand,xgboost,LOF,remove,2,1,2127.426513671875
Bike_Sharing_Demand,xgboost,LOF,remove,2,2,2090.65673828125
Bike_Sharing_Demand,xgboost,LOF,remove,2,3,1939.2855224609375
Bike_Sharing_Demand,xgboost,LOF,remove,2,4,2271.33056640625
Bike_Sharing_Demand,xgboost,LOF,remove,2,5,2273.898193359375
Bike_Sharing_Demand,xgboost,LOF,remove,2,6,2330.1689453125
Bike_Sharing_Demand,xgboost,LOF,remove,2,7,1767.0130615234375
Bike_Sharing_Demand,xgboost,LOF,remove,2,8,2068.240966796875
Bike_Sharing_Demand,xgboost,LOF,remove,2,9,1802.46923828125
Bike_Sharing_Demand,xgboost,Autoencoder,remove,0,0,2539.436767578125
Bike_Sharing_Demand,xgboost,Autoencoder,remove,0,1,1588.483642578125
Bike_Sharing_Demand,xgboost,Autoencoder,remove,0,2,1970.92822265625
Bike_Sharing_Demand,xgboost,Autoencoder,remove,0,3,1789.9229736328125
Bike_Sharing_Demand,xgboost,Autoencoder,remove,0,4,2076.667236328125
Bike_Sharing_Demand,xgboost,Autoencoder,remove,0,5,2034.00927734375
Bike_Sharing_Demand,xgboost,Autoencoder,remove,0,6,2096.835693359375
Bike_Sharing_Demand,xgboost,Autoencoder,remove,0,7,2155.68701171875
Bike_Sharing_Demand,xgboost,Autoencoder,remove,0,8,1999.1685791015625
Bike_Sharing_Demand,xgboost,Autoencoder,remove,0,9,2594.34521484375
Bike_Sharing_Demand,xgboost,Autoencoder,remove,1,0,2005.6524658203125
Bike_Sharing_Demand,xgboost,Autoencoder,remove,1,1,2066.541259765625
Bike_Sharing_Demand,xgboost,Autoencoder,remove,1,2,2415.531494140625
Bike_Sharing_Demand,xgboost,Autoencoder,remove,1,3,2002.4837646484375
Bike_Sharing_Demand,xgboost,Autoencoder,remove,1,4,2246.20361328125
Bike_Sharing_Demand,xgboost,Autoencoder,remove,1,5,1851.1883544921875
Bike_Sharing_Demand,xgboost,Autoencoder,remove,1,6,2419.987060546875
Bike_Sharing_Demand,xgboost,Autoencoder,remove,1,7,1698.3060302734375
Bike_Sharing_Demand,xgboost,Autoencoder,remove,1,8,1810.4390869140625
Bike_Sharing_Demand,xgboost,Autoencoder,remove,1,9,2171.786376953125
Bike_Sharing_Demand,xgboost,Autoencoder,remove,2,0,1947.9569091796875
Bike_Sharing_Demand,xgboost,Autoencoder,remove,2,1,2058.523193359375
Bike_Sharing_Demand,xgboost,Autoencoder,remove,2,2,2103.474365234375
Bike_Sharing_Demand,xgboost,Autoencoder,remove,2,3,1900.292724609375
Bike_Sharing_Demand,xgboost,Autoencoder,remove,2,4,2130.351318359375
Bike_Sharing_Demand,xgboost,Autoencoder,remove,2,5,2190.89892578125
Bike_Sharing_Demand,xgboost,Autoencoder,remove,2,6,2248.297119140625
Bike_Sharing_Demand,xgboost,Autoencoder,remove,2,7,1845.3291015625
Bike_Sharing_Demand,xgboost,Autoencoder,remove,2,8,2300.66552734375
Bike_Sharing_Demand,xgboost,Autoencoder,remove,2,9,1800.424072265625
Bike_Sharing_Demand,randomforest,None,remove,0,0,2514.3448470391336
Bike_Sharing_Demand,randomforest,None,remove,0,1,1664.2356217349507
Bike_Sharing_Demand,randomforest,None,remove,0,2,1861.24114988157
Bike_Sharing_Demand,randomforest,None,remove,0,3,1681.223986672537
Bike_Sharing_Demand,randomforest,None,remove,0,4,1947.150267203737
Bike_Sharing_Demand,randomforest,None,remove,0,5,2033.0132212422566
Bike_Sharing_Demand,randomforest,None,remove,0,6,2234.5610181739858
Bike_Sharing_Demand,randomforest,None,remove,0,7,2157.2051865237377
Bike_Sharing_Demand,randomforest,None,remove,0,8,1981.9173149772305
Bike_Sharing_Demand,randomforest,None,remove,0,9,2651.440356857014
Bike_Sharing_Demand,randomforest,None,remove,1,0,2331.0357054749425
Bike_Sharing_Demand,randomforest,None,remove,1,1,2086.580879382075
Bike_Sharing_Demand,randomforest,None,remove,1,2,2237.103466739695
Bike_Sharing_Demand,randomforest,None,remove,1,3,2404.618000160122
Bike_Sharing_Demand,randomforest,None,remove,1,4,2077.009887782374
Bike_Sharing_Demand,randomforest,None,remove,1,5,1619.3412528807703
Bike_Sharing_Demand,randomforest,None,remove,1,6,2284.1701410135897
Bike_Sharing_Demand,randomforest,None,remove,1,7,1703.9909550365958
Bike_Sharing_Demand,randomforest,None,remove,1,8,1686.2362588528924
Bike_Sharing_Demand,randomforest,None,remove,1,9,2119.267209231567
Bike_Sharing_Demand,randomforest,None,remove,2,0,1835.6666175501648
Bike_Sharing_Demand,randomforest,None,remove,2,1,2068.9953639632563
Bike_Sharing_Demand,randomforest,None,remove,2,2,2125.3178538581633
Bike_Sharing_Demand,randomforest,None,remove,2,3,1735.0249598695793
Bike_Sharing_Demand,randomforest,None,remove,2,4,2198.123561684278
Bike_Sharing_Demand,randomforest,None,remove,2,5,2162.882573553607
Bike_Sharing_Demand,randomforest,None,remove,2,6,2497.1147338284873
Bike_Sharing_Demand,randomforest,None,remove,2,7,1914.1856251364907
Bike_Sharing_Demand,randomforest,None,remove,2,8,2172.1415595804506
Bike_Sharing_Demand,randomforest,None,remove,2,9,1914.5093675760138
Bike_Sharing_Demand,randomforest,ZScore,remove,0,0,2761.335301159978
Bike_Sharing_Demand,randomforest,ZScore,remove,0,1,1878.615305191175
Bike_Sharing_Demand,randomforest,ZScore,remove,0,2,1909.5166602752536
Bike_Sharing_Demand,randomforest,ZScore,remove,0,3,1761.2656484737208
Bike_Sharing_Demand,randomforest,ZScore,remove,0,4,1996.1889650567045
Bike_Sharing_Demand,randomforest,ZScore,remove,0,5,2038.7786950426907
Bike_Sharing_Demand,randomforest,ZScore,remove,0,6,2326.615706696118
Bike_Sharing_Demand,randomforest,ZScore,remove,0,7,2325.680291263864
Bike_Sharing_Demand,randomforest,ZScore,remove,0,8,2038.345677524777
Bike_Sharing_Demand,randomforest,ZScore,remove,0,9,2709.238210057554
Bike_Sharing_Demand,randomforest,ZScore,remove,1,0,2351.0193021983127
Bike_Sharing_Demand,randomforest,ZScore,remove,1,1,2247.084057270141
Bike_Sharing_Demand,randomforest,ZScore,remove,1,2,2546.7398255204453
Bike_Sharing_Demand,randomforest,ZScore,remove,1,3,2684.886102471048
Bike_Sharing_Demand,randomforest,ZScore,remove,1,4,2221.082793284747
Bike_Sharing_Demand,randomforest,ZScore,remove,1,5,1685.9312430858313
Bike_Sharing_Demand,randomforest,ZScore,remove,1,6,2560.198907224221
Bike_Sharing_Demand,randomforest,ZScore,remove,1,7,1827.5997341728616
Bike_Sharing_Demand,randomforest,ZScore,remove,1,8,1760.8368809253598
Bike_Sharing_Demand,randomforest,ZScore,remove,1,9,2100.995913812675
Bike_Sharing_Demand,randomforest,ZScore,remove,2,0,1989.6221674790356
Bike_Sharing_Demand,randomforest,ZScore,remove,2,1,2272.4352861038565
Bike_Sharing_Demand,randomforest,ZScore,remove,2,2,2440.430463804906
Bike_Sharing_Demand,randomforest,ZScore,remove,2,3,1808.1058353941846
Bike_Sharing_Demand,randomforest,ZScore,remove,2,4,2197.0665765566796
Bike_Sharing_Demand,randomforest,ZScore,remove,2,5,2260.0833557491505
Bike_Sharing_Demand,randomforest,ZScore,remove,2,6,2527.5572595980216
Bike_Sharing_Demand,randomforest,ZScore,remove,2,7,1978.3267053732013
Bike_Sharing_Demand,randomforest,ZScore,remove,2,8,2320.0406475334235
Bike_Sharing_Demand,randomforest,ZScore,remove,2,9,1971.9650156804719
Bike_Sharing_Demand,randomforest,ZScore,clip,0,0,2514.3448470391336
Bike_Sharing_Demand,randomforest,ZScore,clip,0,1,1664.2356217349507
Bike_Sharing_Demand,randomforest,ZScore,clip,0,2,1861.24114988157
Bike_Sharing_Demand,randomforest,ZScore,clip,0,3,1681.223986672537
Bike_Sharing_Demand,randomforest,ZScore,clip,0,4,1947.150267203737
Bike_Sharing_Demand,randomforest,ZScore,clip,0,5,2033.0132212422566
Bike_Sharing_Demand,randomforest,ZScore,clip,0,6,2234.5610181739858
Bike_Sharing_Demand,randomforest,ZScore,clip,0,7,2157.2051865237377
Bike_Sharing_Demand,randomforest,ZScore,clip,0,8,1981.9173149772305
Bike_Sharing_Demand,randomforest,ZScore,clip,0,9,2651.440356857014
Bike_Sharing_Demand,randomforest,ZScore,clip,1,0,2331.0357054749425
Bike_Sharing_Demand,randomforest,ZScore,clip,1,1,2086.580879382075
Bike_Sharing_Demand,randomforest,ZScore,clip,1,2,2237.103466739695
Bike_Sharing_Demand,randomforest,ZScore,clip,1,3,2404.618000160122
Bike_Sharing_Demand,randomforest,ZScore,clip,1,4,2077.009887782374
Bike_Sharing_Demand,randomforest,ZScore,clip,1,5,1619.3412528807703
Bike_Sharing_Demand,randomforest,ZScore,clip,1,6,2284.1701410135897
Bike_Sharing_Demand,randomforest,ZScore,clip,1,7,1703.9909550365958
Bike_Sharing_Demand,randomforest,ZScore,clip,1,8,1686.2362588528924
Bike_Sharing_Demand,randomforest,ZScore,clip,1,9,2119.267209231567
Bike_Sharing_Demand,randomforest,ZScore,clip,2,0,1835.6666175501648
Bike_Sharing_Demand,randomforest,ZScore,clip,2,1,2068.9953639632563
Bike_Sharing_Demand,randomforest,ZScore,clip,2,2,2125.3178538581633
Bike_Sharing_Demand,randomforest,ZScore,clip,2,3,1735.0249598695793
Bike_Sharing_Demand,randomforest,ZScore,clip,2,4,2198.123561684278
Bike_Sharing_Demand,randomforest,ZScore,clip,2,5,2162.882573553607
Bike_Sharing_Demand,randomforest,ZScore,clip,2,6,2497.1147338284873
Bike_Sharing_Demand,randomforest,ZScore,clip,2,7,1914.1856251364907
Bike_Sharing_Demand,randomforest,ZScore,clip,2,8,2172.1415595804506
Bike_Sharing_Demand,randomforest,ZScore,clip,2,9,1914.5093675760138
Bike_Sharing_Demand,randomforest,Percentile,remove,0,0,5915.122700737047
Bike_Sharing_Demand,randomforest,Percentile,remove,0,1,4701.299845249672
Bike_Sharing_Demand,randomforest,Percentile,remove,0,2,5383.118568669109
Bike_Sharing_Demand,randomforest,Percentile,remove,0,3,5861.462024657549
Bike_Sharing_Demand,randomforest,Percentile,remove,0,4,5590.485679833633
Bike_Sharing_Demand,randomforest,Percentile,remove,0,5,5395.640462495005
Bike_Sharing_Demand,randomforest,Percentile,remove,0,6,5275.440111408698
Bike_Sharing_Demand,randomforest,Percentile,remove,0,7,5186.140896658148
Bike_Sharing_Demand,randomforest,Percentile,remove,0,8,5715.55421706942
Bike_Sharing_Demand,randomforest,Percentile,remove,0,9,6607.905747979191
Bike_Sharing_Demand,randomforest,Percentile,remove,1,0,6000.125113709593
Bike_Sharing_Demand,randomforest,Percentile,remove,1,1,5335.469949726091
Bike_Sharing_Demand,randomforest,Percentile,remove,1,2,5724.908772061941
Bike_Sharing_Demand,randomforest,Percentile,remove,1,3,5680.258199041492
Bike_Sharing_Demand,randomforest,Percentile,remove,1,4,5222.209369190123
Bike_Sharing_Demand,randomforest,Percentile,remove,1,5,5810.6072869744785
Bike_Sharing_Demand,randomforest,Percentile,remove,1,6,5999.236212651256
Bike_Sharing_Demand,randomforest,Percentile,remove,1,7,4611.24818422749
Bike_Sharing_Demand,randomforest,Percentile,remove,1,8,4851.495957995004
Bike_Sharing_Demand,randomforest,Percentile,remove,1,9,6944.379196813849
Bike_Sharing_Demand,randomforest,Percentile,remove,2,0,4840.375139488644
Bike_Sharing_Demand,randomforest,Percentile,remove,2,1,5540.792231255216
Bike_Sharing_Demand,randomforest,Percentile,remove,2,2,5611.265633104142
Bike_Sharing_Demand,randomforest,Percentile,remove,2,3,6073.593439563973
Bike_Sharing_Demand,randomforest,Percentile,remove,2,4,5168.364282830336
Bike_Sharing_Demand,randomforest,Percentile,remove,2,5,4517.875872584408
Bike_Sharing_Demand,randomforest,Percentile,remove,2,6,6148.837729922787
Bike_Sharing_Demand,randomforest,Percentile,remove,2,7,5638.076908548786
Bike_Sharing_Demand,randomforest,Percentile,remove,2,8,5898.563112771409
Bike_Sharing_Demand,randomforest,Percentile,remove,2,9,6094.785466503223
Bike_Sharing_Demand,randomforest,Percentile,clip,0,0,4348.446431077786
Bike_Sharing_Demand,randomforest,Percentile,clip,0,1,3189.4145001222105
Bike_Sharing_Demand,randomforest,Percentile,clip,0,2,3226.760124614686
Bike_Sharing_Demand,randomforest,Percentile,clip,0,3,3219.1219794414906
Bike_Sharing_Demand,randomforest,Percentile,clip,0,4,3275.327231756113
Bike_Sharing_Demand,randomforest,Percentile,clip,0,5,3424.9786156277996
Bike_Sharing_Demand,randomforest,Percentile,clip,0,6,3221.730934526019
Bike_Sharing_Demand,randomforest,Percentile,clip,0,7,3185.7732652665663
Bike_Sharing_Demand,randomforest,Percentile,clip,0,8,2988.32017042486
Bike_Sharing_Demand,randomforest,Percentile,clip,0,9,3999.276851101457
Bike_Sharing_Demand,randomforest,Percentile,clip,1,0,3410.728643508131
Bike_Sharing_Demand,randomforest,Percentile,clip,1,1,3510.1703164848695
Bike_Sharing_Demand,randomforest,Percentile,clip,1,2,3228.983319798898
Bike_Sharing_Demand,randomforest,Percentile,clip,1,3,3692.173795287906
Bike_Sharing_Demand,randomforest,Percentile,clip,1,4,3891.699650173429
Bike_Sharing_Demand,randomforest,Percentile,clip,1,5,3604.733793222078
Bike_Sharing_Demand,randomforest,Percentile,clip,1,6,3326.8281040970182
Bike_Sharing_Demand,randomforest,Percentile,clip,1,7,2739.3300356565246
Bike_Sharing_Demand,randomforest,Percentile,clip,1,8,2823.6349181480236
Bike_Sharing_Demand,randomforest,Percentile,clip,1,9,3651.2107629986126
Bike_Sharing_Demand,randomforest,Percentile,clip,2,0,3353.595197587969
Bike_Sharing_Demand,randomforest,Percentile,clip,2,1,3275.3461231337155
Bike_Sharing_Demand,randomforest,Percentile,clip,2,2,3410.4536921475888
Bike_Sharing_Demand,randomforest,Percentile,clip,2,3,3304.0305088723467
Bike_Sharing_Demand,randomforest,Percentile,clip,2,4,3074.47010905636
Bike_Sharing_Demand,randomforest,Percentile,clip,2,5,3252.9588045794862
Bike_Sharing_Demand,randomforest,Percentile,clip,2,6,3760.873217530832
Bike_Sharing_Demand,randomforest,Percentile,clip,2,7,3479.8370783497508
Bike_Sharing_Demand,randomforest,Percentile,clip,2,8,3569.8979419591337
Bike_Sharing_Demand,randomforest,Percentile,clip,2,9,3253.412718831035
Bike_Sharing_Demand,randomforest,IsolationForest,remove,0,0,2782.9222793028603
Bike_Sharing_Demand,randomforest,IsolationForest,remove,0,1,1856.0914510837822
Bike_Sharing_Demand,randomforest,IsolationForest,remove,0,2,2053.6719142092575
Bike_Sharing_Demand,randomforest,IsolationForest,remove,0,3,2306.675130549835
Bike_Sharing_Demand,randomforest,IsolationForest,remove,0,4,2105.7886117639887
Bike_Sharing_Demand,randomforest,IsolationForest,remove,0,5,2065.592482188874
Bike_Sharing_Demand,randomforest,IsolationForest,remove,0,6,2349.1112707223474
Bike_Sharing_Demand,randomforest,IsolationForest,remove,0,7,2518.6439567038356
Bike_Sharing_Demand,randomforest,IsolationForest,remove,0,8,2124.085434040043
Bike_Sharing_Demand,randomforest,IsolationForest,remove,0,9,2755.7868735740653
Bike_Sharing_Demand,randomforest,IsolationForest,remove,1,0,2431.293766190077
Bike_Sharing_Demand,randomforest,IsolationForest,remove,1,1,2271.642453994359
Bike_Sharing_Demand,randomforest,IsolationForest,remove,1,2,2617.578697684627
Bike_Sharing_Demand,randomforest,IsolationForest,remove,1,3,2642.7238805405673
Bike_Sharing_Demand,randomforest,IsolationForest,remove,1,4,2255.443738167991
Bike_Sharing_Demand,randomforest,IsolationForest,remove,1,5,1755.1686146357863
Bike_Sharing_Demand,randomforest,IsolationForest,remove,1,6,2688.7790236334686
Bike_Sharing_Demand,randomforest,IsolationForest,remove,1,7,1911.371864438749
Bike_Sharing_Demand,randomforest,IsolationForest,remove,1,8,1918.1901240618506
Bike_Sharing_Demand,randomforest,IsolationForest,remove,1,9,2178.444048649907
Bike_Sharing_Demand,randomforest,IsolationForest,remove,2,0,2021.2116208012874
Bike_Sharing_Demand,randomforest,IsolationForest,remove,2,1,2325.676736624913
Bike_Sharing_Demand,randomforest,IsolationForest,remove,2,2,2380.872329227343
Bike_Sharing_Demand,randomforest,IsolationForest,remove,2,3,1845.867037901304
Bike_Sharing_Demand,randomforest,IsolationForest,remove,2,4,2271.0332197081834
Bike_Sharing_Demand,randomforest,IsolationForest,remove,2,5,2306.2078369031024
Bike_Sharing_Demand,randomforest,IsolationForest,remove,2,6,2489.864664876574
Bike_Sharing_Demand,randomforest,IsolationForest,remove,2,7,2042.3342010391684
Bike_Sharing_Demand,randomforest,IsolationForest,remove,2,8,2291.977536893543
Bike_Sharing_Demand,randomforest,IsolationForest,remove,2,9,2004.428568296313
Bike_Sharing_Demand,randomforest,LOF,remove,0,0,2785.134146421084
Bike_Sharing_Demand,randomforest,LOF,remove,0,1,1739.5419420841818
Bike_Sharing_Demand,randomforest,LOF,remove,0,2,1890.0957770420284
Bike_Sharing_Demand,randomforest,LOF,remove,0,3,1953.801861491432
Bike_Sharing_Demand,randomforest,LOF,remove,0,4,2180.5581199397484
Bike_Sharing_Demand,randomforest,LOF,remove,0,5,2190.0389430822343
Bike_Sharing_Demand,randomforest,LOF,remove,0,6,2313.0798435326737
Bike_Sharing_Demand,randomforest,LOF,remove,0,7,2131.175992743156
Bike_Sharing_Demand,randomforest,LOF,remove,0,8,2083.2426047269932
Bike_Sharing_Demand,randomforest,LOF,remove,0,9,2723.0319163096096
Bike_Sharing_Demand,randomforest,LOF,remove,1,0,2370.551793872367
Bike_Sharing_Demand,randomforest,LOF,remove,1,1,2199.181041142009
Bike_Sharing_Demand,randomforest,LOF,remove,1,2,2614.8142906204284
Bike_Sharing_Demand,randomforest,LOF,remove,1,3,2655.6279476246523
Bike_Sharing_Demand,randomforest,LOF,remove,1,4,2152.421483065473
Bike_Sharing_Demand,randomforest,LOF,remove,1,5,1667.6999488678807
Bike_Sharing_Demand,randomforest,LOF,remove,1,6,2413.9927079869854
Bike_Sharing_Demand,randomforest,LOF,remove,1,7,1746.1777756631943
Bike_Sharing_Demand,randomforest,LOF,remove,1,8,1812.2826640464127
Bike_Sharing_Demand,randomforest,LOF,remove,1,9,2257.244741515392
Bike_Sharing_Demand,randomforest,LOF,remove,2,0,1931.5813530136268
Bike_Sharing_Demand,randomforest,LOF,remove,2,1,2239.8345039889687
Bike_Sharing_Demand,randomforest,LOF,remove,2,2,2250.962025747802
Bike_Sharing_Demand,randomforest,LOF,remove,2,3,2046.6458973011593
Bike_Sharing_Demand,randomforest,LOF,remove,2,4,2192.125099730919
Bike_Sharing_Demand,randomforest,LOF,remove,2,5,2258.853594742331
Bike_Sharing_Demand,randomforest,LOF,remove,2,6,2691.010502781625
Bike_Sharing_Demand,randomforest,LOF,remove,2,7,1923.3909627023381
Bike_Sharing_Demand,randomforest,LOF,remove,2,8,2225.967063558928
Bike_Sharing_Demand,randomforest,LOF,remove,2,9,2059.5001842787265
Bike_Sharing_Demand,randomforest,Autoencoder,remove,0,0,2788.4090226773733
Bike_Sharing_Demand,randomforest,Autoencoder,remove,0,1,1686.9052447223721
Bike_Sharing_Demand,randomforest,Autoencoder,remove,0,2,1922.868978641212
Bike_Sharing_Demand,randomforest,Autoencoder,remove,0,3,1801.4286308227167
Bike_Sharing_Demand,randomforest,Autoencoder,remove,0,4,2010.786976396383
Bike_Sharing_Demand,randomforest,Autoencoder,remove,0,5,2095.6426053394534
Bike_Sharing_Demand,randomforest,Autoencoder,remove,0,6,2300.367209867256
Bike_Sharing_Demand,randomforest,Autoencoder,remove,0,7,2282.5276647745804
Bike_Sharing_Demand,randomforest,Autoencoder,remove,0,8,2035.907650643885
Bike_Sharing_Demand,randomforest,Autoencoder,remove,0,9,2708.9875573141485
Bike_Sharing_Demand,randomforest,Autoencoder,remove,1,0,2406.109889001822
Bike_Sharing_Demand,randomforest,Autoencoder,remove,1,1,2161.343504408131
Bike_Sharing_Demand,randomforest,Autoencoder,remove,1,2,2357.319917943917
Bike_Sharing_Demand,randomforest,Autoencoder,remove,1,3,2399.9335161951685
Bike_Sharing_Demand,randomforest,Autoencoder,remove,1,4,2150.0540692421064
Bike_Sharing_Demand,randomforest,Autoencoder,remove,1,5,1663.318285033848
Bike_Sharing_Demand,randomforest,Autoencoder,remove,1,6,2485.8268878863655
Bike_Sharing_Demand,randomforest,Autoencoder,remove,1,7,1740.7482777904177
Bike_Sharing_Demand,randomforest,Autoencoder,remove,1,8,1866.2758393998802
Bike_Sharing_Demand,randomforest,Autoencoder,remove,1,9,2200.8320517517486
Bike_Sharing_Demand,randomforest,Autoencoder,remove,2,0,1888.024363474768
Bike_Sharing_Demand,randomforest,Autoencoder,remove,2,1,2065.451186954402
Bike_Sharing_Demand,randomforest,Autoencoder,remove,2,2,2138.9191002922666
Bike_Sharing_Demand,randomforest,Autoencoder,remove,2,3,1788.1554062164018
Bike_Sharing_Demand,randomforest,Autoencoder,remove,2,4,2151.5119334322544
Bike_Sharing_Demand,randomforest,Autoencoder,remove,2,5,2338.0413876094876
Bike_Sharing_Demand,randomforest,Autoencoder,remove,2,6,2580.864430227543
Bike_Sharing_Demand,randomforest,Autoencoder,remove,2,7,2010.1688668496452
Bike_Sharing_Demand,randomforest,Autoencoder,remove,2,8,2113.788871523756
Bike_Sharing_Demand,randomforest,Autoencoder,remove,2,9,1933.4520445524827
abalone,mlp,None,remove,0,0,25.75657753087411
abalone,mlp,None,remove,0,1,28.302588994381367
abalone,mlp,None,remove,0,2,26.042145806646598
abalone,mlp,None,remove,0,3,26.819977811606627
abalone,mlp,None,remove,0,4,24.468738742141642
abalone,mlp,None,remove,0,5,21.717466628604555
abalone,mlp,None,remove,0,6,26.281809232057306
abalone,mlp,None,remove,0,7,30.48278928334197
abalone,mlp,None,remove,0,8,37.74023804373101
abalone,mlp,None,remove,0,9,31.244596456914856
abalone,mlp,None,remove,1,0,25.705964918389952
abalone,mlp,None,remove,1,1,23.52536621126254
abalone,mlp,None,remove,1,2,29.183764309005543
abalone,mlp,None,remove,1,3,24.449000618619596
abalone,mlp,None,remove,1,4,27.29498408919331
abalone,mlp,None,remove,1,5,23.073625606464148
abalone,mlp,None,remove,1,6,33.23127486747689
abalone,mlp,None,remove,1,7,26.840835938955625
abalone,mlp,None,remove,1,8,24.90122415912557
abalone,mlp,None,remove,1,9,21.162357903183274
abalone,mlp,None,remove,2,0,25.657912939540996
abalone,mlp,None,remove,2,1,23.81952127421905
abalone,mlp,None,remove,2,2,30.70822153460007
abalone,mlp,None,remove,2,3,32.714367501064345
abalone,mlp,None,remove,2,4,34.59569567323535
abalone,mlp,None,remove,2,5,33.2406308209581
abalone,mlp,None,remove,2,6,23.705876146444606
abalone,mlp,None,remove,2,7,28.675228146407083
abalone,mlp,None,remove,2,8,25.57257668736489
abalone,mlp,None,remove,2,9,25.150980640943743
abalone,mlp,ZScore,remove,0,0,37.6891095184596
abalone,mlp,ZScore,remove,0,1,32.999175962835956
abalone,mlp,ZScore,remove,0,2,35.414156284786834
abalone,mlp,ZScore,remove,0,3,40.0685200114053
abalone,mlp,ZScore,remove,0,4,27.382875132214387
abalone,mlp,ZScore,remove,0,5,27.147850200087507
abalone,mlp,ZScore,remove,0,6,31.585337760382174
abalone,mlp,ZScore,remove,0,7,35.48917287519108
abalone,mlp,ZScore,remove,0,8,49.30921674155337
abalone,mlp,ZScore,remove,0,9,41.46075197586294
abalone,mlp,ZScore,remove,1,0,32.34936433390366
abalone,mlp,ZScore,remove,1,1,30.204743765348628
abalone,mlp,ZScore,remove,1,2,37.877121557079
abalone,mlp,ZScore,remove,1,3,37.41278649481599
abalone,mlp,ZScore,remove,1,4,31.040204307793857
abalone,mlp,ZScore,remove,1,5,27.474483530045777
abalone,mlp,ZScore,remove,1,6,42.242695085336315
abalone,mlp,ZScore,remove,1,7,41.27477341409779
abalone,mlp,ZScore,remove,1,8,30.730216659683467
abalone,mlp,ZScore,remove,1,9,32.67479000021901
abalone,mlp,ZScore,remove,2,0,29.12275675239854
abalone,mlp,ZScore,remove,2,1,31.022627082597836
abalone,mlp,ZScore,remove,2,2,37.37698697530749
abalone,mlp,ZScore,remove,2,3,37.67279310505423
abalone,mlp,ZScore,remove,2,4,38.64686156404267
abalone,mlp,ZScore,remove,2,5,43.72786667606472
abalone,mlp,ZScore,remove,2,6,30.383272173257016
abalone,mlp,ZScore,remove,2,7,35.296528694872286
abalone,mlp,ZScore,remove,2,8,31.734461799258415
abalone,mlp,ZScore,remove,2,9,34.35043880022952
abalone,mlp,ZScore,clip,0,0,25.811148512344666
abalone,mlp,ZScore,clip,0,1,28.413543858269946
abalone,mlp,ZScore,clip,0,2,25.988128310503726
abalone,mlp,ZScore,clip,0,3,26.83371997968171
abalone,mlp,ZScore,clip,0,4,24.544502121580653
abalone,mlp,ZScore,clip,0,5,21.81286491279349
abalone,mlp,ZScore,clip,0,6,28.492182085472823
abalone,mlp,ZScore,clip,0,7,30.607496669955047
abalone,mlp,ZScore,clip,0,8,37.44451454660024
abalone,mlp,ZScore,clip,0,9,31.357978775827434
abalone,mlp,ZScore,clip,1,0,25.8150933293365
abalone,mlp,ZScore,clip,1,1,23.530597119074823
abalone,mlp,ZScore,clip,1,2,28.692488756398802
abalone,mlp,ZScore,clip,1,3,24.51380584711993
abalone,mlp,ZScore,clip,1,4,27.150968056663093
abalone,mlp,ZScore,clip,1,5,22.846364698629316
abalone,mlp,ZScore,clip,1,6,32.14593759264753
abalone,mlp,ZScore,clip,1,7,26.89531634460629
abalone,mlp,ZScore,clip,1,8,24.845813714777282
abalone,mlp,ZScore,clip,1,9,21.175030339092938
abalone,mlp,ZScore,clip,2,0,25.82753144597151
abalone,mlp,ZScore,clip,2,1,23.470985316637048
abalone,mlp,ZScore,clip,2,2,30.648799137473436
abalone,mlp,ZScore,clip,2,3,32.88810734231337
abalone,mlp,ZScore,clip,2,4,34.73901369013014
abalone,mlp,ZScore,clip,2,5,33.08670661695537
abalone,mlp,ZScore,clip,2,6,23.797933918286414
abalone,mlp,ZScore,clip,2,7,29.02269997765688
abalone,mlp,ZScore,clip,2,8,25.5995959260227
abalone,mlp,ZScore,clip,2,9,24.522198640535883
abalone,mlp,Percentile,remove,0,0,32.0394713621336
abalone,mlp,Percentile,remove,0,1,31.216180690108843
abalone,mlp,Percentile,remove,0,2,35.318098255904296
abalone,mlp,Percentile,remove,0,3,16.803178153373597
abalone,mlp,Percentile,remove,0,4,30.60405612631038
abalone,mlp,Percentile,remove,0,5,20.180337706218467
abalone,mlp,Percentile,remove,0,6,29.340818339103777
abalone,mlp,Percentile,remove,0,7,20.001854399151
abalone,mlp,Percentile,remove,0,8,38.82073752727677
abalone,mlp,Percentile,remove,0,9,21.711742221719902
abalone,mlp,Percentile,remove,1,0,31.94178938335494
abalone,mlp,Percentile,remove,1,1,31.609909334036185
abalone,mlp,Percentile,remove,1,2,28.1079700095014
abalone,mlp,Percentile,remove,1,3,18.34421116216223
abalone,mlp,Percentile,remove,1,4,32.180110669237706
abalone,mlp,Percentile,remove,1,5,27.546676048733413
abalone,mlp,Percentile,remove,1,6,34.072699336830595
abalone,mlp,Percentile,remove,1,7,38.57092517897868
abalone,mlp,Percentile,remove,1,8,17.420007793152553
abalone,mlp,Percentile,remove,1,9,35.04251467085483
abalone,mlp,Percentile,remove,2,0,33.226275329979934
abalone,mlp,Percentile,remove,2,1,14.475460408410468
abalone,mlp,Percentile,remove,2,2,26.933751600107318
abalone,mlp,Percentile,remove,2,3,37.914336953168515
abalone,mlp,Percentile,remove,2,4,37.30000183004444
abalone,mlp,Percentile,remove,2,5,43.40393878918813
abalone,mlp,Percentile,remove,2,6,30.399296257933724
abalone,mlp,Percentile,remove,2,7,21.258879993545776
abalone,mlp,Percentile,remove,2,8,15.716178804800597
abalone,mlp,Percentile,remove,2,9,32.79163136057697
abalone,mlp,Percentile,clip,0,0,22.7872503063721
abalone,mlp,Percentile,clip,0,1,20.08046520999047
abalone,mlp,Percentile,clip,0,2,18.354587820055812
abalone,mlp,Percentile,clip,0,3,20.28280355327974
abalone,mlp,Percentile,clip,0,4,21.375382607922756
abalone,mlp,Percentile,clip,0,5,18.26720485817986
abalone,mlp,Percentile,clip,0,6,23.908269779351595
abalone,mlp,Percentile,clip,0,7,26.79565682211761
abalone,mlp,Percentile,clip,0,8,35.03866089194786
abalone,mlp,Percentile,clip,0,9,26.253101748294913
abalone,mlp,Percentile,clip,1,0,23.17675302883489
abalone,mlp,Percentile,clip,1,1,20.616418620460585
abalone,mlp,Percentile,clip,1,2,26.17459943356843
abalone,mlp,Percentile,clip,1,3,27.23385634343031
abalone,mlp,Percentile,clip,1,4,23.817222438713014
abalone,mlp,Percentile,clip,1,5,20.803788146453364
abalone,mlp,Percentile,clip,1,6,28.025268793898334
abalone,mlp,Percentile,clip,1,7,23.50065956747725
abalone,mlp,Percentile,clip,1,8,21.822138519591956
abalone,mlp,Percentile,clip,1,9,18.28129195010057
abalone,mlp,Percentile,clip,2,0,17.525450311995968
abalone,mlp,Percentile,clip,2,1,20.984073632675884
abalone,mlp,Percentile,clip,2,2,30.33132349631465
abalone,mlp,Percentile,clip,2,3,29.536330134235676
abalone,mlp,Percentile,clip,2,4,27.655137884550893
abalone,mlp,Percentile,clip,2,5,30.149956366542643
abalone,mlp,Percentile,clip,2,6,20.348099864155177
abalone,mlp,Percentile,clip,2,7,26.45750043578662
abalone,mlp,Percentile,clip,2,8,21.455245366468386
abalone,mlp,Percentile,clip,2,9,15.704359870384126
abalone,mlp,IsolationForest,remove,0,0,39.94355346458253
abalone,mlp,IsolationForest,remove,0,1,33.54525689144051
abalone,mlp,IsolationForest,remove,0,2,36.74186586466543
abalone,mlp,IsolationForest,remove,0,3,42.05176918952771
abalone,mlp,IsolationForest,remove,0,4,28.670618141147592
abalone,mlp,IsolationForest,remove,0,5,31.83719287578329
abalone,mlp,IsolationForest,remove,0,6,32.273544377974474
abalone,mlp,IsolationForest,remove,0,7,39.63626402738646
abalone,mlp,IsolationForest,remove,0,8,53.89005940251245
abalone,mlp,IsolationForest,remove,0,9,36.45744098038169
abalone,mlp,IsolationForest,remove,1,0,33.558743749062074
abalone,mlp,IsolationForest,remove,1,1,31.513071665795106
abalone,mlp,IsolationForest,remove,1,2,39.26214162785329
abalone,mlp,IsolationForest,remove,1,3,39.09047067376522
abalone,mlp,IsolationForest,remove,1,4,32.51684852348807
abalone,mlp,IsolationForest,remove,1,5,28.79218490351245
abalone,mlp,IsolationForest,remove,1,6,38.06495764315174
abalone,mlp,IsolationForest,remove,1,7,42.539622865655495
abalone,mlp,IsolationForest,remove,1,8,32.24617682595551
abalone,mlp,IsolationForest,remove,1,9,40.284795022498244
abalone,mlp,IsolationForest,remove,2,0,31.119984598099855
abalone,mlp,IsolationForest,remove,2,1,32.60002507103377
abalone,mlp,IsolationForest,remove,2,2,41.28702177617184
abalone,mlp,IsolationForest,remove,2,3,40.61014605163799
abalone,mlp,IsolationForest,remove,2,4,38.728798817923575
abalone,mlp,IsolationForest,remove,2,5,45.76211455947046
abalone,mlp,IsolationForest,remove,2,6,35.361729221357066
abalone,mlp,IsolationForest,remove,2,7,42.995748329746945
abalone,mlp,IsolationForest,remove,2,8,33.493226726974
abalone,mlp,IsolationForest,remove,2,9,36.11861241062811
abalone,mlp,LOF,remove,0,0,36.92094285662236
abalone,mlp,LOF,remove,0,1,35.87986883889076
abalone,mlp,LOF,remove,0,2,45.560259295352054
abalone,mlp,LOF,remove,0,3,41.242066333654556
abalone,mlp,LOF,remove,0,4,29.91452070480975
abalone,mlp,LOF,remove,0,5,30.17257476865285
abalone,mlp,LOF,remove,0,6,34.92094358546383
abalone,mlp,LOF,remove,0,7,35.090648831147185
abalone,mlp,LOF,remove,0,8,47.23798133103208
abalone,mlp,LOF,remove,0,9,41.62919708917684
abalone,mlp,LOF,remove,1,0,31.052960280482566
abalone,mlp,LOF,remove,1,1,33.00401377902212
abalone,mlp,LOF,remove,1,2,35.68021872262025
abalone,mlp,LOF,remove,1,3,35.84545888851249
abalone,mlp,LOF,remove,1,4,31.68763872076614
abalone,mlp,LOF,remove,1,5,31.58224098164716
abalone,mlp,LOF,remove,1,6,35.47547275960032
abalone,mlp,LOF,remove,1,7,38.153310354793526
abalone,mlp,LOF,remove,1,8,35.185271108038386
abalone,mlp,LOF,remove,1,9,33.514214881777576
abalone,mlp,LOF,remove,2,0,30.581367558493156
abalone,mlp,LOF,remove,2,1,31.359529381900384
abalone,mlp,LOF,remove,2,2,41.42406694737854
abalone,mlp,LOF,remove,2,3,36.74408682677376
abalone,mlp,LOF,remove,2,4,38.53345181526934
abalone,mlp,LOF,remove,2,5,42.7952423964883
abalone,mlp,LOF,remove,2,6,34.3580136859062
abalone,mlp,LOF,remove,2,7,37.6705000452905
abalone,mlp,LOF,remove,2,8,32.787218663401966
abalone,mlp,LOF,remove,2,9,32.16214211267196
abalone,mlp,Autoencoder,remove,0,0,40.76393123338362
abalone,mlp,Autoencoder,remove,0,1,32.91113482000488
abalone,mlp,Autoencoder,remove,0,2,38.308512688328435
abalone,mlp,Autoencoder,remove,0,3,42.13227503451944
abalone,mlp,Autoencoder,remove,0,4,30.57475446659388
abalone,mlp,Autoencoder,remove,0,5,27.98342686812734
abalone,mlp,Autoencoder,remove,0,6,32.25811373837864
abalone,mlp,Autoencoder,remove,0,7,39.07805773883593
abalone,mlp,Autoencoder,remove,0,8,54.86927552716131
abalone,mlp,Autoencoder,remove,0,9,45.1526298882579
abalone,mlp,Autoencoder,remove,1,0,32.14878828347408
abalone,mlp,Autoencoder,remove,1,1,30.631520768655367
abalone,mlp,Autoencoder,remove,1,2,39.50962578193209
abalone,mlp,Autoencoder,remove,1,3,41.77403561229014
abalone,mlp,Autoencoder,remove,1,4,31.229429337962003
abalone,mlp,Autoencoder,remove,1,5,29.177736384649382
abalone,mlp,Autoencoder,remove,1,6,40.98923807402536
abalone,mlp,Autoencoder,remove,1,7,42.67119786436164
abalone,mlp,Autoencoder,remove,1,8,35.69071399203186
abalone,mlp,Autoencoder,remove,1,9,34.63719610634047
abalone,mlp,Autoencoder,remove,2,0,31.321685524861753
abalone,mlp,Autoencoder,remove,2,1,33.58986517158547
abalone,mlp,Autoencoder,remove,2,2,41.40641678534541
abalone,mlp,Autoencoder,remove,2,3,39.78004547493903
abalone,mlp,Autoencoder,remove,2,4,42.11324881038782
abalone,mlp,Autoencoder,remove,2,5,41.83781461159827
abalone,mlp,Autoencoder,remove,2,6,35.109629105847155
abalone,mlp,Autoencoder,remove,2,7,39.372208696607075
abalone,mlp,Autoencoder,remove,2,8,34.33225796257815
abalone,mlp,Autoencoder,remove,2,9,34.43148869754974
abalone,xgboost,None,remove,0,0,9.913172721862793
abalone,xgboost,None,remove,0,1,8.351036071777344
abalone,xgboost,None,remove,0,2,8.921585083007812
abalone,xgboost,None,remove,0,3,12.159183502197266
abalone,xgboost,None,remove,0,4,8.751143455505371
abalone,xgboost,None,remove,0,5,7.9583892822265625
abalone,xgboost,None,remove,0,6,9.575848579406738
abalone,xgboost,None,remove,0,7,17.937166213989258
abalone,xgboost,None,remove,0,8,10.416325569152832
abalone,xgboost,None,remove,0,9,14.93547534942627
abalone,xgboost,None,remove,1,0,19.826244354248047
abalone,xgboost,None,remove,1,1,14.239662170410156
abalone,xgboost,None,remove,1,2,8.994770050048828
abalone,xgboost,None,remove,1,3,8.625414848327637
abalone,xgboost,None,remove,1,4,14.755230903625488
abalone,xgboost,None,remove,1,5,9.78232192993164
abalone,xgboost,None,remove,1,6,12.26245403289795
abalone,xgboost,None,remove,1,7,12.028315544128418
abalone,xgboost,None,remove,1,8,10.777800559997559
abalone,xgboost,None,remove,1,9,11.720040321350098
abalone,xgboost,None,remove,2,0,9.872626304626465
abalone,xgboost,None,remove,2,1,10.58221435546875
abalone,xgboost,None,remove,2,2,14.672186851501465
abalone,xgboost,None,remove,2,3,11.634679794311523
abalone,xgboost,None,remove,2,4,13.828968048095703
abalone,xgboost,None,remove,2,5,8.238612174987793
abalone,xgboost,None,remove,2,6,10.423833847045898
abalone,xgboost,None,remove,2,7,12.376462936401367
abalone,xgboost,None,remove,2,8,11.960050582885742
abalone,xgboost,None,remove,2,9,10.859678268432617
abalone,xgboost,ZScore,remove,0,0,10.272174835205078
abalone,xgboost,ZScore,remove,0,1,11.057158470153809
abalone,xgboost,ZScore,remove,0,2,12.516053199768066
abalone,xgboost,ZScore,remove,0,3,12.42176342010498
abalone,xgboost,ZScore,remove,0,4,10.644585609436035
abalone,xgboost,ZScore,remove,0,5,8.331267356872559
abalone,xgboost,ZScore,remove,0,6,9.5624361038208
abalone,xgboost,ZScore,remove,0,7,15.813860893249512
abalone,xgboost,ZScore,remove,0,8,10.9209623336792
abalone,xgboost,ZScore,remove,0,9,12.023283958435059
abalone,xgboost,ZScore,remove,1,0,14.334980010986328
abalone,xgboost,ZScore,remove,1,1,13.184305191040039
abalone,xgboost,ZScore,remove,1,2,8.4691162109375
abalone,xgboost,ZScore,remove,1,3,8.7354097366333
abalone,xgboost,ZScore,remove,1,4,11.55448055267334
abalone,xgboost,ZScore,remove,1,5,9.569851875305176
abalone,xgboost,ZScore,remove,1,6,11.523451805114746
abalone,xgboost,ZScore,remove,1,7,11.992194175720215
abalone,xgboost,ZScore,remove,1,8,14.124482154846191
abalone,xgboost,ZScore,remove,1,9,11.052385330200195
abalone,xgboost,ZScore,remove,2,0,10.118159294128418
abalone,xgboost,ZScore,remove,2,1,10.433652877807617
abalone,xgboost,ZScore,remove,2,2,13.458366394042969
abalone,xgboost,ZScore,remove,2,3,15.400259017944336
abalone,xgboost,ZScore,remove,2,4,12.354105949401855
abalone,xgboost,ZScore,remove,2,5,11.503843307495117
abalone,xgboost,ZScore,remove,2,6,9.982182502746582
abalone,xgboost,ZScore,remove,2,7,12.078845977783203
abalone,xgboost,ZScore,remove,2,8,13.28823184967041
abalone,xgboost,ZScore,remove,2,9,8.547024726867676
abalone,xgboost,ZScore,clip,0,0,9.007226943969727
abalone,xgboost,ZScore,clip,0,1,8.25989055633545
abalone,xgboost,ZScore,clip,0,2,9.838920593261719
abalone,xgboost,ZScore,clip,0,3,12.670465469360352
abalone,xgboost,ZScore,clip,0,4,7.53624963760376
abalone,xgboost,ZScore,clip,0,5,8.706768989562988
abalone,xgboost,ZScore,clip,0,6,11.126269340515137
abalone,xgboost,ZScore,clip,0,7,16.996707916259766
abalone,xgboost,ZScore,clip,0,8,12.658541679382324
abalone,xgboost,ZScore,clip,0,9,13.16466236114502
abalone,xgboost,ZScore,clip,1,0,16.081575393676758
abalone,xgboost,ZScore,clip,1,1,13.161675453186035
abalone,xgboost,ZScore,clip,1,2,8.306333541870117
abalone,xgboost,ZScore,clip,1,3,8.735243797302246
abalone,xgboost,ZScore,clip,1,4,13.310578346252441
abalone,xgboost,ZScore,clip,1,5,8.320488929748535
abalone,xgboost,ZScore,clip,1,6,12.869595527648926
abalone,xgboost,ZScore,clip,1,7,10.014719009399414
abalone,xgboost,ZScore,clip,1,8,11.583984375
abalone,xgboost,ZScore,clip,1,9,8.973944664001465
abalone,xgboost,ZScore,clip,2,0,10.858586311340332
abalone,xgboost,ZScore,clip,2,1,11.60356616973877
abalone,xgboost,ZScore,clip,2,2,13.028727531433105
abalone,xgboost,ZScore,clip,2,3,12.069798469543457
abalone,xgboost,ZScore,clip,2,4,13.571306228637695
abalone,xgboost,ZScore,clip,2,5,8.4609375
abalone,xgboost,ZScore,clip,2,6,10.933384895324707
abalone,xgboost,ZScore,clip,2,7,9.667988777160645
abalone,xgboost,ZScore,clip,2,8,12.285257339477539
abalone,xgboost,ZScore,clip,2,9,11.266926765441895
abalone,xgboost,Percentile,remove,0,0,8.420733451843262
abalone,xgboost,Percentile,remove,0,1,8.850387573242188
abalone,xgboost,Percentile,remove,0,2,6.047308444976807
abalone,xgboost,Percentile,remove,0,3,11.78048324584961
abalone,xgboost,Percentile,remove,0,4,8.448017120361328
abalone,xgboost,Percentile,remove,0,5,6.565762996673584
abalone,xgboost,Percentile,remove,0,6,8.763086318969727
abalone,xgboost,Percentile,remove,0,7,13.602252960205078
abalone,xgboost,Percentile,remove,0,8,10.818739891052246
abalone,xgboost,Percentile,remove,0,9,11.148660659790039
abalone,xgboost,Percentile,remove,1,0,13.064055442810059
abalone,xgboost,Percentile,remove,1,1,10.025004386901855
abalone,xgboost,Percentile,remove,1,2,9.755544662475586
abalone,xgboost,Percentile,remove,1,3,9.693601608276367
abalone,xgboost,Percentile,remove,1,4,8.276482582092285
abalone,xgboost,Percentile,remove,1,5,8.601956367492676
abalone,xgboost,Percentile,remove,1,6,9.737320899963379
abalone,xgboost,Percentile,remove,1,7,10.21906852722168
abalone,xgboost,Percentile,remove,1,8,9.770828247070312
abalone,xgboost,Percentile,remove,1,9,10.976381301879883
abalone,xgboost,Percentile,remove,2,0,7.10211181640625
abalone,xgboost,Percentile,remove,2,1,9.214290618896484
abalone,xgboost,Percentile,remove,2,2,12.172033309936523
abalone,xgboost,Percentile,remove,2,3,10.358675956726074
abalone,xgboost,Percentile,remove,2,4,10.442636489868164
abalone,xgboost,Percentile,remove,2,5,9.6849946975708
abalone,xgboost,Percentile,remove,2,6,7.895317554473877
abalone,xgboost,Percentile,remove,2,7,8.743093490600586
abalone,xgboost,Percentile,remove,2,8,9.987683296203613
abalone,xgboost,Percentile,remove,2,9,7.545560359954834
abalone,xgboost,Percentile,clip,0,0,9.452977180480957
abalone,xgboost,Percentile,clip,0,1,7.886497497558594
abalone,xgboost,Percentile,clip,0,2,8.485740661621094
abalone,xgboost,Percentile,clip,0,3,13.218473434448242
abalone,xgboost,Percentile,clip,0,4,10.314898490905762
abalone,xgboost,Percentile,clip,0,5,10.157140731811523
abalone,xgboost,Percentile,clip,0,6,9.448907852172852
abalone,xgboost,Percentile,clip,0,7,13.639138221740723
abalone,xgboost,Percentile,clip,0,8,11.64865493774414
abalone,xgboost,Percentile,clip,0,9,11.948132514953613
abalone,xgboost,Percentile,clip,1,0,13.220169067382812
abalone,xgboost,Percentile,clip,1,1,10.014640808105469
abalone,xgboost,Percentile,clip,1,2,8.30045223236084
abalone,xgboost,Percentile,clip,1,3,9.292745590209961
abalone,xgboost,Percentile,clip,1,4,10.150544166564941
abalone,xgboost,Percentile,clip,1,5,9.38597297668457
abalone,xgboost,Percentile,clip,1,6,10.547219276428223
abalone,xgboost,Percentile,clip,1,7,13.568285942077637
abalone,xgboost,Percentile,clip,1,8,10.30630111694336
abalone,xgboost,Percentile,clip,1,9,14.289158821105957
abalone,xgboost,Percentile,clip,2,0,9.03806209564209
abalone,xgboost,Percentile,clip,2,1,13.104714393615723
abalone,xgboost,Percentile,clip,2,2,11.84070873260498
abalone,xgboost,Percentile,clip,2,3,12.581493377685547
abalone,xgboost,Percentile,clip,2,4,12.721301078796387
abalone,xgboost,Percentile,clip,2,5,12.010183334350586
abalone,xgboost,Percentile,clip,2,6,7.975942611694336
abalone,xgboost,Percentile,clip,2,7,8.420064926147461
abalone,xgboost,Percentile,clip,2,8,11.048392295837402
abalone,xgboost,Percentile,clip,2,9,6.6903181076049805
abalone,xgboost,IsolationForest,remove,0,0,10.508492469787598
abalone,xgboost,IsolationForest,remove,0,1,8.24760627746582
abalone,xgboost,IsolationForest,remove,0,2,8.897777557373047
abalone,xgboost,IsolationForest,remove,0,3,10.497593879699707
abalone,xgboost,IsolationForest,remove,0,4,7.901861190795898
abalone,xgboost,IsolationForest,remove,0,5,9.395530700683594
abalone,xgboost,IsolationForest,remove,0,6,10.577898979187012
abalone,xgboost,IsolationForest,remove,0,7,12.74368667602539
abalone,xgboost,IsolationForest,remove,0,8,11.015138626098633
abalone,xgboost,IsolationForest,remove,0,9,10.331643104553223
abalone,xgboost,IsolationForest,remove,1,0,11.015118598937988
abalone,xgboost,IsolationForest,remove,1,1,9.54841423034668
abalone,xgboost,IsolationForest,remove,1,2,8.198622703552246
abalone,xgboost,IsolationForest,remove,1,3,8.716166496276855
abalone,xgboost,IsolationForest,remove,1,4,9.909921646118164
abalone,xgboost,IsolationForest,remove,1,5,7.715072154998779
abalone,xgboost,IsolationForest,remove,1,6,10.718504905700684
abalone,xgboost,IsolationForest,remove,1,7,11.75078296661377
abalone,xgboost,IsolationForest,remove,1,8,10.977134704589844
abalone,xgboost,IsolationForest,remove,1,9,10.491352081298828
abalone,xgboost,IsolationForest,remove,2,0,9.24980354309082
abalone,xgboost,IsolationForest,remove,2,1,10.335663795471191
abalone,xgboost,IsolationForest,remove,2,2,15.32297420501709
abalone,xgboost,IsolationForest,remove,2,3,12.887434005737305
abalone,xgboost,IsolationForest,remove,2,4,11.505725860595703
abalone,xgboost,IsolationForest,remove,2,5,12.232272148132324
abalone,xgboost,IsolationForest,remove,2,6,9.47702693939209
abalone,xgboost,IsolationForest,remove,2,7,7.498558044433594
abalone,xgboost,IsolationForest,remove,2,8,8.883996963500977
abalone,xgboost,IsolationForest,remove,2,9,8.678276062011719
abalone,xgboost,LOF,remove,0,0,15.114638328552246
abalone,xgboost,LOF,remove,0,1,8.234883308410645
abalone,xgboost,LOF,remove,0,2,11.163442611694336
abalone,xgboost,LOF,remove,0,3,11.122159004211426
abalone,xgboost,LOF,remove,0,4,9.505409240722656
abalone,xgboost,LOF,remove,0,5,10.407100677490234
abalone,xgboost,LOF,remove,0,6,14.189478874206543
abalone,xgboost,LOF,remove,0,7,12.909123420715332
abalone,xgboost,LOF,remove,0,8,17.456296920776367
abalone,xgboost,LOF,remove,0,9,14.270326614379883
abalone,xgboost,LOF,remove,1,0,13.068513870239258
abalone,xgboost,LOF,remove,1,1,12.707246780395508
abalone,xgboost,LOF,remove,1,2,8.856962203979492
abalone,xgboost,LOF,remove,1,3,11.500014305114746
abalone,xgboost,LOF,remove,1,4,13.847001075744629
abalone,xgboost,LOF,remove,1,5,10.121140480041504
abalone,xgboost,LOF,remove,1,6,16.73689842224121
abalone,xgboost,LOF,remove,1,7,14.234548568725586
abalone,xgboost,LOF,remove,1,8,15.068907737731934
abalone,xgboost,LOF,remove,1,9,9.369531631469727
abalone,xgboost,LOF,remove,2,0,9.399282455444336
abalone,xgboost,LOF,remove,2,1,9.670766830444336
abalone,xgboost,LOF,remove,2,2,16.77956771850586
abalone,xgboost,LOF,remove,2,3,14.539349555969238
abalone,xgboost,LOF,remove,2,4,9.4592924118042
abalone,xgboost,LOF,remove,2,5,12.295604705810547
abalone,xgboost,LOF,remove,2,6,11.348093032836914
abalone,xgboost,LOF,remove,2,7,13.244847297668457
abalone,xgboost,LOF,remove,2,8,13.171688079833984
abalone,xgboost,LOF,remove,2,9,10.64035701751709
abalone,xgboost,Autoencoder,remove,0,0,13.393007278442383
abalone,xgboost,Autoencoder,remove,0,1,11.2703218460083
abalone,xgboost,Autoencoder,remove,0,2,7.25606632232666
abalone,xgboost,Autoencoder,remove,0,3,12.289971351623535
abalone,xgboost,Autoencoder,remove,0,4,7.767636775970459
abalone,xgboost,Autoencoder,remove,0,5,9.111763000488281
abalone,xgboost,Autoencoder,remove,0,6,14.742362976074219
abalone,xgboost,Autoencoder,remove,0,7,17.857027053833008
abalone,xgboost,Autoencoder,remove,0,8,12.12002182006836
abalone,xgboost,Autoencoder,remove,0,9,14.820162773132324
abalone,xgboost,Autoencoder,remove,1,0,14.442178726196289
abalone,xgboost,Autoencoder,remove,1,1,12.384778022766113
abalone,xgboost,Autoencoder,remove,1,2,9.07495403289795
abalone,xgboost,Autoencoder,remove,1,3,11.092857360839844
abalone,xgboost,Autoencoder,remove,1,4,11.672361373901367
abalone,xgboost,Autoencoder,remove,1,5,8.597369194030762
abalone,xgboost,Autoencoder,remove,1,6,11.595892906188965
abalone,xgboost,Autoencoder,remove,1,7,18.93067741394043
abalone,xgboost,Autoencoder,remove,1,8,11.64858341217041
abalone,xgboost,Autoencoder,remove,1,9,10.667936325073242
abalone,xgboost,Autoencoder,remove,2,0,10.063126564025879
abalone,xgboost,Autoencoder,remove,2,1,9.995967864990234
abalone,xgboost,Autoencoder,remove,2,2,13.98447036743164
abalone,xgboost,Autoencoder,remove,2,3,11.85283088684082
abalone,xgboost,Autoencoder,remove,2,4,12.982449531555176
abalone,xgboost,Autoencoder,remove,2,5,10.101365089416504
abalone,xgboost,Autoencoder,remove,2,6,10.937111854553223
abalone,xgboost,Autoencoder,remove,2,7,10.974353790283203
abalone,xgboost,Autoencoder,remove,2,8,10.183538436889648
abalone,xgboost,Autoencoder,remove,2,9,8.5253324508667
abalone,randomforest,None,remove,0,0,9.629522761194028
abalone,randomforest,None,remove,0,1,8.677695895522387
abalone,randomforest,None,remove,0,2,9.089486516853931
abalone,randomforest,None,remove,0,3,10.662032209737827
abalone,randomforest,None,remove,0,4,8.004816104868913
abalone,randomforest,None,remove,0,5,7.790188014981274
abalone,randomforest,None,remove,0,6,11.212135580524345
abalone,randomforest,None,remove,0,7,10.954073782771534
abalone,randomforest,None,remove,0,8,10.216731460674158
abalone,randomforest,None,remove,0,9,10.697291011235954
abalone,randomforest,None,remove,1,0,10.165087313432837
abalone,randomforest,None,remove,1,1,10.07115634328358
abalone,randomforest,None,remove,1,2,7.783234456928839
abalone,randomforest,None,remove,1,3,8.643022471910111
abalone,randomforest,None,remove,1,4,11.603645318352061
abalone,randomforest,None,remove,1,5,8.868947940074905
abalone,randomforest,None,remove,1,6,10.36722734082397
abalone,randomforest,None,remove,1,7,10.451515730337077
abalone,randomforest,None,remove,1,8,11.154599625468167
abalone,randomforest,None,remove,1,9,9.346896629213482
abalone,randomforest,None,remove,2,0,7.7748
abalone,randomforest,None,remove,2,1,7.800223134328358
abalone,randomforest,None,remove,2,2,12.326114232209738
abalone,randomforest,None,remove,2,3,10.598959550561798
abalone,randomforest,None,remove,2,4,9.495458426966291
abalone,randomforest,None,remove,2,5,9.265394382022473
abalone,randomforest,None,remove,2,6,8.02985468164794
abalone,randomforest,None,remove,2,7,8.834705617977528
abalone,randomforest,None,remove,2,8,10.662706741573034
abalone,randomforest,None,remove,2,9,8.36436554307116
abalone,randomforest,ZScore,remove,0,0,8.811769776119402
abalone,randomforest,ZScore,remove,0,1,8.78112723880597
abalone,randomforest,ZScore,remove,0,2,8.5541734082397
abalone,randomforest,ZScore,remove,0,3,9.74618913857678
abalone,randomforest,ZScore,remove,0,4,7.908757677902623
abalone,randomforest,ZScore,remove,0,5,7.770499625468164
abalone,randomforest,ZScore,remove,0,6,10.776297003745318
abalone,randomforest,ZScore,remove,0,7,10.947474906367042
abalone,randomforest,ZScore,remove,0,8,10.365953183520599
abalone,randomforest,ZScore,remove,0,9,10.208982397003744
abalone,randomforest,ZScore,remove,1,0,10.009263059701492
abalone,randomforest,ZScore,remove,1,1,10.041755970149254
abalone,randomforest,ZScore,remove,1,2,7.909041947565543
abalone,randomforest,ZScore,remove,1,3,8.460015730337078
abalone,randomforest,ZScore,remove,1,4,11.461174906367042
abalone,randomforest,ZScore,remove,1,5,8.542047565543072
abalone,randomforest,ZScore,remove,1,6,10.73066104868914
abalone,randomforest,ZScore,remove,1,7,10.480416853932585
abalone,randomforest,ZScore,remove,1,8,10.542097003745319
abalone,randomforest,ZScore,remove,1,9,7.986242696629213
abalone,randomforest,ZScore,remove,2,0,7.902494402985073
abalone,randomforest,ZScore,remove,2,1,7.75502723880597
abalone,randomforest,ZScore,remove,2,2,12.114707865168539
abalone,randomforest,ZScore,remove,2,3,10.549144943820226
abalone,randomforest,ZScore,remove,2,4,9.438749063670413
abalone,randomforest,ZScore,remove,2,5,9.490229588014982
abalone,randomforest,ZScore,remove,2,6,8.729428464419478
abalone,randomforest,ZScore,remove,2,7,8.910143445692883
abalone,randomforest,ZScore,remove,2,8,9.431885018726593
abalone,randomforest,ZScore,remove,2,9,8.538277153558054
abalone,randomforest,ZScore,clip,0,0,9.807303731343284
abalone,randomforest,ZScore,clip,0,1,8.70441119402985
abalone,randomforest,ZScore,clip,0,2,9.39810711610487
abalone,randomforest,ZScore,clip,0,3,11.069410486891387
abalone,randomforest,ZScore,clip,0,4,8.025132209737828
abalone,randomforest,ZScore,clip,0,5,8.202934456928839
abalone,randomforest,ZScore,clip,0,6,11.669222846441947
abalone,randomforest,ZScore,clip,0,7,11.225986142322096
abalone,randomforest,ZScore,clip,0,8,10.553068913857679
abalone,randomforest,ZScore,clip,0,9,10.891082771535581
abalone,randomforest,ZScore,clip,1,0,10.375485820895523
abalone,randomforest,ZScore,clip,1,1,9.985158582089552
abalone,randomforest,ZScore,clip,1,2,7.974735205992509
abalone,randomforest,ZScore,clip,1,3,8.49719513108614
abalone,randomforest,ZScore,clip,1,4,11.560005992509364
abalone,randomforest,ZScore,clip,1,5,9.050375280898876
abalone,randomforest,ZScore,clip,1,6,10.561853183520599
abalone,randomforest,ZScore,clip,1,7,10.488350936329589
abalone,randomforest,ZScore,clip,1,8,11.541367415730337
abalone,randomforest,ZScore,clip,1,9,9.449475280898877
abalone,randomforest,ZScore,clip,2,0,7.688396641791044
abalone,randomforest,ZScore,clip,2,1,8.047010447761194
abalone,randomforest,ZScore,clip,2,2,12.630911235955057
abalone,randomforest,ZScore,clip,2,3,10.710340074906366
abalone,randomforest,ZScore,clip,2,4,9.480416853932585
abalone,randomforest,ZScore,clip,2,5,9.331015730337079
abalone,randomforest,ZScore,clip,2,6,8.327818352059925
abalone,randomforest,ZScore,clip,2,7,8.82529925093633
abalone,randomforest,ZScore,clip,2,8,11.112871535580524
abalone,randomforest,ZScore,clip,2,9,8.551884269662922
abalone,randomforest,Percentile,remove,0,0,7.449156716417911
abalone,randomforest,Percentile,remove,0,1,8.498748880597017
abalone,randomforest,Percentile,remove,0,2,7.004729213483147
abalone,randomforest,Percentile,remove,0,3,8.022622097378276
abalone,randomforest,Percentile,remove,0,4,6.697159550561797
abalone,randomforest,Percentile,remove,0,5,6.515449063670412
abalone,randomforest,Percentile,remove,0,6,8.361780524344569
abalone,randomforest,Percentile,remove,0,7,9.613303370786515
abalone,randomforest,Percentile,remove,0,8,8.256467790262173
abalone,randomforest,Percentile,remove,0,9,8.630935580524344
abalone,randomforest,Percentile,remove,1,0,8.86605
abalone,randomforest,Percentile,remove,1,1,10.329931343283581
abalone,randomforest,Percentile,remove,1,2,6.0802670411985025
abalone,randomforest,Percentile,remove,1,3,7.095494382022471
abalone,randomforest,Percentile,remove,1,4,8.009165543071163
abalone,randomforest,Percentile,remove,1,5,6.491575655430712
abalone,randomforest,Percentile,remove,1,6,8.101103745318353
abalone,randomforest,Percentile,remove,1,7,8.111523220973783
abalone,randomforest,Percentile,remove,1,8,9.411537827715357
abalone,randomforest,Percentile,remove,1,9,7.545123595505618
abalone,randomforest,Percentile,remove,2,0,6.280039552238806
abalone,randomforest,Percentile,remove,2,1,8.659086567164177
abalone,randomforest,Percentile,remove,2,2,9.681898876404494
abalone,randomforest,Percentile,remove,2,3,8.077484644194756
abalone,randomforest,Percentile,remove,2,4,7.358340074906366
abalone,randomforest,Percentile,remove,2,5,8.722295505617977
abalone,randomforest,Percentile,remove,2,6,7.446149438202248
abalone,randomforest,Percentile,remove,2,7,7.221591760299626
abalone,randomforest,Percentile,remove,2,8,7.7402464419475665
abalone,randomforest,Percentile,remove,2,9,7.463298876404495
abalone,randomforest,Percentile,clip,0,0,9.59965702515577
abalone,randomforest,Percentile,clip,0,1,8.945690425278245
abalone,randomforest,Percentile,clip,0,2,7.703200827052125
abalone,randomforest,Percentile,clip,0,3,9.721108629074724
abalone,randomforest,Percentile,clip,0,4,7.141242606622901
abalone,randomforest,Percentile,clip,0,5,7.215180176551136
abalone,randomforest,Percentile,clip,0,6,9.071751357216055
abalone,randomforest,Percentile,clip,0,7,9.882918223710638
abalone,randomforest,Percentile,clip,0,8,9.578307760769466
abalone,randomforest,Percentile,clip,0,9,9.131549611140557
abalone,randomforest,Percentile,clip,1,0,9.463095164476641
abalone,randomforest,Percentile,clip,1,1,9.801076252380408
abalone,randomforest,Percentile,clip,1,2,6.798986744523092
abalone,randomforest,Percentile,clip,1,3,7.694569720763218
abalone,randomforest,Percentile,clip,1,4,10.344067907463604
abalone,randomforest,Percentile,clip,1,5,7.1728876949671445
abalone,randomforest,Percentile,clip,1,6,9.690938422816027
abalone,randomforest,Percentile,clip,1,7,9.225089019374956
abalone,randomforest,Percentile,clip,1,8,9.950269748522869
abalone,randomforest,Percentile,clip,1,9,8.115503732256425
abalone,randomforest,Percentile,clip,2,0,6.650007527345421
abalone,randomforest,Percentile,clip,2,1,7.732849321074513
abalone,randomforest,Percentile,clip,2,2,10.857506896117481
abalone,randomforest,Percentile,clip,2,3,9.467688601067657
abalone,randomforest,Percentile,clip,2,4,8.741758331022163
abalone,randomforest,Percentile,clip,2,5,8.901578515778995
abalone,randomforest,Percentile,clip,2,6,7.543923370835029
abalone,randomforest,Percentile,clip,2,7,8.552189158808156
abalone,randomforest,Percentile,clip,2,8,9.28774341836394
abalone,randomforest,Percentile,clip,2,9,7.786593067144544
abalone,randomforest,IsolationForest,remove,0,0,9.245163059701493
abalone,randomforest,IsolationForest,remove,0,1,9.60512947761194
abalone,randomforest,IsolationForest,remove,0,2,7.95742509363296
abalone,randomforest,IsolationForest,remove,0,3,9.204202621722846
abalone,randomforest,IsolationForest,remove,0,4,6.945552434456929
abalone,randomforest,IsolationForest,remove,0,5,6.911737827715355
abalone,randomforest,IsolationForest,remove,0,6,10.033368913857679
abalone,randomforest,IsolationForest,remove,0,7,10.074482397003745
abalone,randomforest,IsolationForest,remove,0,8,10.345273782771537
abalone,randomforest,IsolationForest,remove,0,9,9.714550936329589
abalone,randomforest,IsolationForest,remove,1,0,9.227540298507463
abalone,randomforest,IsolationForest,remove,1,1,9.447297014925372
abalone,randomforest,IsolationForest,remove,1,2,7.264696629213484
abalone,randomforest,IsolationForest,remove,1,3,7.763186891385768
abalone,randomforest,IsolationForest,remove,1,4,10.427740823970037
abalone,randomforest,IsolationForest,remove,1,5,8.081162921348314
abalone,randomforest,IsolationForest,remove,1,6,10.017714232209737
abalone,randomforest,IsolationForest,remove,1,7,10.06282434456929
abalone,randomforest,IsolationForest,remove,1,8,9.997740823970037
abalone,randomforest,IsolationForest,remove,1,9,8.92154382022472
abalone,randomforest,IsolationForest,remove,2,0,7.502424253731343
abalone,randomforest,IsolationForest,remove,2,1,7.739412686567165
abalone,randomforest,IsolationForest,remove,2,2,11.87333520599251
abalone,randomforest,IsolationForest,remove,2,3,10.384431086142321
abalone,randomforest,IsolationForest,remove,2,4,9.38708838951311
abalone,randomforest,IsolationForest,remove,2,5,9.565771910112359
abalone,randomforest,IsolationForest,remove,2,6,8.203881273408241
abalone,randomforest,IsolationForest,remove,2,7,7.856008988764045
abalone,randomforest,IsolationForest,remove,2,8,8.616223595505618
abalone,randomforest,IsolationForest,remove,2,9,9.099897752808989
abalone,randomforest,LOF,remove,0,0,10.544483955223882
abalone,randomforest,LOF,remove,0,1,8.125979850746269
abalone,randomforest,LOF,remove,0,2,9.44918501872659
abalone,randomforest,LOF,remove,0,3,10.353905243445691
abalone,randomforest,LOF,remove,0,4,7.590513108614232
abalone,randomforest,LOF,remove,0,5,7.666385767790261
abalone,randomforest,LOF,remove,0,6,11.546737827715354
abalone,randomforest,LOF,remove,0,7,11.33512584269663
abalone,randomforest,LOF,remove,0,8,10.447437827715355
abalone,randomforest,LOF,remove,0,9,11.125248314606743
abalone,randomforest,LOF,remove,1,0,10.313525746268656
abalone,randomforest,LOF,remove,1,1,10.881146641791045
abalone,randomforest,LOF,remove,1,2,8.216747940074905
abalone,randomforest,LOF,remove,1,3,9.068334456928838
abalone,randomforest,LOF,remove,1,4,11.041470037453184
abalone,randomforest,LOF,remove,1,5,8.254726591760301
abalone,randomforest,LOF,remove,1,6,11.859471161048688
abalone,randomforest,LOF,remove,1,7,9.085977153558051
abalone,randomforest,LOF,remove,1,8,11.691323595505617
abalone,randomforest,LOF,remove,1,9,8.30211797752809
abalone,randomforest,LOF,remove,2,0,7.367490298507462
abalone,randomforest,LOF,remove,2,1,7.788502985074627
abalone,randomforest,LOF,remove,2,2,12.185553558052435
abalone,randomforest,LOF,remove,2,3,10.879898127340825
abalone,randomforest,LOF,remove,2,4,9.212588014981273
abalone,randomforest,LOF,remove,2,5,9.371541198501873
abalone,randomforest,LOF,remove,2,6,9.350759925093634
abalone,randomforest,LOF,remove,2,7,9.797577528089887
abalone,randomforest,LOF,remove,2,8,10.129091760299625
abalone,randomforest,LOF,remove,2,9,8.200261797752809
abalone,randomforest,Autoencoder,remove,0,0,10.30402276119403
abalone,randomforest,Autoencoder,remove,0,1,9.73262089552239
abalone,randomforest,Autoencoder,remove,0,2,8.798564419475655
abalone,randomforest,Autoencoder,remove,0,3,9.124751310861422
abalone,randomforest,Autoencoder,remove,0,4,7.68436554307116
abalone,randomforest,Autoencoder,remove,0,5,7.387111985018726
abalone,randomforest,Autoencoder,remove,0,6,11.215234082397004
abalone,randomforest,Autoencoder,remove,0,7,11.400891760299624
abalone,randomforest,Autoencoder,remove,0,8,10.916904119850189
abalone,randomforest,Autoencoder,remove,0,9,10.40054606741573
abalone,randomforest,Autoencoder,remove,1,0,9.769317537313432
abalone,randomforest,Autoencoder,remove,1,1,10.255960447761195
abalone,randomforest,Autoencoder,remove,1,2,7.6651910112359545
abalone,randomforest,Autoencoder,remove,1,3,8.404543445692884
abalone,randomforest,Autoencoder,remove,1,4,11.10258202247191
abalone,randomforest,Autoencoder,remove,1,5,8.697938576779027
abalone,randomforest,Autoencoder,remove,1,6,10.941578277153559
abalone,randomforest,Autoencoder,remove,1,7,10.46698988764045
abalone,randomforest,Autoencoder,remove,1,8,11.075003745318353
abalone,randomforest,Autoencoder,remove,1,9,9.47563445692884
abalone,randomforest,Autoencoder,remove,2,0,7.594287313432837
abalone,randomforest,Autoencoder,remove,2,1,7.678507835820895
abalone,randomforest,Autoencoder,remove,2,2,12.918577528089887
abalone,randomforest,Autoencoder,remove,2,3,11.470630337078651
abalone,randomforest,Autoencoder,remove,2,4,9.292547940074906
abalone,randomforest,Autoencoder,remove,2,5,9.294462921348316
abalone,randomforest,Autoencoder,remove,2,6,8.809772284644193
abalone,randomforest,Autoencoder,remove,2,7,8.708514981273408
abalone,randomforest,Autoencoder,remove,2,8,9.420855056179775
abalone,randomforest,Autoencoder,remove,2,9,8.6514670411985
wine_quality,mlp,None,remove,0,0,0.4801198998175765
wine_quality,mlp,None,remove,0,1,0.5047583070424818
wine_quality,mlp,None,remove,0,2,0.48459337693099563
wine_quality,mlp,None,remove,0,3,0.5439177372019789
wine_quality,mlp,None,remove,0,4,0.42218389897110875
wine_quality,mlp,None,remove,0,5,0.4847407652318001
wine_quality,mlp,None,remove,0,6,0.44598752500922473
wine_quality,mlp,None,remove,0,7,0.45610162685299177
wine_quality,mlp,None,remove,0,8,0.4777194859832374
wine_quality,mlp,None,remove,0,9,0.43156067125909314
wine_quality,mlp,None,remove,1,0,0.4388032101780439
wine_quality,mlp,None,remove,1,1,0.4807316204584572
wine_quality,mlp,None,remove,1,2,0.43566955002199437
wine_quality,mlp,None,remove,1,3,0.4315662419570814
wine_quality,mlp,None,remove,1,4,0.4354239786633862
wine_quality,mlp,None,remove,1,5,0.558516159697205
wine_quality,mlp,None,remove,1,6,0.4770163857005321
wine_quality,mlp,None,remove,1,7,0.48384942094850325
wine_quality,mlp,None,remove,1,8,0.4413678654767147
wine_quality,mlp,None,remove,1,9,0.42812509440090074
wine_quality,mlp,None,remove,2,0,0.4959542051757052
wine_quality,mlp,None,remove,2,1,0.4625030207856333
wine_quality,mlp,None,remove,2,2,0.4723014346651826
wine_quality,mlp,None,remove,2,3,0.471323087820986
wine_quality,mlp,None,remove,2,4,0.4870029512322429
wine_quality,mlp,None,remove,2,5,0.4792306076268906
wine_quality,mlp,None,remove,2,6,0.4424799421032933
wine_quality,mlp,None,remove,2,7,0.5192933168444906
wine_quality,mlp,None,remove,2,8,0.40765218998585356
wine_quality,mlp,None,remove,2,9,0.4892178973254375
wine_quality,mlp,ZScore,remove,0,0,0.4669391336034827
wine_quality,mlp,ZScore,remove,0,1,0.552883935179508
wine_quality,mlp,ZScore,remove,0,2,0.48906076946340854
wine_quality,mlp,ZScore,remove,0,3,0.5449756864462926
wine_quality,mlp,ZScore,remove,0,4,0.45435494474262
wine_quality,mlp,ZScore,remove,0,5,0.497541451720621
wine_quality,mlp,ZScore,remove,0,6,0.439531653803214
wine_quality,mlp,ZScore,remove,0,7,0.44335925020766354
wine_quality,mlp,ZScore,remove,0,8,0.49924967539551146
wine_quality,mlp,ZScore,remove,0,9,0.5315949862002972
wine_quality,mlp,ZScore,remove,1,0,0.46041357473147665
wine_quality,mlp,ZScore,remove,1,1,0.5117206710030652
wine_quality,mlp,ZScore,remove,1,2,0.4739287215664669
wine_quality,mlp,ZScore,remove,1,3,0.4295818566251575
wine_quality,mlp,ZScore,remove,1,4,0.4363822654948286
wine_quality,mlp,ZScore,remove,1,5,0.5908710050600318
wine_quality,mlp,ZScore,remove,1,6,0.5760503175216993
wine_quality,mlp,ZScore,remove,1,7,0.5004659943789528
wine_quality,mlp,ZScore,remove,1,8,0.49435794101937214
wine_quality,mlp,ZScore,remove,1,9,0.4488490568372834
wine_quality,mlp,ZScore,remove,2,0,0.4618368868441466
wine_quality,mlp,ZScore,remove,2,1,0.5074201107230938
wine_quality,mlp,ZScore,remove,2,2,0.46953247690129224
wine_quality,mlp,ZScore,remove,2,3,0.502037700574115
wine_quality,mlp,ZScore,remove,2,4,0.4808857480905051
wine_quality,mlp,ZScore,remove,2,5,0.5276689761457386
wine_quality,mlp,ZScore,remove,2,6,0.4921554269268634
wine_quality,mlp,ZScore,remove,2,7,0.5591589053580939
wine_quality,mlp,ZScore,remove,2,8,0.4057275856445451
wine_quality,mlp,ZScore,remove,2,9,0.5246681913924756
wine_quality,mlp,ZScore,clip,0,0,0.4280667298218086
wine_quality,mlp,ZScore,clip,0,1,0.51593588073752
wine_quality,mlp,ZScore,clip,0,2,0.4711842429086252
wine_quality,mlp,ZScore,clip,0,3,0.5389355628129938
wine_quality,mlp,ZScore,clip,0,4,0.4170009880746891
wine_quality,mlp,ZScore,clip,0,5,0.5055024424390699
wine_quality,mlp,ZScore,clip,0,6,0.44073846945526485
wine_quality,mlp,ZScore,clip,0,7,0.4569685881645943
wine_quality,mlp,ZScore,clip,0,8,0.4645394818560641
wine_quality,mlp,ZScore,clip,0,9,0.43534506386969096
wine_quality,mlp,ZScore,clip,1,0,0.4457603121238037
wine_quality,mlp,ZScore,clip,1,1,0.4918025786085071
wine_quality,mlp,ZScore,clip,1,2,0.43617721467864495
wine_quality,mlp,ZScore,clip,1,3,0.4222344242142005
wine_quality,mlp,ZScore,clip,1,4,0.4165210422371495
wine_quality,mlp,ZScore,clip,1,5,0.5791394754714901
wine_quality,mlp,ZScore,clip,1,6,0.480519622060729
wine_quality,mlp,ZScore,clip,1,7,0.49005357941179895
wine_quality,mlp,ZScore,clip,1,8,0.44577043476990746
wine_quality,mlp,ZScore,clip,1,9,0.42768222325496497
wine_quality,mlp,ZScore,clip,2,0,0.5001753894858948
wine_quality,mlp,ZScore,clip,2,1,0.46403992253984916
wine_quality,mlp,ZScore,clip,2,2,0.46213120589737056
wine_quality,mlp,ZScore,clip,2,3,0.46073876461570856
wine_quality,mlp,ZScore,clip,2,4,0.47840380011876504
wine_quality,mlp,ZScore,clip,2,5,0.48539054861184633
wine_quality,mlp,ZScore,clip,2,6,0.4552629322245
wine_quality,mlp,ZScore,clip,2,7,0.5370081043718603
wine_quality,mlp,ZScore,clip,2,8,0.4141827360981824
wine_quality,mlp,ZScore,clip,2,9,0.4935881451618436
wine_quality,mlp,Percentile,remove,0,0,0.9964880701505276
wine_quality,mlp,Percentile,remove,0,1,1.7485123782172485
wine_quality,mlp,Percentile,remove,0,2,1.3632696170242757
wine_quality,mlp,Percentile,remove,0,3,2.249606896940255
wine_quality,mlp,Percentile,remove,0,4,2.3038254902099533
wine_quality,mlp,Percentile,remove,0,5,0.8024007048609525
wine_quality,mlp,Percentile,remove,0,6,0.6991752655607416
wine_quality,mlp,Percentile,remove,0,7,1.0987482884277322
wine_quality,mlp,Percentile,remove,0,8,1.7863975864764312
wine_quality,mlp,Percentile,remove,0,9,2.1012110971052027
wine_quality,mlp,Percentile,remove,1,0,1.6519512580040425
wine_quality,mlp,Percentile,remove,1,1,1.7741539907567527
wine_quality,mlp,Percentile,remove,1,2,2.0778752743572557
wine_quality,mlp,Percentile,remove,1,3,0.7750181595822716
wine_quality,mlp,Percentile,remove,1,4,1.9629144392784044
wine_quality,mlp,Percentile,remove,1,5,1.8141075509035824
wine_quality,mlp,Percentile,remove,1,6,2.089369827112132
wine_quality,mlp,Percentile,remove,1,7,1.0730663662207485
wine_quality,mlp,Percentile,remove,1,8,2.500796299424414
wine_quality,mlp,Percentile,remove,1,9,0.8298304311248804
wine_quality,mlp,Percentile,remove,2,0,0.839804052683105
wine_quality,mlp,Percentile,remove,2,1,1.8046413106047032
wine_quality,mlp,Percentile,remove,2,2,1.1919993705122995
wine_quality,mlp,Percentile,remove,2,3,2.1306904607896247
wine_quality,mlp,Percentile,remove,2,4,0.9934415361426431
wine_quality,mlp,Percentile,remove,2,5,1.6738627757753177
wine_quality,mlp,Percentile,remove,2,6,1.6174718148314529
wine_quality,mlp,Percentile,remove,2,7,2.8203716464436837
wine_quality,mlp,Percentile,remove,2,8,0.9393901567268715
wine_quality,mlp,Percentile,remove,2,9,0.8895666478009077
wine_quality,mlp,Percentile,clip,0,0,0.43538091491092135
wine_quality,mlp,Percentile,clip,0,1,0.5175202737004484
wine_quality,mlp,Percentile,clip,0,2,0.47927885906304746
wine_quality,mlp,Percentile,clip,0,3,0.5253353284788811
wine_quality,mlp,Percentile,clip,0,4,0.42561244555574745
wine_quality,mlp,Percentile,clip,0,5,0.5023937052162316
wine_quality,mlp,Percentile,clip,0,6,0.44370264526260517
wine_quality,mlp,Percentile,clip,0,7,0.4307052559892765
wine_quality,mlp,Percentile,clip,0,8,0.4823103095533089
wine_quality,mlp,Percentile,clip,0,9,0.4224997999935573
wine_quality,mlp,Percentile,clip,1,0,0.4489143597870546
wine_quality,mlp,Percentile,clip,1,1,0.5018575082774385
wine_quality,mlp,Percentile,clip,1,2,0.45178882345576604
wine_quality,mlp,Percentile,clip,1,3,0.42880859622411466
wine_quality,mlp,Percentile,clip,1,4,0.4209391905287204
wine_quality,mlp,Percentile,clip,1,5,0.5481248205252518
wine_quality,mlp,Percentile,clip,1,6,0.47365634974398346
wine_quality,mlp,Percentile,clip,1,7,0.48251983197886933
wine_quality,mlp,Percentile,clip,1,8,0.4468417454230587
wine_quality,mlp,Percentile,clip,1,9,0.42002708781775083
wine_quality,mlp,Percentile,clip,2,0,0.4871061615424761
wine_quality,mlp,Percentile,clip,2,1,0.46306511278525225
wine_quality,mlp,Percentile,clip,2,2,0.46130954592993056
wine_quality,mlp,Percentile,clip,2,3,0.472629910813006
wine_quality,mlp,Percentile,clip,2,4,0.4590905265777526
wine_quality,mlp,Percentile,clip,2,5,0.4803840563745579
wine_quality,mlp,Percentile,clip,2,6,0.4568528663317358
wine_quality,mlp,Percentile,clip,2,7,0.5191051703650935
wine_quality,mlp,Percentile,clip,2,8,0.4047005773356232
wine_quality,mlp,Percentile,clip,2,9,0.46963699935115377
wine_quality,mlp,IsolationForest,remove,0,0,0.5089546569537654
wine_quality,mlp,IsolationForest,remove,0,1,0.5396065759238522
wine_quality,mlp,IsolationForest,remove,0,2,0.5039337240069061
wine_quality,mlp,IsolationForest,remove,0,3,0.5731901548953855
wine_quality,mlp,IsolationForest,remove,0,4,0.42617693214463614
wine_quality,mlp,IsolationForest,remove,0,5,0.4881828430138175
wine_quality,mlp,IsolationForest,remove,0,6,0.44336155471699584
wine_quality,mlp,IsolationForest,remove,0,7,0.45857659379852966
wine_quality,mlp,IsolationForest,remove,0,8,0.48672719949355286
wine_quality,mlp,IsolationForest,remove,0,9,0.5133662238802815
wine_quality,mlp,IsolationForest,remove,1,0,0.477812669322093
wine_quality,mlp,IsolationForest,remove,1,1,0.48668913383079726
wine_quality,mlp,IsolationForest,remove,1,2,0.465294728075536
wine_quality,mlp,IsolationForest,remove,1,3,0.43340382137613287
wine_quality,mlp,IsolationForest,remove,1,4,0.43362248055798447
wine_quality,mlp,IsolationForest,remove,1,5,0.5713771155127556
wine_quality,mlp,IsolationForest,remove,1,6,0.60787248874217
wine_quality,mlp,IsolationForest,remove,1,7,0.49141818211424515
wine_quality,mlp,IsolationForest,remove,1,8,0.44582963006866305
wine_quality,mlp,IsolationForest,remove,1,9,0.45016543983023033
wine_quality,mlp,IsolationForest,remove,2,0,0.4630163721558668
wine_quality,mlp,IsolationForest,remove,2,1,0.4903131728716429
wine_quality,mlp,IsolationForest,remove,2,2,0.4896890202545807
wine_quality,mlp,IsolationForest,remove,2,3,0.4856003897614754
wine_quality,mlp,IsolationForest,remove,2,4,0.5046714442051903
wine_quality,mlp,IsolationForest,remove,2,5,0.5113705471815905
wine_quality,mlp,IsolationForest,remove,2,6,0.47736434785180154
wine_quality,mlp,IsolationForest,remove,2,7,0.5476698264870179
wine_quality,mlp,IsolationForest,remove,2,8,0.4038903313444655
wine_quality,mlp,IsolationForest,remove,2,9,0.4848388551212175
wine_quality,mlp,LOF,remove,0,0,0.4599296478125633
wine_quality,mlp,LOF,remove,0,1,0.515041584028422
wine_quality,mlp,LOF,remove,0,2,0.5020225118612855
wine_quality,mlp,LOF,remove,0,3,0.5520602714311471
wine_quality,mlp,LOF,remove,0,4,0.406935076474539
wine_quality,mlp,LOF,remove,0,5,0.4893059533395597
wine_quality,mlp,LOF,remove,0,6,0.4525564771807299
wine_quality,mlp,LOF,remove,0,7,0.4589068220704621
wine_quality,mlp,LOF,remove,0,8,0.48845866520079595
wine_quality,mlp,LOF,remove,0,9,0.43465370127185954
wine_quality,mlp,LOF,remove,1,0,0.4615863648679124
wine_quality,mlp,LOF,remove,1,1,0.4816380591470655
wine_quality,mlp,LOF,remove,1,2,0.45369837874698427
wine_quality,mlp,LOF,remove,1,3,0.4344215802050201
wine_quality,mlp,LOF,remove,1,4,0.4142633411633927
wine_quality,mlp,LOF,remove,1,5,0.5763471733848066
wine_quality,mlp,LOF,remove,1,6,0.4738182202834732
wine_quality,mlp,LOF,remove,1,7,0.50816622783833
wine_quality,mlp,LOF,remove,1,8,0.4530310348377486
wine_quality,mlp,LOF,remove,1,9,0.4385512943139792
wine_quality,mlp,LOF,remove,2,0,0.4616217588373687
wine_quality,mlp,LOF,remove,2,1,0.4535833374464481
wine_quality,mlp,LOF,remove,2,2,0.4566719918631358
wine_quality,mlp,LOF,remove,2,3,0.493440567760428
wine_quality,mlp,LOF,remove,2,4,0.48554459403132155
wine_quality,mlp,LOF,remove,2,5,0.4707756636240342
wine_quality,mlp,LOF,remove,2,6,0.46915254317803307
wine_quality,mlp,LOF,remove,2,7,0.5232325297303575
wine_quality,mlp,LOF,remove,2,8,0.402269435200974
wine_quality,mlp,LOF,remove,2,9,0.5014183930580431
wine_quality,mlp,Autoencoder,remove,0,0,0.4781902211801172
wine_quality,mlp,Autoencoder,remove,0,1,0.5191254748008954
wine_quality,mlp,Autoencoder,remove,0,2,0.49083391214539307
wine_quality,mlp,Autoencoder,remove,0,3,0.544535006076872
wine_quality,mlp,Autoencoder,remove,0,4,0.42847827618139456
wine_quality,mlp,Autoencoder,remove,0,5,0.4942501208703769
wine_quality,mlp,Autoencoder,remove,0,6,0.46005121497343066
wine_quality,mlp,Autoencoder,remove,0,7,0.46963298764824735
wine_quality,mlp,Autoencoder,remove,0,8,0.47253217720664953
wine_quality,mlp,Autoencoder,remove,0,9,0.4453716389995664
wine_quality,mlp,Autoencoder,remove,1,0,0.4610650754135399
wine_quality,mlp,Autoencoder,remove,1,1,0.4869541207108462
wine_quality,mlp,Autoencoder,remove,1,2,0.4477894784256989
wine_quality,mlp,Autoencoder,remove,1,3,0.43249918814914273
wine_quality,mlp,Autoencoder,remove,1,4,0.42881061967967293
wine_quality,mlp,Autoencoder,remove,1,5,0.5882499399733813
wine_quality,mlp,Autoencoder,remove,1,6,0.48878464772226826
wine_quality,mlp,Autoencoder,remove,1,7,0.5057258095353703
wine_quality,mlp,Autoencoder,remove,1,8,0.4547587278196565
wine_quality,mlp,Autoencoder,remove,1,9,0.44693487316174935
wine_quality,mlp,Autoencoder,remove,2,0,0.4643439621127871
wine_quality,mlp,Autoencoder,remove,2,1,0.4757366849798436
wine_quality,mlp,Autoencoder,remove,2,2,0.48091594584132946
wine_quality,mlp,Autoencoder,remove,2,3,0.47764703507532946
wine_quality,mlp,Autoencoder,remove,2,4,0.5041023780767163
wine_quality,mlp,Autoencoder,remove,2,5,0.4769827429832891
wine_quality,mlp,Autoencoder,remove,2,6,0.4570143799918961
wine_quality,mlp,Autoencoder,remove,2,7,0.5280596899462281
wine_quality,mlp,Autoencoder,remove,2,8,0.4059097474040075
wine_quality,mlp,Autoencoder,remove,2,9,0.5032225781686837
wine_quality,xgboost,None,remove,0,0,0.3827880024909973
wine_quality,xgboost,None,remove,0,1,0.43806788325309753
wine_quality,xgboost,None,remove,0,2,0.4396325349807739
wine_quality,xgboost,None,remove,0,3,0.5209618806838989
wine_quality,xgboost,None,remove,0,4,0.3931737542152405
wine_quality,xgboost,None,remove,0,5,0.44783133268356323
wine_quality,xgboost,None,remove,0,6,0.42211490869522095
wine_quality,xgboost,None,remove,0,7,0.41764721274375916
wine_quality,xgboost,None,remove,0,8,0.4569980800151825
wine_quality,xgboost,None,remove,0,9,0.3968536853790283
wine_quality,xgboost,None,remove,1,0,0.45672672986984253
wine_quality,xgboost,None,remove,1,1,0.41031521558761597
wine_quality,xgboost,None,remove,1,2,0.4021477997303009
wine_quality,xgboost,None,remove,1,3,0.3678470253944397
wine_quality,xgboost,None,remove,1,4,0.38839957118034363
wine_quality,xgboost,None,remove,1,5,0.47772693634033203
wine_quality,xgboost,None,remove,1,6,0.40190500020980835
wine_quality,xgboost,None,remove,1,7,0.4390661120414734
wine_quality,xgboost,None,remove,1,8,0.45444348454475403
wine_quality,xgboost,None,remove,1,9,0.4237593710422516
wine_quality,xgboost,None,remove,2,0,0.4270952641963959
wine_quality,xgboost,None,remove,2,1,0.40363678336143494
wine_quality,xgboost,None,remove,2,2,0.48406755924224854
wine_quality,xgboost,None,remove,2,3,0.4729706346988678
wine_quality,xgboost,None,remove,2,4,0.4538719356060028
wine_quality,xgboost,None,remove,2,5,0.45242831110954285
wine_quality,xgboost,None,remove,2,6,0.39281579852104187
wine_quality,xgboost,None,remove,2,7,0.43904414772987366
wine_quality,xgboost,None,remove,2,8,0.37905484437942505
wine_quality,xgboost,None,remove,2,9,0.43243202567100525
wine_quality,xgboost,ZScore,remove,0,0,0.4021129012107849
wine_quality,xgboost,ZScore,remove,0,1,0.45190033316612244
wine_quality,xgboost,ZScore,remove,0,2,0.4751688241958618
wine_quality,xgboost,ZScore,remove,0,3,0.4946739375591278
wine_quality,xgboost,ZScore,remove,0,4,0.4290657043457031
wine_quality,xgboost,ZScore,remove,0,5,0.4926709830760956
wine_quality,xgboost,ZScore,remove,0,6,0.41935303807258606
wine_quality,xgboost,ZScore,remove,0,7,0.4680468738079071
wine_quality,xgboost,ZScore,remove,0,8,0.44780391454696655
wine_quality,xgboost,ZScore,remove,0,9,0.38060781359672546
wine_quality,xgboost,ZScore,remove,1,0,0.46372973918914795
wine_quality,xgboost,ZScore,remove,1,1,0.4264311194419861
wine_quality,xgboost,ZScore,remove,1,2,0.4631619155406952
wine_quality,xgboost,ZScore,remove,1,3,0.40479734539985657
wine_quality,xgboost,ZScore,remove,1,4,0.3735836446285248
wine_quality,xgboost,ZScore,remove,1,5,0.5168651342391968
wine_quality,xgboost,ZScore,remove,1,6,0.4153054356575012
wine_quality,xgboost,ZScore,remove,1,7,0.4197985529899597
wine_quality,xgboost,ZScore,remove,1,8,0.44524234533309937
wine_quality,xgboost,ZScore,remove,1,9,0.38359764218330383
wine_quality,xgboost,ZScore,remove,2,0,0.4345337152481079
wine_quality,xgboost,ZScore,remove,2,1,0.38348153233528137
wine_quality,xgboost,ZScore,remove,2,2,0.46057894825935364
wine_quality,xgboost,ZScore,remove,2,3,0.4802579879760742
wine_quality,xgboost,ZScore,remove,2,4,0.46169063448905945
wine_quality,xgboost,ZScore,remove,2,5,0.47777822613716125
wine_quality,xgboost,ZScore,remove,2,6,0.41968682408332825
wine_quality,xgboost,ZScore,remove,2,7,0.3983429968357086
wine_quality,xgboost,ZScore,remove,2,8,0.37927091121673584
wine_quality,xgboost,ZScore,remove,2,9,0.4502784013748169
wine_quality,xgboost,ZScore,clip,0,0,0.3680940866470337
wine_quality,xgboost,ZScore,clip,0,1,0.45193856954574585
wine_quality,xgboost,ZScore,clip,0,2,0.434699684381485
wine_quality,xgboost,ZScore,clip,0,3,0.5051753520965576
wine_quality,xgboost,ZScore,clip,0,4,0.38321352005004883
wine_quality,xgboost,ZScore,clip,0,5,0.4770964980125427
wine_quality,xgboost,ZScore,clip,0,6,0.4086427092552185
wine_quality,xgboost,ZScore,clip,0,7,0.42084988951683044
wine_quality,xgboost,ZScore,clip,0,8,0.48804518580436707
wine_quality,xgboost,ZScore,clip,0,9,0.4275839328765869
wine_quality,xgboost,ZScore,clip,1,0,0.41065484285354614
wine_quality,xgboost,ZScore,clip,1,1,0.3929060399532318
wine_quality,xgboost,ZScore,clip,1,2,0.3938463628292084
wine_quality,xgboost,ZScore,clip,1,3,0.3599672317504883
wine_quality,xgboost,ZScore,clip,1,4,0.37467876076698303
wine_quality,xgboost,ZScore,clip,1,5,0.5000777840614319
wine_quality,xgboost,ZScore,clip,1,6,0.4128863215446472
wine_quality,xgboost,ZScore,clip,1,7,0.44627273082733154
wine_quality,xgboost,ZScore,clip,1,8,0.4371693730354309
wine_quality,xgboost,ZScore,clip,1,9,0.39473462104797363
wine_quality,xgboost,ZScore,clip,2,0,0.4199196994304657
wine_quality,xgboost,ZScore,clip,2,1,0.39096900820732117
wine_quality,xgboost,ZScore,clip,2,2,0.48984581232070923
wine_quality,xgboost,ZScore,clip,2,3,0.46473151445388794
wine_quality,xgboost,ZScore,clip,2,4,0.4180835485458374
wine_quality,xgboost,ZScore,clip,2,5,0.42939865589141846
wine_quality,xgboost,ZScore,clip,2,6,0.37439629435539246
wine_quality,xgboost,ZScore,clip,2,7,0.40654483437538147
wine_quality,xgboost,ZScore,clip,2,8,0.3677282929420471
wine_quality,xgboost,ZScore,clip,2,9,0.42210879921913147
wine_quality,xgboost,Percentile,remove,0,0,0.6303295493125916
wine_quality,xgboost,Percentile,remove,0,1,0.6520518064498901
wine_quality,xgboost,Percentile,remove,0,2,0.5985928177833557
wine_quality,xgboost,Percentile,remove,0,3,0.6256228089332581
wine_quality,xgboost,Percentile,remove,0,4,0.5406476259231567
wine_quality,xgboost,Percentile,remove,0,5,0.6093728542327881
wine_quality,xgboost,Percentile,remove,0,6,0.5816670656204224
wine_quality,xgboost,Percentile,remove,0,7,0.7077293992042542
wine_quality,xgboost,Percentile,remove,0,8,0.5825475454330444
wine_quality,xgboost,Percentile,remove,0,9,0.47767138481140137
wine_quality,xgboost,Percentile,remove,1,0,0.608745813369751
wine_quality,xgboost,Percentile,remove,1,1,0.6484889984130859
wine_quality,xgboost,Percentile,remove,1,2,0.5908699631690979
wine_quality,xgboost,Percentile,remove,1,3,0.5706726908683777
wine_quality,xgboost,Percentile,remove,1,4,0.6251356601715088
wine_quality,xgboost,Percentile,remove,1,5,0.6738066077232361
wine_quality,xgboost,Percentile,remove,1,6,0.5345544219017029
wine_quality,xgboost,Percentile,remove,1,7,0.6172574162483215
wine_quality,xgboost,Percentile,remove,1,8,0.5886346101760864
wine_quality,xgboost,Percentile,remove,1,9,0.5309412479400635
wine_quality,xgboost,Percentile,remove,2,0,0.5418250560760498
wine_quality,xgboost,Percentile,remove,2,1,0.5300342440605164
wine_quality,xgboost,Percentile,remove,2,2,0.6158715486526489
wine_quality,xgboost,Percentile,remove,2,3,0.5860435962677002
wine_quality,xgboost,Percentile,remove,2,4,0.5648658275604248
wine_quality,xgboost,Percentile,remove,2,5,0.6225684285163879
wine_quality,xgboost,Percentile,remove,2,6,0.7354114055633545
wine_quality,xgboost,Percentile,remove,2,7,0.6070325970649719
wine_quality,xgboost,Percentile,remove,2,8,0.5324558019638062
wine_quality,xgboost,Percentile,remove,2,9,0.6117311120033264
wine_quality,xgboost,Percentile,clip,0,0,0.39991629123687744
wine_quality,xgboost,Percentile,clip,0,1,0.47790542244911194
wine_quality,xgboost,Percentile,clip,0,2,0.4364234507083893
wine_quality,xgboost,Percentile,clip,0,3,0.4730242192745209
wine_quality,xgboost,Percentile,clip,0,4,0.42213737964630127
wine_quality,xgboost,Percentile,clip,0,5,0.4929397702217102
wine_quality,xgboost,Percentile,clip,0,6,0.41093334555625916
wine_quality,xgboost,Percentile,clip,0,7,0.4292198121547699
wine_quality,xgboost,Percentile,clip,0,8,0.4996500313282013
wine_quality,xgboost,Percentile,clip,0,9,0.397723525762558
wine_quality,xgboost,Percentile,clip,1,0,0.4303968846797943
wine_quality,xgboost,Percentile,clip,1,1,0.43313631415367126
wine_quality,xgboost,Percentile,clip,1,2,0.4218599498271942
wine_quality,xgboost,Percentile,clip,1,3,0.3754887282848358
wine_quality,xgboost,Percentile,clip,1,4,0.3981662094593048
wine_quality,xgboost,Percentile,clip,1,5,0.5070825219154358
wine_quality,xgboost,Percentile,clip,1,6,0.4255578815937042
wine_quality,xgboost,Percentile,clip,1,7,0.46259111166000366
wine_quality,xgboost,Percentile,clip,1,8,0.45212188363075256
wine_quality,xgboost,Percentile,clip,1,9,0.3829679489135742
wine_quality,xgboost,Percentile,clip,2,0,0.4445703625679016
wine_quality,xgboost,Percentile,clip,2,1,0.4209023714065552
wine_quality,xgboost,Percentile,clip,2,2,0.4852806329727173
wine_quality,xgboost,Percentile,clip,2,3,0.45278045535087585
wine_quality,xgboost,Percentile,clip,2,4,0.45723775029182434
wine_quality,xgboost,Percentile,clip,2,5,0.4395589530467987
wine_quality,xgboost,Percentile,clip,2,6,0.40070340037345886
wine_quality,xgboost,Percentile,clip,2,7,0.4467322528362274
wine_quality,xgboost,Percentile,clip,2,8,0.3662964999675751
wine_quality,xgboost,Percentile,clip,2,9,0.46075114607810974
wine_quality,xgboost,IsolationForest,remove,0,0,0.39518725872039795
wine_quality,xgboost,IsolationForest,remove,0,1,0.4399075210094452
wine_quality,xgboost,IsolationForest,remove,0,2,0.4333140254020691
wine_quality,xgboost,IsolationForest,remove,0,3,0.48069193959236145
wine_quality,xgboost,IsolationForest,remove,0,4,0.42434823513031006
wine_quality,xgboost,IsolationForest,remove,0,5,0.4638519287109375
wine_quality,xgboost,IsolationForest,remove,0,6,0.4244379699230194
wine_quality,xgboost,IsolationForest,remove,0,7,0.434507817029953
wine_quality,xgboost,IsolationForest,remove,0,8,0.48849713802337646
wine_quality,xgboost,IsolationForest,remove,0,9,0.44889959692955017
wine_quality,xgboost,IsolationForest,remove,1,0,0.4212876856327057
wine_quality,xgboost,IsolationForest,remove,1,1,0.42442116141319275
wine_quality,xgboost,IsolationForest,remove,1,2,0.4392356276512146
wine_quality,xgboost,IsolationForest,remove,1,3,0.3917582929134369
wine_quality,xgboost,IsolationForest,remove,1,4,0.44368603825569153
wine_quality,xgboost,IsolationForest,remove,1,5,0.5222390294075012
wine_quality,xgboost,IsolationForest,remove,1,6,0.4137290120124817
wine_quality,xgboost,IsolationForest,remove,1,7,0.43964895606040955
wine_quality,xgboost,IsolationForest,remove,1,8,0.41840970516204834
wine_quality,xgboost,IsolationForest,remove,1,9,0.41619160771369934
wine_quality,xgboost,IsolationForest,remove,2,0,0.43078723549842834
wine_quality,xgboost,IsolationForest,remove,2,1,0.39493483304977417
wine_quality,xgboost,IsolationForest,remove,2,2,0.4799485504627228
wine_quality,xgboost,IsolationForest,remove,2,3,0.4699328541755676
wine_quality,xgboost,IsolationForest,remove,2,4,0.4565809369087219
wine_quality,xgboost,IsolationForest,remove,2,5,0.47294050455093384
wine_quality,xgboost,IsolationForest,remove,2,6,0.41147905588150024
wine_quality,xgboost,IsolationForest,remove,2,7,0.44254520535469055
wine_quality,xgboost,IsolationForest,remove,2,8,0.3662796914577484
wine_quality,xgboost,IsolationForest,remove,2,9,0.4513307213783264
wine_quality,xgboost,LOF,remove,0,0,0.38885945081710815
wine_quality,xgboost,LOF,remove,0,1,0.4284021556377411
wine_quality,xgboost,LOF,remove,0,2,0.439104288816452
wine_quality,xgboost,LOF,remove,0,3,0.5136147141456604
wine_quality,xgboost,LOF,remove,0,4,0.39202821254730225
wine_quality,xgboost,LOF,remove,0,5,0.4599990248680115
wine_quality,xgboost,LOF,remove,0,6,0.3750273585319519
wine_quality,xgboost,LOF,remove,0,7,0.4066912829875946
wine_quality,xgboost,LOF,remove,0,8,0.49393361806869507
wine_quality,xgboost,LOF,remove,0,9,0.4542641043663025
wine_quality,xgboost,LOF,remove,1,0,0.44331395626068115
wine_quality,xgboost,LOF,remove,1,1,0.45181867480278015
wine_quality,xgboost,LOF,remove,1,2,0.4465201795101166
wine_quality,xgboost,LOF,remove,1,3,0.37490832805633545
wine_quality,xgboost,LOF,remove,1,4,0.400692343711853
wine_quality,xgboost,LOF,remove,1,5,0.5104244947433472
wine_quality,xgboost,LOF,remove,1,6,0.3886285126209259
wine_quality,xgboost,LOF,remove,1,7,0.42959150671958923
wine_quality,xgboost,LOF,remove,1,8,0.4523368775844574
wine_quality,xgboost,LOF,remove,1,9,0.43098577857017517
wine_quality,xgboost,LOF,remove,2,0,0.4630240201950073
wine_quality,xgboost,LOF,remove,2,1,0.37625181674957275
wine_quality,xgboost,LOF,remove,2,2,0.4630725681781769
wine_quality,xgboost,LOF,remove,2,3,0.4941815733909607
wine_quality,xgboost,LOF,remove,2,4,0.45223838090896606
wine_quality,xgboost,LOF,remove,2,5,0.46334347128868103
wine_quality,xgboost,LOF,remove,2,6,0.4125661253929138
wine_quality,xgboost,LOF,remove,2,7,0.4359153211116791
wine_quality,xgboost,LOF,remove,2,8,0.37724196910858154
wine_quality,xgboost,LOF,remove,2,9,0.4495849907398224
wine_quality,xgboost,Autoencoder,remove,0,0,0.4250044822692871
wine_quality,xgboost,Autoencoder,remove,0,1,0.49076181650161743
wine_quality,xgboost,Autoencoder,remove,0,2,0.47480112314224243
wine_quality,xgboost,Autoencoder,remove,0,3,0.528049111366272
wine_quality,xgboost,Autoencoder,remove,0,4,0.4213782846927643
wine_quality,xgboost,Autoencoder,remove,0,5,0.45599958300590515
wine_quality,xgboost,Autoencoder,remove,0,6,0.4004778563976288
wine_quality,xgboost,Autoencoder,remove,0,7,0.4626756012439728
wine_quality,xgboost,Autoencoder,remove,0,8,0.4733123779296875
wine_quality,xgboost,Autoencoder,remove,0,9,0.43627074360847473
wine_quality,xgboost,Autoencoder,remove,1,0,0.4629312753677368
wine_quality,xgboost,Autoencoder,remove,1,1,0.4066592752933502
wine_quality,xgboost,Autoencoder,remove,1,2,0.41938620805740356
wine_quality,xgboost,Autoencoder,remove,1,3,0.39962100982666016
wine_quality,xgboost,Autoencoder,remove,1,4,0.4070267379283905
wine_quality,xgboost,Autoencoder,remove,1,5,0.5422898530960083
wine_quality,xgboost,Autoencoder,remove,1,6,0.4184446930885315
wine_quality,xgboost,Autoencoder,remove,1,7,0.45231157541275024
wine_quality,xgboost,Autoencoder,remove,1,8,0.4625728726387024
wine_quality,xgboost,Autoencoder,remove,1,9,0.3977675437927246
wine_quality,xgboost,Autoencoder,remove,2,0,0.44484996795654297
wine_quality,xgboost,Autoencoder,remove,2,1,0.39732280373573303
wine_quality,xgboost,Autoencoder,remove,2,2,0.46147677302360535
wine_quality,xgboost,Autoencoder,remove,2,3,0.4592842757701874
wine_quality,xgboost,Autoencoder,remove,2,4,0.4540395736694336
wine_quality,xgboost,Autoencoder,remove,2,5,0.4736934006214142
wine_quality,xgboost,Autoencoder,remove,2,6,0.45223045349121094
wine_quality,xgboost,Autoencoder,remove,2,7,0.427929162979126
wine_quality,xgboost,Autoencoder,remove,2,8,0.35792240500450134
wine_quality,xgboost,Autoencoder,remove,2,9,0.4313414692878723
wine_quality,randomforest,None,remove,0,0,0.31867355769230776
wine_quality,randomforest,None,remove,0,1,0.418175
wine_quality,randomforest,None,remove,0,2,0.41631514423076926
wine_quality,randomforest,None,remove,0,3,0.43694230769230774
wine_quality,randomforest,None,remove,0,4,0.36332379807692305
wine_quality,randomforest,None,remove,0,5,0.41024278846153844
wine_quality,randomforest,None,remove,0,6,0.3599865384615385
wine_quality,randomforest,None,remove,0,7,0.3966260240963856
wine_quality,randomforest,None,remove,0,8,0.39114795180722894
wine_quality,randomforest,None,remove,0,9,0.3615424096385542
wine_quality,randomforest,None,remove,1,0,0.3818341346153847
wine_quality,randomforest,None,remove,1,1,0.3871774038461539
wine_quality,randomforest,None,remove,1,2,0.39712355769230767
wine_quality,randomforest,None,remove,1,3,0.33185360576923084
wine_quality,randomforest,None,remove,1,4,0.3474653846153846
wine_quality,randomforest,None,remove,1,5,0.4671420673076923
wine_quality,randomforest,None,remove,1,6,0.35299831730769227
wine_quality,randomforest,None,remove,1,7,0.4098872289156627
wine_quality,randomforest,None,remove,1,8,0.3929407228915663
wine_quality,randomforest,None,remove,1,9,0.34204650602409636
wine_quality,randomforest,None,remove,2,0,0.39245192307692306
wine_quality,randomforest,None,remove,2,1,0.36816057692307697
wine_quality,randomforest,None,remove,2,2,0.4117533653846154
wine_quality,randomforest,None,remove,2,3,0.3982319711538461
wine_quality,randomforest,None,remove,2,4,0.39833004807692307
wine_quality,randomforest,None,remove,2,5,0.3785098557692308
wine_quality,randomforest,None,remove,2,6,0.3532665865384616
wine_quality,randomforest,None,remove,2,7,0.3951551807228915
wine_quality,randomforest,None,remove,2,8,0.34512216867469886
wine_quality,randomforest,None,remove,2,9,0.39989566265060245
wine_quality,randomforest,ZScore,remove,0,0,0.33438990384615386
wine_quality,randomforest,ZScore,remove,0,1,0.4233733173076923
wine_quality,randomforest,ZScore,remove,0,2,0.4103055288461539
wine_quality,randomforest,ZScore,remove,0,3,0.4570639423076923
wine_quality,randomforest,ZScore,remove,0,4,0.3757742788461539
wine_quality,randomforest,ZScore,remove,0,5,0.41330288461538467
wine_quality,randomforest,ZScore,remove,0,6,0.36476586538461536
wine_quality,randomforest,ZScore,remove,0,7,0.4111477108433735
wine_quality,randomforest,ZScore,remove,0,8,0.3921780722891566
wine_quality,randomforest,ZScore,remove,0,9,0.3530749397590362
wine_quality,randomforest,ZScore,remove,1,0,0.3797360576923077
wine_quality,randomforest,ZScore,remove,1,1,0.41040456730769226
wine_quality,randomforest,ZScore,remove,1,2,0.418221875
wine_quality,randomforest,ZScore,remove,1,3,0.32879807692307683
wine_quality,randomforest,ZScore,remove,1,4,0.35737331730769234
wine_quality,randomforest,ZScore,remove,1,5,0.47063677884615385
wine_quality,randomforest,ZScore,remove,1,6,0.3750254807692308
wine_quality,randomforest,ZScore,remove,1,7,0.4185554216867469
wine_quality,randomforest,ZScore,remove,1,8,0.39162698795180717
wine_quality,randomforest,ZScore,remove,1,9,0.35493445783132527
wine_quality,randomforest,ZScore,remove,2,0,0.39649206730769226
wine_quality,randomforest,ZScore,remove,2,1,0.38304254807692306
wine_quality,randomforest,ZScore,remove,2,2,0.4182485576923077
wine_quality,randomforest,ZScore,remove,2,3,0.4111173076923077
wine_quality,randomforest,ZScore,remove,2,4,0.4031591346153846
wine_quality,randomforest,ZScore,remove,2,5,0.40189374999999994
wine_quality,randomforest,ZScore,remove,2,6,0.35549903846153846
wine_quality,randomforest,ZScore,remove,2,7,0.3832867469879518
wine_quality,randomforest,ZScore,remove,2,8,0.35342000000000007
wine_quality,randomforest,ZScore,remove,2,9,0.415842891566265
wine_quality,randomforest,ZScore,clip,0,0,0.3214425480769231
wine_quality,randomforest,ZScore,clip,0,1,0.41619951923076925
wine_quality,randomforest,ZScore,clip,0,2,0.41909254807692314
wine_quality,randomforest,ZScore,clip,0,3,0.44127524038461535
wine_quality,randomforest,ZScore,clip,0,4,0.36332740384615386
wine_quality,randomforest,ZScore,clip,0,5,0.4100161057692308
wine_quality,randomforest,ZScore,clip,0,6,0.35878942307692313
wine_quality,randomforest,ZScore,clip,0,7,0.39434554216867473
wine_quality,randomforest,ZScore,clip,0,8,0.3896713253012048
wine_quality,randomforest,ZScore,clip,0,9,0.358872048192771
wine_quality,randomforest,ZScore,clip,1,0,0.37679951923076926
wine_quality,randomforest,ZScore,clip,1,1,0.38802091346153844
wine_quality,randomforest,ZScore,clip,1,2,0.39367932692307694
wine_quality,randomforest,ZScore,clip,1,3,0.3345401442307692
wine_quality,randomforest,ZScore,clip,1,4,0.3527735576923077
wine_quality,randomforest,ZScore,clip,1,5,0.4702588942307692
wine_quality,randomforest,ZScore,clip,1,6,0.3513271634615385
wine_quality,randomforest,ZScore,clip,1,7,0.4132908433734939
wine_quality,randomforest,ZScore,clip,1,8,0.39815084337349393
wine_quality,randomforest,ZScore,clip,1,9,0.3386286746987952
wine_quality,randomforest,ZScore,clip,2,0,0.3865949519230769
wine_quality,randomforest,ZScore,clip,2,1,0.36895625000000004
wine_quality,randomforest,ZScore,clip,2,2,0.4122901442307692
wine_quality,randomforest,ZScore,clip,2,3,0.40431346153846154
wine_quality,randomforest,ZScore,clip,2,4,0.4031112980769231
wine_quality,randomforest,ZScore,clip,2,5,0.3787141826923077
wine_quality,randomforest,ZScore,clip,2,6,0.35002451923076927
wine_quality,randomforest,ZScore,clip,2,7,0.3950742168674699
wine_quality,randomforest,ZScore,clip,2,8,0.3450850602409639
wine_quality,randomforest,ZScore,clip,2,9,0.39411831325301205
wine_quality,randomforest,Percentile,remove,0,0,0.4531540865384616
wine_quality,randomforest,Percentile,remove,0,1,0.5789882211538462
wine_quality,randomforest,Percentile,remove,0,2,0.5434180288461539
wine_quality,randomforest,Percentile,remove,0,3,0.5503620192307691
wine_quality,randomforest,Percentile,remove,0,4,0.4860187499999999
wine_quality,randomforest,Percentile,remove,0,5,0.5074009615384616
wine_quality,randomforest,Percentile,remove,0,6,0.46593557692307697
wine_quality,randomforest,Percentile,remove,0,7,0.5304518072289156
wine_quality,randomforest,Percentile,remove,0,8,0.5355175903614457
wine_quality,randomforest,Percentile,remove,0,9,0.4273821686746987
wine_quality,randomforest,Percentile,remove,1,0,0.5092790865384615
wine_quality,randomforest,Percentile,remove,1,1,0.5392286057692308
wine_quality,randomforest,Percentile,remove,1,2,0.5054632211538462
wine_quality,randomforest,Percentile,remove,1,3,0.45411490384615383
wine_quality,randomforest,Percentile,remove,1,4,0.48979182692307693
wine_quality,randomforest,Percentile,remove,1,5,0.6017992788461538
wine_quality,randomforest,Percentile,remove,1,6,0.45065769230769226
wine_quality,randomforest,Percentile,remove,1,7,0.5427913253012049
wine_quality,randomforest,Percentile,remove,1,8,0.4604339759036145
wine_quality,randomforest,Percentile,remove,1,9,0.47982337349397586
wine_quality,randomforest,Percentile,remove,2,0,0.4625033653846154
wine_quality,randomforest,Percentile,remove,2,1,0.5038853365384616
wine_quality,randomforest,Percentile,remove,2,2,0.519976201923077
wine_quality,randomforest,Percentile,remove,2,3,0.5337829326923077
wine_quality,randomforest,Percentile,remove,2,4,0.5067165865384615
wine_quality,randomforest,Percentile,remove,2,5,0.5133365384615384
wine_quality,randomforest,Percentile,remove,2,6,0.5318132211538461
wine_quality,randomforest,Percentile,remove,2,7,0.5423260240963855
wine_quality,randomforest,Percentile,remove,2,8,0.44123349397590367
wine_quality,randomforest,Percentile,remove,2,9,0.5322918072289157
wine_quality,randomforest,Percentile,clip,0,0,0.32640360576923083
wine_quality,randomforest,Percentile,clip,0,1,0.42352812500000003
wine_quality,randomforest,Percentile,clip,0,2,0.4135810096153847
wine_quality,randomforest,Percentile,clip,0,3,0.4261713942307693
wine_quality,randomforest,Percentile,clip,0,4,0.3707300480769231
wine_quality,randomforest,Percentile,clip,0,5,0.4112824519230769
wine_quality,randomforest,Percentile,clip,0,6,0.3620586538461538
wine_quality,randomforest,Percentile,clip,0,7,0.39113590361445777
wine_quality,randomforest,Percentile,clip,0,8,0.3898884337349398
wine_quality,randomforest,Percentile,clip,0,9,0.3612320481927711
wine_quality,randomforest,Percentile,clip,1,0,0.38757451923076924
wine_quality,randomforest,Percentile,clip,1,1,0.3921216346153846
wine_quality,randomforest,Percentile,clip,1,2,0.39165168269230766
wine_quality,randomforest,Percentile,clip,1,3,0.3405632211538462
wine_quality,randomforest,Percentile,clip,1,4,0.34703052884615393
wine_quality,randomforest,Percentile,clip,1,5,0.4627617788461538
wine_quality,randomforest,Percentile,clip,1,6,0.3598492788461538
wine_quality,randomforest,Percentile,clip,1,7,0.408530843373494
wine_quality,randomforest,Percentile,clip,1,8,0.4013653012048193
wine_quality,randomforest,Percentile,clip,1,9,0.3308016867469879
wine_quality,randomforest,Percentile,clip,2,0,0.39287932692307687
wine_quality,randomforest,Percentile,clip,2,1,0.37459783653846157
wine_quality,randomforest,Percentile,clip,2,2,0.4176658653846154
wine_quality,randomforest,Percentile,clip,2,3,0.4173161057692308
wine_quality,randomforest,Percentile,clip,2,4,0.39735168269230764
wine_quality,randomforest,Percentile,clip,2,5,0.37241442307692313
wine_quality,randomforest,Percentile,clip,2,6,0.35563437500000006
wine_quality,randomforest,Percentile,clip,2,7,0.39686409638554215
wine_quality,randomforest,Percentile,clip,2,8,0.34597879518072294
wine_quality,randomforest,Percentile,clip,2,9,0.4057026506024097
wine_quality,randomforest,IsolationForest,remove,0,0,0.34422211538461533
wine_quality,randomforest,IsolationForest,remove,0,1,0.41265144230769235
wine_quality,randomforest,IsolationForest,remove,0,2,0.41674927884615387
wine_quality,randomforest,IsolationForest,remove,0,3,0.44615480769230764
wine_quality,randomforest,IsolationForest,remove,0,4,0.36813701923076925
wine_quality,randomforest,IsolationForest,remove,0,5,0.4025045673076924
wine_quality,randomforest,IsolationForest,remove,0,6,0.3631644230769231
wine_quality,randomforest,IsolationForest,remove,0,7,0.39958554216867465
wine_quality,randomforest,IsolationForest,remove,0,8,0.40154771084337343
wine_quality,randomforest,IsolationForest,remove,0,9,0.373097108433735
wine_quality,randomforest,IsolationForest,remove,1,0,0.3776394230769231
wine_quality,randomforest,IsolationForest,remove,1,1,0.38861105769230764
wine_quality,randomforest,IsolationForest,remove,1,2,0.38503846153846155
wine_quality,randomforest,IsolationForest,remove,1,3,0.33994495192307694
wine_quality,randomforest,IsolationForest,remove,1,4,0.368295673076923
wine_quality,randomforest,IsolationForest,remove,1,5,0.472221875
wine_quality,randomforest,IsolationForest,remove,1,6,0.36564591346153846
wine_quality,randomforest,IsolationForest,remove,1,7,0.4157077108433735
wine_quality,randomforest,IsolationForest,remove,1,8,0.3882180722891566
wine_quality,randomforest,IsolationForest,remove,1,9,0.3465997590361446
wine_quality,randomforest,IsolationForest,remove,2,0,0.3945788461538461
wine_quality,randomforest,IsolationForest,remove,2,1,0.37508149038461536
wine_quality,randomforest,IsolationForest,remove,2,2,0.4261466346153846
wine_quality,randomforest,IsolationForest,remove,2,3,0.4070579326923077
wine_quality,randomforest,IsolationForest,remove,2,4,0.3909612980769231
wine_quality,randomforest,IsolationForest,remove,2,5,0.39341923076923074
wine_quality,randomforest,IsolationForest,remove,2,6,0.35666658653846156
wine_quality,randomforest,IsolationForest,remove,2,7,0.39665349397590355
wine_quality,randomforest,IsolationForest,remove,2,8,0.34929566265060236
wine_quality,randomforest,IsolationForest,remove,2,9,0.4122081927710843
wine_quality,randomforest,LOF,remove,0,0,0.34364302884615394
wine_quality,randomforest,LOF,remove,0,1,0.4176319711538461
wine_quality,randomforest,LOF,remove,0,2,0.4188987980769231
wine_quality,randomforest,LOF,remove,0,3,0.44682043269230765
wine_quality,randomforest,LOF,remove,0,4,0.3731901442307692
wine_quality,randomforest,LOF,remove,0,5,0.4057305288461539
wine_quality,randomforest,LOF,remove,0,6,0.362290625
wine_quality,randomforest,LOF,remove,0,7,0.40619060240963856
wine_quality,randomforest,LOF,remove,0,8,0.40296481927710837
wine_quality,randomforest,LOF,remove,0,9,0.36175855421686753
wine_quality,randomforest,LOF,remove,1,0,0.3721899038461538
wine_quality,randomforest,LOF,remove,1,1,0.39979639423076924
wine_quality,randomforest,LOF,remove,1,2,0.40750600961538463
wine_quality,randomforest,LOF,remove,1,3,0.33307259615384616
wine_quality,randomforest,LOF,remove,1,4,0.3521084134615385
wine_quality,randomforest,LOF,remove,1,5,0.47744567307692304
wine_quality,randomforest,LOF,remove,1,6,0.3599699519230769
wine_quality,randomforest,LOF,remove,1,7,0.4232380722891566
wine_quality,randomforest,LOF,remove,1,8,0.39915325301204824
wine_quality,randomforest,LOF,remove,1,9,0.3566669879518072
wine_quality,randomforest,LOF,remove,2,0,0.38710336538461537
wine_quality,randomforest,LOF,remove,2,1,0.3670629807692307
wine_quality,randomforest,LOF,remove,2,2,0.41946586538461533
wine_quality,randomforest,LOF,remove,2,3,0.41997716346153846
wine_quality,randomforest,LOF,remove,2,4,0.3982052884615384
wine_quality,randomforest,LOF,remove,2,5,0.3974206730769231
wine_quality,randomforest,LOF,remove,2,6,0.3601675480769231
wine_quality,randomforest,LOF,remove,2,7,0.3917636144578313
wine_quality,randomforest,LOF,remove,2,8,0.3587120481927711
wine_quality,randomforest,LOF,remove,2,9,0.4275489156626506
wine_quality,randomforest,Autoencoder,remove,0,0,0.333934375
wine_quality,randomforest,Autoencoder,remove,0,1,0.45186658653846157
wine_quality,randomforest,Autoencoder,remove,0,2,0.4214346153846153
wine_quality,randomforest,Autoencoder,remove,0,3,0.46450048076923084
wine_quality,randomforest,Autoencoder,remove,0,4,0.37995360576923076
wine_quality,randomforest,Autoencoder,remove,0,5,0.4262509615384615
wine_quality,randomforest,Autoencoder,remove,0,6,0.3711338942307692
wine_quality,randomforest,Autoencoder,remove,0,7,0.4348171084337349
wine_quality,randomforest,Autoencoder,remove,0,8,0.4000012048192771
wine_quality,randomforest,Autoencoder,remove,0,9,0.37038265060240966
wine_quality,randomforest,Autoencoder,remove,1,0,0.3722625
wine_quality,randomforest,Autoencoder,remove,1,1,0.3981319711538462
wine_quality,randomforest,Autoencoder,remove,1,2,0.4028956730769231
wine_quality,randomforest,Autoencoder,remove,1,3,0.3349706730769231
wine_quality,randomforest,Autoencoder,remove,1,4,0.3825350961538461
wine_quality,randomforest,Autoencoder,remove,1,5,0.49767283653846156
wine_quality,randomforest,Autoencoder,remove,1,6,0.3932584134615385
wine_quality,randomforest,Autoencoder,remove,1,7,0.43250216867469876
wine_quality,randomforest,Autoencoder,remove,1,8,0.3984821686746988
wine_quality,randomforest,Autoencoder,remove,1,9,0.3643857831325301
wine_quality,randomforest,Autoencoder,remove,2,0,0.4031454326923077
wine_quality,randomforest,Autoencoder,remove,2,1,0.403876923076923
wine_quality,randomforest,Autoencoder,remove,2,2,0.4255668269230769
wine_quality,randomforest,Autoencoder,remove,2,3,0.43057908653846155
wine_quality,randomforest,Autoencoder,remove,2,4,0.3908805288461539
wine_quality,randomforest,Autoencoder,remove,2,5,0.3907475961538462
wine_quality,randomforest,Autoencoder,remove,2,6,0.4070855769230769
wine_quality,randomforest,Autoencoder,remove,2,7,0.39356481927710846
wine_quality,randomforest,Autoencoder,remove,2,8,0.3492867469879518
wine_quality,randomforest,Autoencoder,remove,2,9,0.41300722891566266
